customer_id,signup_date,region,age,plan,contract,payment_method,tenure_months,monthly_charges,support_tickets,late_payments,nps,usage_hours,last_login_days,auto_pay,churn,churn_date
CUST-00001,2024-02-27,Nordeste,26,Básico,Bienal,Pix,28,74.78,0,2,10,44.0,11,Não,0,
CUST-00002,2024-11-29,Sul,33,Premium,Bienal,Pix,19,153.65,1,1,7,44.0,17,Sim,0,
CUST-00003,2020-09-03,Centro-Oeste,42,Básico,Mensal,Boleto,70,42.13,1,2,5,23.4,6,Sim,0,
CUST-00004,2023-10-23,Nordeste,31,Padrão,Mensal,Pix,32,100.03,1,1,8,18.4,2,Não,0,
CUST-00005,2023-07-25,Sudeste,36,Premium,Mensal,Pix,35,147.07,1,0,6,39.4,20,Sim,0,
CUST-00006,2024-10-08,Norte,44,Padrão,Bienal,Cartão,21,90.91,1,1,8,64.6,34,Sim,0,
CUST-00007,2022-05-22,Nordeste,35,Padrão,Mensal,Pix,50,108.4,1,0,3,33.7,1,Não,0,
CUST-00008,2025-10-17,Nordeste,42,Básico,Mensal,Cartão,8,65.8,2,1,7,46.7,5,Não,0,
CUST-00009,2023-10-26,Sudeste,58,Básico,Mensal,Débito automático,32,70.68,3,0,7,26.4,3,Não,1,2026-05-27
CUST-00010,2023-01-05,Sul,37,Básico,Mensal,Cartão,42,54.28,1,1,5,36.7,1,Sim,0,
CUST-00011,2025-03-15,Sudeste,53,Básico,Mensal,Débito automático,15,73.13,1,0,5,10.2,8,Não,0,
CUST-00012,2020-07-06,Centro-Oeste,46,Básico,Anual,Boleto,72,59.2,3,0,7,25.3,2,Não,0,
CUST-00013,2024-04-27,Nordeste,21,Básico,Mensal,Boleto,26,55.02,0,0,5,18.1,2,Sim,0,
CUST-00014,2025-04-11,Nordeste,26,Básico,Mensal,Débito automático,14,43.62,0,1,1,78.7,15,Não,1,2026-04-18
CUST-00015,2024-04-04,Sul,29,Básico,Anual,Cartão,27,39.0,1,1,5,32.7,6,Não,0,
CUST-00016,2025-07-18,Sudeste,29,Premium,Mensal,Pix,11,137.11,1,0,5,97.7,12,Não,1,2026-02-11
CUST-00017,2025-06-27,Sul,38,Básico,Mensal,Cartão,12,62.02,1,1,7,32.5,17,Sim,0,
CUST-00018,2025-06-27,Sudeste,46,Padrão,Mensal,Cartão,12,86.29,2,1,5,39.2,34,Sim,1,2026-03-07
CUST-00019,2025-12-12,Nordeste,54,Premium,Anual,Pix,6,135.97,2,1,7,30.8,6,Sim,1,2026-03-15
CUST-00020,2024-10-21,Nordeste,43,Básico,Mensal,Boleto,20,53.13,2,0,5,27.1,18,Não,1,2026-01-11
CUST-00021,2025-12-18,Nordeste,34,Padrão,Anual,Boleto,6,102.92,0,1,9,38.5,11,Não,0,
CUST-00022,2024-10-21,Sudeste,18,Premium,Mensal,Cartão,20,164.81,2,3,8,45.7,8,Não,1,2026-05-27
CUST-00023,2026-01-18,Norte,40,Padrão,Mensal,Boleto,5,98.6,1,1,6,20.7,7,Não,0,
CUST-00024,2024-11-21,Centro-Oeste,39,Básico,Mensal,Cartão,19,58.15,4,0,7,26.8,8,Não,1,2026-01-01
CUST-00025,2023-07-27,Nordeste,41,Padrão,Mensal,Cartão,35,91.46,3,0,8,15.5,6,Sim,0,
CUST-00026,2025-06-21,Sudeste,64,Padrão,Mensal,Cartão,12,107.87,1,0,7,12.4,1,Sim,0,
CUST-00027,2023-12-22,Sul,54,Básico,Anual,Pix,30,56.52,1,0,7,45.7,3,Não,0,
CUST-00028,2024-02-07,Sudeste,48,Básico,Mensal,Pix,29,57.93,2,1,3,43.4,0,Não,0,
CUST-00029,2025-03-20,Sudeste,27,Básico,Mensal,Cartão,15,73.53,0,0,6,29.6,10,Sim,0,
CUST-00030,2025-12-15,Nordeste,33,Premium,Bienal,Cartão,6,170.09,0,0,5,43.4,1,Sim,0,
CUST-00031,2021-07-21,Nordeste,38,Básico,Mensal,Pix,60,56.41,4,1,9,46.7,2,Sim,0,
CUST-00032,2023-01-06,Norte,30,Básico,Mensal,Boleto,42,54.42,2,0,6,54.4,2,Sim,0,
CUST-00033,2025-03-09,Sudeste,45,Padrão,Mensal,Cartão,15,94.31,3,2,6,10.4,6,Sim,0,
CUST-00034,2021-04-13,Sudeste,43,Premium,Mensal,Boleto,63,130.7,3,3,8,33.2,10,Não,1,2026-02-11
CUST-00035,2023-01-25,Sul,26,Básico,Bienal,Boleto,41,74.36,1,0,4,18.2,8,Sim,0,
CUST-00036,2023-05-25,Sudeste,53,Básico,Bienal,Pix,37,49.41,4,1,7,22.2,13,Não,1,2026-04-01
CUST-00037,2025-10-26,Sudeste,40,Padrão,Mensal,Cartão,8,110.96,1,0,3,21.2,14,Sim,1,2026-03-03
CUST-00038,2023-05-29,Sul,18,Padrão,Bienal,Débito automático,37,99.58,2,0,6,37.8,9,Não,0,
CUST-00039,2022-06-11,Sudeste,38,Padrão,Mensal,Pix,49,118.48,1,1,6,24.7,4,Sim,0,
CUST-00040,2024-04-16,Nordeste,42,Premium,Bienal,Pix,26,166.41,3,0,10,10.3,1,Não,0,
CUST-00041,2023-12-14,Sul,51,Básico,Anual,Débito automático,30,71.77,3,1,7,40.9,4,Sim,0,
CUST-00042,2023-08-06,Centro-Oeste,35,Básico,Mensal,Débito automático,35,50.71,2,0,5,18.0,2,Sim,1,2026-03-27
CUST-00043,2022-02-12,Nordeste,49,Básico,Anual,Boleto,53,41.0,0,2,7,18.4,7,Sim,1,2026-02-15
CUST-00044,2023-11-02,Sudeste,41,Básico,Anual,Boleto,32,61.07,2,0,10,104.4,13,Sim,0,
CUST-00045,2023-08-24,Centro-Oeste,23,Padrão,Mensal,Cartão,34,72.16,2,2,3,60.9,3,Sim,1,2026-03-18
CUST-00046,2024-01-31,Nordeste,22,Padrão,Mensal,Boleto,29,92.45,0,0,9,24.7,32,Sim,0,
CUST-00047,2021-03-16,Sudeste,52,Básico,Anual,Cartão,64,42.35,1,1,8,19.9,2,Não,0,
CUST-00048,2024-05-08,Sudeste,53,Padrão,Mensal,Débito automático,26,87.24,0,1,7,44.8,5,Não,1,2026-01-09
CUST-00049,2023-09-01,Nordeste,43,Básico,Mensal,Pix,34,67.34,2,0,6,117.0,2,Sim,0,
CUST-00050,2021-12-19,Sudeste,57,Padrão,Mensal,Cartão,55,106.42,1,2,10,68.0,3,Sim,0,
CUST-00051,2024-12-17,Sudeste,52,Básico,Anual,Pix,18,56.73,5,0,9,4.4,7,Sim,0,
CUST-00052,2020-07-06,Sudeste,47,Padrão,Mensal,Boleto,72,103.48,0,2,5,46.8,6,Não,0,
CUST-00053,2025-03-02,Nordeste,28,Básico,Mensal,Pix,16,51.43,4,1,7,67.7,10,Não,0,
CUST-00054,2025-06-08,Nordeste,60,Premium,Mensal,Boleto,12,192.97,1,1,10,41.9,10,Não,0,
CUST-00055,2023-07-19,Nordeste,45,Premium,Mensal,Cartão,35,163.21,2,0,8,65.5,14,Sim,1,2026-04-17
CUST-00056,2025-03-03,Nordeste,34,Premium,Anual,Cartão,16,150.74,4,0,8,23.0,8,Não,0,
CUST-00057,2021-04-15,Sul,31,Premium,Mensal,Pix,63,171.26,1,0,4,53.8,5,Sim,1,2026-01-08
CUST-00058,2020-07-29,Sul,42,Básico,Anual,Pix,72,76.36,3,0,10,31.7,5,Sim,0,
CUST-00059,2025-05-29,Sudeste,19,Padrão,Mensal,Boleto,13,88.16,2,0,9,46.1,7,Não,0,
CUST-00060,2025-06-27,Sudeste,47,Básico,Anual,Débito automático,12,39.14,1,1,10,69.3,6,Não,0,
CUST-00061,2025-08-02,Nordeste,28,Premium,Mensal,Boleto,11,141.91,3,1,8,28.5,7,Não,0,
CUST-00062,2026-02-06,Sul,43,Básico,Anual,Pix,4,49.62,4,0,7,22.2,1,Não,0,
CUST-00063,2025-02-11,Sul,33,Básico,Mensal,Pix,16,58.24,3,0,6,56.1,4,Sim,1,2026-02-23
CUST-00064,2022-06-30,Nordeste,36,Padrão,Bienal,Débito automático,48,76.19,0,1,9,37.4,0,Sim,0,
CUST-00065,2023-06-23,Nordeste,30,Básico,Mensal,Boleto,36,53.14,1,3,10,10.2,21,Sim,1,2026-01-27
CUST-00066,2024-09-09,Sul,37,Padrão,Mensal,Boleto,21,96.09,2,1,9,39.2,6,Não,1,2026-03-18
CUST-00067,2023-10-13,Sul,62,Básico,Mensal,Cartão,33,63.55,1,1,10,21.7,11,Sim,0,
CUST-00068,2025-09-04,Sudeste,56,Padrão,Mensal,Boleto,9,107.56,2,1,7,44.6,12,Sim,1,2026-04-07
CUST-00069,2024-05-04,Sudeste,43,Premium,Mensal,Cartão,26,164.62,3,1,6,51.1,17,Sim,1,2026-03-08
CUST-00070,2024-01-03,Sul,39,Padrão,Anual,Boleto,30,124.09,4,0,8,24.8,7,Não,0,
CUST-00071,2024-02-28,Sudeste,49,Básico,Anual,Débito automático,28,74.32,1,1,9,31.5,3,Não,0,
CUST-00072,2025-03-30,Sudeste,53,Básico,Anual,Débito automático,15,62.11,2,1,7,24.9,7,Sim,0,
CUST-00073,2025-03-08,Centro-Oeste,29,Básico,Bienal,Cartão,15,45.41,3,1,7,42.7,13,Sim,0,
CUST-00074,2023-05-14,Sudeste,38,Básico,Mensal,Boleto,38,49.54,0,0,8,60.7,3,Sim,0,
CUST-00075,2023-06-01,Sudeste,18,Padrão,Mensal,Cartão,37,79.0,2,0,8,4.7,5,Não,1,2026-02-20
CUST-00076,2026-02-15,Sudeste,52,Básico,Anual,Pix,4,61.15,1,1,7,26.1,3,Não,1,2026-03-02
CUST-00077,2026-03-01,Sudeste,64,Básico,Mensal,Boleto,4,63.64,1,0,8,77.7,6,Sim,1,2026-05-26
CUST-00078,2020-07-07,Nordeste,40,Básico,Mensal,Pix,72,71.5,1,0,8,30.3,11,Não,0,
CUST-00079,2023-12-28,Sul,18,Premium,Mensal,Cartão,30,162.74,3,0,9,37.5,8,Sim,1,2026-06-17
CUST-00080,2024-02-20,Nordeste,46,Básico,Mensal,Boleto,28,73.76,1,2,6,99.3,3,Sim,0,
CUST-00081,2025-05-12,Nordeste,28,Básico,Mensal,Boleto,13,74.04,1,0,3,73.3,11,Não,1,2026-03-18
CUST-00082,2024-11-01,Sudeste,31,Padrão,Mensal,Pix,20,84.61,1,1,5,43.7,2,Não,0,
CUST-00083,2025-02-25,Nordeste,47,Básico,Anual,Pix,16,51.75,4,0,8,30.8,23,Sim,1,2026-05-22
CUST-00084,2022-07-09,Sudeste,42,Premium,Anual,Boleto,48,158.85,2,1,6,50.4,19,Não,1,2026-05-20
CUST-00085,2022-08-10,Sudeste,33,Básico,Bienal,Pix,47,49.11,0,0,8,24.8,24,Sim,0,
CUST-00086,2023-11-20,Sudeste,31,Padrão,Mensal,Cartão,31,95.59,3,1,7,25.6,3,Sim,1,2026-03-14
CUST-00087,2024-04-05,Nordeste,41,Padrão,Mensal,Pix,27,103.22,1,0,7,17.9,2,Não,0,
CUST-00088,2023-09-04,Sul,34,Padrão,Anual,Boleto,34,97.28,2,4,8,23.4,15,Sim,0,
CUST-00089,2024-04-07,Sudeste,26,Padrão,Mensal,Cartão,27,99.0,1,1,10,30.5,19,Não,1,2026-03-29
CUST-00090,2023-05-08,Sul,35,Padrão,Mensal,Cartão,38,85.8,0,0,7,42.0,9,Sim,0,
CUST-00091,2021-09-23,Sudeste,43,Padrão,Anual,Débito automático,58,106.09,1,1,5,44.0,24,Não,0,
CUST-00092,2024-06-17,Nordeste,37,Padrão,Anual,Débito automático,24,105.07,1,1,8,28.8,2,Não,0,
CUST-00093,2025-05-19,Sul,22,Padrão,Mensal,Pix,13,88.32,3,0,9,38.0,15,Sim,0,
CUST-00094,2024-02-29,Sudeste,51,Padrão,Anual,Boleto,28,80.89,2,0,2,63.1,9,Sim,0,
CUST-00095,2025-01-09,Sudeste,18,Padrão,Anual,Débito automático,17,116.22,3,0,6,49.0,2,Sim,0,
CUST-00096,2025-12-02,Nordeste,34,Básico,Anual,Pix,7,83.47,1,0,7,21.9,17,Sim,0,
CUST-00097,2025-08-20,Sudeste,32,Básico,Mensal,Cartão,10,62.29,2,0,6,33.5,2,Sim,0,
CUST-00098,2022-01-27,Sudeste,41,Básico,Anual,Boleto,53,53.94,3,1,7,58.9,12,Sim,0,
CUST-00099,2024-03-14,Sudeste,46,Básico,Anual,Débito automático,27,73.65,1,0,6,23.7,17,Sim,0,
CUST-00100,2024-11-10,Norte,53,Padrão,Mensal,Boleto,19,105.58,2,0,9,21.1,16,Não,0,
CUST-00101,2024-01-24,Centro-Oeste,30,Básico,Anual,Cartão,29,56.05,2,0,7,24.8,6,Não,0,
CUST-00102,2024-12-13,Nordeste,46,Padrão,Anual,Débito automático,18,112.55,3,2,3,31.0,5,Sim,0,
CUST-00103,2021-12-27,Sudeste,41,Padrão,Mensal,Boleto,54,87.67,2,0,9,21.7,4,Não,0,
CUST-00104,2020-07-16,Norte,18,Padrão,Mensal,Pix,72,89.33,2,0,9,25.3,10,Não,1,2026-05-30
CUST-00105,2024-12-23,Nordeste,62,Padrão,Mensal,Débito automático,18,104.09,2,1,7,64.2,3,Não,0,
CUST-00106,2024-07-17,Nordeste,22,Básico,Anual,Boleto,23,60.6,0,1,3,59.7,22,Sim,1,2026-01-21
CUST-00107,2023-10-31,Sul,44,Básico,Mensal,Boleto,32,67.92,5,1,9,9.7,18,Não,1,2026-03-13
CUST-00108,2025-08-12,Sudeste,44,Padrão,Mensal,Débito automático,10,115.71,1,0,5,13.6,9,Sim,0,
CUST-00109,2026-01-27,Sudeste,42,Padrão,Mensal,Cartão,5,77.27,2,0,6,49.0,9,Sim,0,
CUST-00110,2022-05-09,Centro-Oeste,33,Padrão,Anual,Boleto,50,99.55,0,1,6,24.2,1,Não,0,
CUST-00111,2024-11-28,Sul,49,Padrão,Anual,Pix,19,125.62,1,1,4,20.5,4,Sim,1,2026-03-21
CUST-00112,2024-12-27,Sudeste,20,Padrão,Mensal,Débito automático,18,90.65,3,1,7,40.5,3,Sim,1,2026-03-04
CUST-00113,2023-09-21,Sudeste,38,Padrão,Mensal,Débito automático,33,88.99,3,1,8,45.9,7,Sim,1,2026-03-02
CUST-00114,2025-05-08,Sul,32,Padrão,Mensal,Boleto,13,67.63,1,0,7,48.7,5,Sim,0,
CUST-00115,2024-12-19,Sudeste,31,Padrão,Mensal,Boleto,18,100.42,2,3,7,12.3,6,Não,1,2026-03-12
CUST-00116,2025-08-21,Centro-Oeste,44,Básico,Anual,Boleto,10,67.13,2,1,6,46.8,8,Não,0,
CUST-00117,2025-12-14,Nordeste,52,Básico,Mensal,Cartão,6,67.1,4,0,10,41.7,1,Sim,0,
CUST-00118,2025-02-01,Nordeste,35,Básico,Anual,Pix,17,44.48,1,1,7,29.8,3,Sim,0,
CUST-00119,2025-05-14,Sul,48,Padrão,Anual,Cartão,13,98.88,1,0,5,52.7,12,Sim,0,
CUST-00120,2025-07-02,Nordeste,40,Padrão,Bienal,Boleto,12,102.1,1,1,8,51.0,5,Não,0,
CUST-00121,2024-04-14,Sul,28,Básico,Mensal,Boleto,26,59.73,1,1,8,56.1,11,Sim,0,
CUST-00122,2023-02-05,Nordeste,36,Básico,Mensal,Pix,41,43.67,0,0,8,21.1,21,Sim,0,
CUST-00123,2023-01-05,Sudeste,35,Padrão,Mensal,Cartão,42,100.08,5,2,7,20.6,14,Sim,1,2026-02-10
CUST-00124,2023-02-04,Sudeste,31,Básico,Bienal,Pix,41,47.6,2,0,6,101.1,1,Não,0,
CUST-00125,2025-04-29,Sudeste,44,Premium,Anual,Pix,14,132.79,1,0,4,56.2,0,Não,1,2026-03-19
CUST-00126,2024-07-07,Sul,42,Básico,Anual,Débito automático,24,68.54,2,1,6,24.6,7,Não,0,
CUST-00127,2025-01-17,Sudeste,20,Básico,Anual,Débito automático,17,60.96,4,0,4,29.5,3,Sim,0,
CUST-00128,2025-03-24,Sudeste,19,Padrão,Mensal,Pix,15,107.29,3,1,8,46.3,7,Sim,0,
CUST-00129,2025-03-17,Sudeste,44,Básico,Anual,Boleto,15,51.52,1,1,4,49.4,3,Não,0,
CUST-00130,2025-07-29,Sul,29,Básico,Anual,Cartão,11,67.77,3,2,6,11.9,1,Sim,0,
CUST-00131,2023-12-16,Sudeste,43,Básico,Mensal,Cartão,30,73.31,2,1,9,39.8,16,Sim,0,
CUST-00132,2022-05-25,Centro-Oeste,48,Básico,Bienal,Boleto,49,83.56,1,0,7,51.0,8,Não,0,
CUST-00133,2025-01-20,Sul,24,Básico,Bienal,Boleto,17,70.39,1,0,7,25.3,4,Sim,0,
CUST-00134,2025-03-19,Sudeste,22,Padrão,Bienal,Cartão,15,104.39,2,0,8,12.1,32,Sim,0,
CUST-00135,2026-01-19,Sul,59,Básico,Anual,Cartão,5,39.68,1,0,8,47.7,0,Sim,0,
CUST-00136,2023-06-04,Sudeste,43,Padrão,Mensal,Pix,37,97.51,1,0,9,16.2,2,Sim,0,
CUST-00137,2026-02-25,Norte,34,Básico,Anual,Cartão,4,39.08,2,0,8,61.3,17,Sim,0,
CUST-00138,2024-04-20,Sul,28,Premium,Mensal,Pix,26,147.54,0,1,8,19.6,3,Não,0,
CUST-00139,2025-04-07,Nordeste,33,Padrão,Anual,Pix,14,126.37,2,1,3,37.8,5,Não,0,
CUST-00140,2024-09-11,Sudeste,25,Premium,Mensal,Débito automático,21,144.68,4,0,8,13.0,15,Não,0,
CUST-00141,2024-03-20,Sul,50,Premium,Anual,Cartão,27,126.2,2,0,10,37.1,5,Sim,0,
CUST-00142,2024-05-10,Sul,30,Básico,Mensal,Cartão,26,70.38,1,1,8,33.6,11,Sim,0,
CUST-00143,2022-10-14,Norte,52,Padrão,Mensal,Cartão,45,89.58,5,0,9,29.2,9,Não,0,
CUST-00144,2026-02-10,Sul,34,Básico,Mensal,Cartão,4,69.75,1,0,6,25.2,21,Sim,0,
CUST-00145,2023-01-17,Sul,26,Premium,Anual,Boleto,42,142.62,0,0,7,29.8,7,Sim,0,
CUST-00146,2024-03-02,Sudeste,34,Padrão,Mensal,Pix,28,93.04,1,0,8,25.7,5,Não,1,2026-02-01
CUST-00147,2022-07-03,Sudeste,18,Básico,Mensal,Cartão,48,75.74,1,0,8,46.0,23,Sim,0,
CUST-00148,2024-05-23,Sul,38,Premium,Mensal,Débito automático,25,140.49,6,1,9,38.2,4,Não,0,
CUST-00149,2025-10-06,Sul,37,Premium,Mensal,Boleto,8,156.63,1,1,5,36.1,11,Sim,1,2026-04-07
CUST-00150,2024-07-23,Sudeste,49,Premium,Bienal,Cartão,23,163.08,2,0,5,37.3,7,Sim,0,
CUST-00151,2023-07-06,Nordeste,18,Básico,Mensal,Cartão,36,48.93,3,1,4,27.3,13,Não,0,
CUST-00152,2023-03-16,Centro-Oeste,53,Básico,Mensal,Débito automático,40,62.39,2,1,8,40.9,7,Não,1,2026-02-02
CUST-00153,2024-07-25,Sudeste,49,Básico,Mensal,Boleto,23,59.22,3,0,7,51.3,5,Não,1,2026-01-15
CUST-00154,2024-09-18,Sul,54,Padrão,Mensal,Débito automático,21,106.48,3,1,7,43.5,15,Sim,1,2026-03-19
CUST-00155,2024-02-16,Sudeste,38,Padrão,Mensal,Cartão,28,124.79,2,0,6,50.6,6,Sim,0,
CUST-00156,2022-11-13,Nordeste,51,Básico,Mensal,Boleto,44,96.45,2,0,5,45.5,14,Não,1,2026-05-03
CUST-00157,2024-12-09,Sudeste,21,Padrão,Mensal,Cartão,18,105.49,4,0,7,40.2,19,Não,1,2026-05-09
CUST-00158,2023-10-20,Nordeste,48,Básico,Mensal,Cartão,32,57.45,3,0,9,17.9,15,Sim,1,2026-03-29
CUST-00159,2020-11-10,Nordeste,30,Padrão,Mensal,Boleto,68,105.17,2,1,10,23.2,2,Sim,0,
CUST-00160,2020-07-25,Nordeste,19,Premium,Anual,Boleto,72,155.75,0,1,10,12.9,5,Sim,0,
CUST-00161,2022-11-12,Sudeste,26,Padrão,Mensal,Cartão,44,76.78,1,3,6,51.2,6,Não,0,
CUST-00162,2024-09-28,Centro-Oeste,39,Básico,Anual,Cartão,21,58.35,0,0,5,18.2,12,Sim,0,
CUST-00163,2025-08-05,Sudeste,29,Básico,Anual,Boleto,10,74.15,0,1,9,22.0,7,Não,0,
CUST-00164,2023-11-19,Sudeste,44,Básico,Bienal,Cartão,31,39.0,1,0,10,28.2,19,Sim,0,
CUST-00165,2021-08-17,Sul,18,Padrão,Mensal,Cartão,59,85.22,5,1,8,28.3,4,Sim,1,2026-05-30
CUST-00166,2024-08-02,Sudeste,18,Padrão,Anual,Cartão,23,90.85,2,0,7,30.7,15,Sim,0,
CUST-00167,2022-08-18,Nordeste,55,Básico,Anual,Cartão,47,64.21,0,0,6,51.9,9,Sim,1,2026-01-31
CUST-00168,2022-10-01,Nordeste,50,Premium,Bienal,Boleto,45,192.28,1,0,8,39.9,5,Não,0,
CUST-00169,2024-05-27,Sudeste,26,Padrão,Anual,Cartão,25,87.67,1,0,8,44.3,9,Não,0,
CUST-00170,2023-01-17,Norte,39,Premium,Mensal,Pix,42,160.28,0,1,8,20.8,30,Sim,0,
CUST-00171,2025-08-13,Sudeste,51,Padrão,Bienal,Boleto,10,99.08,1,0,5,44.7,9,Não,0,
CUST-00172,2024-09-06,Sul,44,Premium,Anual,Cartão,22,154.78,1,0,5,20.2,6,Não,0,
CUST-00173,2023-10-12,Sudeste,41,Básico,Mensal,Boleto,33,58.33,3,0,7,30.2,11,Sim,0,
CUST-00174,2024-05-14,Norte,52,Básico,Mensal,Cartão,25,52.49,1,0,9,24.8,8,Sim,0,
CUST-00175,2025-07-07,Sudeste,30,Premium,Bienal,Boleto,11,197.4,3,0,9,25.5,5,Não,0,
CUST-00176,2023-01-16,Sudeste,39,Premium,Mensal,Boleto,42,169.5,5,1,6,88.5,6,Não,1,2026-02-16
CUST-00177,2023-09-18,Sul,39,Padrão,Anual,Boleto,33,92.61,3,0,3,26.5,0,Sim,0,
CUST-00178,2024-03-05,Norte,36,Básico,Mensal,Pix,28,75.57,1,1,10,11.3,27,Sim,0,
CUST-00179,2022-02-06,Centro-Oeste,34,Básico,Anual,Boleto,53,62.59,3,0,10,50.2,15,Sim,0,
CUST-00180,2022-11-23,Nordeste,40,Padrão,Mensal,Boleto,43,99.81,3,0,7,31.5,3,Sim,0,
CUST-00181,2026-03-14,Centro-Oeste,39,Premium,Anual,Pix,3,156.45,3,0,6,43.4,5,Sim,0,
CUST-00182,2024-02-24,Centro-Oeste,26,Básico,Mensal,Cartão,28,55.5,0,0,6,22.0,10,Sim,0,
CUST-00183,2024-02-25,Sul,49,Básico,Bienal,Cartão,28,41.92,2,0,9,30.8,11,Não,0,
CUST-00184,2024-10-30,Sudeste,27,Padrão,Mensal,Cartão,20,75.57,1,0,8,33.1,6,Não,1,2026-03-30
CUST-00185,2026-02-22,Nordeste,36,Padrão,Mensal,Cartão,4,104.19,3,0,6,33.0,4,Não,0,
CUST-00186,2025-04-29,Nordeste,35,Padrão,Mensal,Débito automático,14,96.31,1,0,10,31.5,1,Sim,0,
CUST-00187,2026-03-07,Sudeste,43,Padrão,Mensal,Débito automático,3,111.28,0,1,4,48.7,11,Sim,0,
CUST-00188,2020-07-24,Sudeste,18,Premium,Bienal,Cartão,72,146.54,2,0,6,52.1,3,Sim,1,2026-03-25
CUST-00189,2024-05-16,Nordeste,50,Básico,Mensal,Débito automático,25,43.63,1,2,6,21.5,11,Não,1,2026-04-09
CUST-00190,2023-08-06,Sudeste,31,Padrão,Mensal,Boleto,35,109.87,3,2,7,50.7,19,Não,1,2026-02-03
CUST-00191,2025-07-14,Norte,54,Padrão,Anual,Pix,11,94.87,3,1,9,22.7,8,Sim,0,
CUST-00192,2026-02-21,Sudeste,33,Padrão,Mensal,Débito automático,4,110.98,3,1,9,42.1,2,Sim,0,
CUST-00193,2024-11-30,Sudeste,38,Premium,Mensal,Boleto,19,159.47,4,1,7,10.6,0,Sim,0,
CUST-00194,2025-01-23,Centro-Oeste,62,Padrão,Anual,Pix,17,125.29,3,0,4,48.9,1,Sim,0,
CUST-00195,2024-01-19,Sudeste,36,Padrão,Mensal,Cartão,29,109.58,1,0,9,40.1,17,Não,0,
CUST-00196,2024-11-26,Sudeste,54,Básico,Anual,Cartão,19,64.74,1,1,5,23.5,32,Sim,0,
CUST-00197,2020-07-02,Sul,39,Padrão,Anual,Débito automático,72,110.2,3,1,6,34.5,2,Sim,0,
CUST-00198,2022-05-29,Centro-Oeste,44,Básico,Mensal,Cartão,49,55.18,1,0,7,31.5,9,Não,0,
CUST-00199,2021-05-18,Sudeste,40,Básico,Anual,Cartão,62,39.0,0,0,5,36.3,12,Sim,0,
CUST-00200,2024-05-16,Sudeste,49,Padrão,Anual,Cartão,25,104.05,1,0,5,36.8,16,Sim,1,2026-04-04
CUST-00201,2024-01-22,Nordeste,31,Padrão,Mensal,Pix,29,126.18,1,1,9,31.7,44,Não,1,2026-01-13
CUST-00202,2021-09-09,Norte,27,Premium,Anual,Pix,58,126.93,2,1,10,65.4,0,Não,0,
CUST-00203,2024-12-26,Sul,31,Padrão,Mensal,Débito automático,18,105.57,3,0,7,26.7,3,Não,0,
CUST-00204,2023-10-14,Sudeste,40,Premium,Mensal,Pix,33,137.51,1,0,3,41.7,2,Sim,0,
CUST-00205,2024-11-10,Sudeste,36,Básico,Anual,Débito automático,19,58.67,1,0,8,38.9,21,Não,1,2026-05-16
CUST-00206,2023-07-29,Sudeste,48,Padrão,Mensal,Pix,35,100.11,0,0,6,28.0,13,Sim,1,2026-06-04
CUST-00207,2025-09-06,Sudeste,55,Premium,Mensal,Pix,9,169.46,1,1,8,61.6,19,Sim,0,
CUST-00208,2025-02-25,Nordeste,27,Padrão,Mensal,Cartão,16,101.94,2,0,8,20.8,2,Sim,0,
CUST-00209,2024-01-16,Sudeste,30,Padrão,Anual,Cartão,29,118.23,3,0,3,45.5,24,Sim,1,2026-04-09
CUST-00210,2023-11-07,Sul,22,Padrão,Anual,Débito automático,32,115.33,1,1,6,41.5,10,Sim,0,
CUST-00211,2023-02-25,Nordeste,63,Básico,Mensal,Boleto,40,56.25,2,0,8,39.7,3,Sim,0,
CUST-00212,2025-08-19,Sul,43,Padrão,Mensal,Pix,10,114.32,1,0,7,34.3,9,Sim,0,
CUST-00213,2024-01-25,Sudeste,45,Básico,Bienal,Débito automático,29,54.62,1,1,5,50.5,11,Sim,0,
CUST-00214,2025-11-03,Nordeste,23,Básico,Mensal,Boleto,7,52.21,0,0,8,17.5,9,Sim,0,
CUST-00215,2024-10-29,Nordeste,39,Básico,Mensal,Cartão,20,42.14,0,2,4,23.1,17,Sim,1,2026-02-17
CUST-00216,2024-06-01,Nordeste,45,Básico,Mensal,Pix,25,77.37,2,0,8,40.5,8,Não,1,2026-02-06
CUST-00217,2024-07-22,Sudeste,36,Básico,Anual,Boleto,23,54.8,0,0,6,23.9,5,Sim,0,
CUST-00218,2020-12-25,Sudeste,52,Premium,Mensal,Boleto,67,125.1,0,1,8,21.7,3,Não,0,
CUST-00219,2024-04-19,Centro-Oeste,67,Padrão,Anual,Cartão,26,106.59,1,1,7,58.0,12,Não,1,2026-02-18
CUST-00220,2023-07-13,Sudeste,28,Premium,Anual,Cartão,36,152.92,1,0,8,59.5,11,Não,1,2026-05-16
CUST-00221,2024-01-15,Sudeste,27,Padrão,Mensal,Pix,29,94.82,4,1,10,41.8,4,Sim,0,
CUST-00222,2024-07-01,Sul,28,Básico,Mensal,Cartão,24,55.72,0,1,9,24.2,9,Sim,0,
CUST-00223,2023-07-27,Nordeste,58,Básico,Mensal,Cartão,35,54.29,1,0,9,27.0,5,Não,0,
CUST-00224,2024-02-24,Norte,52,Premium,Mensal,Boleto,28,197.19,2,0,8,37.2,4,Não,0,
CUST-00225,2024-04-25,Sudeste,37,Padrão,Anual,Pix,26,122.28,2,0,3,30.7,25,Não,0,
CUST-00226,2024-10-05,Centro-Oeste,39,Premium,Mensal,Cartão,21,168.79,2,0,7,46.2,4,Não,0,
CUST-00227,2024-12-25,Sudeste,29,Básico,Bienal,Pix,18,62.38,0,1,8,19.2,25,Não,0,
CUST-00228,2025-02-13,Sul,50,Padrão,Anual,Cartão,16,114.8,2,2,8,19.5,11,Não,1,2026-01-28
CUST-00229,2024-04-27,Nordeste,34,Padrão,Mensal,Pix,26,102.41,1,0,7,31.8,12,Sim,0,
CUST-00230,2024-05-13,Sudeste,36,Premium,Bienal,Boleto,25,170.42,3,1,9,59.6,3,Sim,1,2026-04-24
CUST-00231,2021-10-05,Sudeste,46,Básico,Mensal,Débito automático,57,66.82,2,0,5,41.2,21,Sim,1,2026-02-23
CUST-00232,2025-10-04,Sudeste,37,Premium,Mensal,Cartão,8,160.8,2,0,10,35.7,3,Não,0,
CUST-00233,2020-09-08,Norte,36,Padrão,Mensal,Débito automático,70,112.16,0,0,8,35.6,9,Sim,1,2026-05-06
CUST-00234,2025-08-18,Sul,39,Premium,Bienal,Débito automático,10,153.12,2,1,5,58.4,34,Não,1,2026-05-02
CUST-00235,2024-07-07,Norte,49,Padrão,Mensal,Pix,24,99.82,4,2,10,72.3,7,Sim,1,2026-05-13
CUST-00236,2023-11-11,Nordeste,59,Padrão,Mensal,Débito automático,32,85.29,1,0,5,18.9,4,Sim,1,2026-03-21
CUST-00237,2025-06-29,Sul,46,Básico,Mensal,Cartão,12,46.9,2,1,7,37.6,5,Não,0,
CUST-00238,2025-08-09,Nordeste,49,Premium,Mensal,Cartão,10,123.59,1,0,7,39.3,5,Sim,0,
CUST-00239,2024-08-27,Sudeste,37,Básico,Mensal,Débito automático,22,65.39,1,0,6,27.1,4,Sim,0,
CUST-00240,2023-05-21,Sudeste,31,Padrão,Anual,Pix,37,109.24,3,0,7,22.6,15,Sim,1,2026-01-28
CUST-00241,2022-12-04,Nordeste,47,Padrão,Bienal,Pix,43,114.2,0,0,7,11.9,12,Sim,1,2026-05-26
CUST-00242,2025-09-25,Nordeste,41,Padrão,Anual,Cartão,9,83.57,1,0,5,34.5,7,Sim,0,
CUST-00243,2024-08-15,Sudeste,22,Padrão,Mensal,Cartão,22,105.16,1,0,8,70.4,8,Sim,0,
CUST-00244,2025-12-15,Sul,35,Padrão,Mensal,Cartão,6,98.99,1,3,7,50.6,1,Não,1,2026-04-26
CUST-00245,2025-07-02,Sul,38,Padrão,Mensal,Cartão,12,109.33,0,1,10,34.7,1,Não,0,
CUST-00246,2022-04-13,Centro-Oeste,33,Padrão,Mensal,Débito automático,51,89.88,2,0,10,40.6,10,Não,0,
CUST-00247,2023-12-09,Sul,57,Padrão,Anual,Cartão,31,94.29,3,0,6,34.1,3,Sim,0,
CUST-00248,2025-05-16,Sudeste,45,Padrão,Mensal,Boleto,13,77.25,1,0,7,34.0,17,Sim,0,
CUST-00249,2022-06-30,Sudeste,55,Premium,Anual,Cartão,48,148.96,0,0,6,50.7,3,Sim,0,
CUST-00250,2025-03-15,Sudeste,42,Padrão,Mensal,Cartão,15,99.04,1,1,7,35.1,0,Sim,0,
CUST-00251,2024-07-03,Nordeste,40,Básico,Anual,Débito automático,24,61.44,0,0,9,18.6,1,Não,0,
CUST-00252,2026-01-21,Centro-Oeste,28,Padrão,Bienal,Cartão,5,75.4,1,2,7,20.9,9,Não,1,2026-01-31
CUST-00253,2025-05-24,Sul,39,Básico,Anual,Cartão,13,51.84,2,0,6,27.6,1,Não,0,
CUST-00254,2024-02-11,Sudeste,39,Básico,Bienal,Boleto,29,61.24,5,1,8,39.9,7,Não,0,
CUST-00255,2024-02-14,Sudeste,23,Padrão,Anual,Cartão,28,118.71,4,2,3,21.6,1,Não,1,2026-05-07
CUST-00256,2024-12-26,Nordeste,33,Padrão,Mensal,Cartão,18,87.17,2,0,6,12.2,4,Não,0,
CUST-00257,2024-09-03,Nordeste,35,Padrão,Mensal,Débito automático,22,105.86,1,1,10,28.7,7,Sim,0,
CUST-00258,2023-04-11,Sudeste,44,Premium,Mensal,Pix,39,151.14,2,1,10,42.9,11,Sim,0,
CUST-00259,2024-10-07,Sudeste,45,Básico,Anual,Boleto,21,52.76,2,0,10,52.6,3,Sim,0,
CUST-00260,2023-11-01,Sul,32,Básico,Mensal,Cartão,32,46.71,1,0,5,22.8,5,Sim,0,
CUST-00261,2025-02-06,Sudeste,45,Básico,Bienal,Cartão,16,44.38,0,1,4,31.4,3,Não,0,
CUST-00262,2024-06-11,Nordeste,37,Básico,Mensal,Pix,24,52.35,2,0,6,19.5,4,Sim,1,2026-06-22
CUST-00263,2026-02-21,Sudeste,18,Padrão,Anual,Boleto,4,113.67,0,1,7,26.3,6,Sim,0,
CUST-00264,2025-02-05,Sudeste,33,Padrão,Mensal,Cartão,17,88.43,0,3,6,13.3,8,Sim,0,
CUST-00265,2024-05-07,Centro-Oeste,52,Padrão,Bienal,Débito automático,26,86.25,3,0,4,16.9,11,Sim,0,
CUST-00266,2024-07-31,Sudeste,19,Básico,Mensal,Boleto,23,61.93,3,2,9,16.6,8,Sim,1,2026-01-14
CUST-00267,2025-02-17,Sudeste,40,Padrão,Mensal,Pix,16,99.07,2,2,9,53.9,3,Sim,0,
CUST-00268,2025-07-21,Sudeste,58,Básico,Anual,Pix,11,58.04,1,0,6,21.6,7,Sim,0,
CUST-00269,2024-04-20,Sudeste,30,Padrão,Mensal,Pix,26,102.56,0,0,9,46.8,23,Sim,0,
CUST-00270,2024-08-25,Sudeste,39,Padrão,Mensal,Boleto,22,84.87,1,1,9,17.0,2,Sim,1,2026-02-05
CUST-00271,2023-12-27,Sudeste,23,Básico,Bienal,Cartão,30,46.42,0,0,2,32.6,9,Não,0,
CUST-00272,2025-04-30,Sudeste,59,Padrão,Anual,Débito automático,14,112.81,0,0,8,37.8,20,Não,0,
CUST-00273,2023-08-01,Sudeste,38,Padrão,Mensal,Pix,35,96.96,0,0,7,41.4,6,Sim,1,2026-01-26
CUST-00274,2025-08-11,Sul,40,Básico,Anual,Débito automático,10,67.35,0,1,2,11.4,8,Não,0,
CUST-00275,2025-11-28,Nordeste,55,Padrão,Mensal,Débito automático,7,116.14,0,1,9,41.9,6,Sim,0,
CUST-00276,2022-04-14,Sudeste,47,Padrão,Mensal,Cartão,51,110.84,3,0,7,44.9,11,Não,0,
CUST-00277,2025-08-15,Sudeste,28,Básico,Anual,Pix,10,39.82,3,0,4,7.5,8,Não,1,2026-01-30
CUST-00278,2024-05-06,Sul,31,Básico,Mensal,Pix,26,57.37,0,0,8,20.2,4,Não,0,
CUST-00279,2024-11-23,Centro-Oeste,45,Padrão,Mensal,Pix,19,113.57,1,1,7,43.4,3,Sim,0,
CUST-00280,2022-02-26,Centro-Oeste,32,Premium,Mensal,Boleto,52,166.32,0,0,8,68.6,16,Sim,0,
CUST-00281,2023-07-08,Sudeste,18,Padrão,Anual,Cartão,36,101.58,1,1,3,43.0,2,Sim,0,
CUST-00282,2025-11-08,Sudeste,38,Padrão,Mensal,Boleto,7,76.05,0,0,6,8.5,13,Sim,0,
CUST-00283,2021-05-13,Sudeste,21,Padrão,Mensal,Débito automático,62,90.37,2,1,5,41.8,3,Não,1,2026-02-08
CUST-00284,2022-11-02,Sudeste,58,Padrão,Bienal,Débito automático,44,99.97,2,0,7,16.8,5,Sim,0,
CUST-00285,2024-12-23,Sul,41,Básico,Anual,Cartão,18,39.04,0,0,4,37.9,34,Não,0,
CUST-00286,2025-08-28,Sudeste,28,Padrão,Mensal,Débito automático,10,110.11,1,0,5,43.6,1,Não,0,
CUST-00287,2024-02-17,Sudeste,31,Premium,Bienal,Cartão,28,157.35,2,0,10,37.8,11,Sim,0,
CUST-00288,2024-01-14,Sudeste,18,Padrão,Mensal,Pix,29,71.28,1,0,10,48.9,20,Sim,0,
CUST-00289,2026-01-14,Sul,26,Premium,Mensal,Cartão,5,151.07,2,0,9,22.5,4,Sim,0,
CUST-00290,2024-05-03,Sudeste,51,Básico,Mensal,Pix,26,54.99,3,1,10,44.3,10,Não,0,
CUST-00291,2023-01-07,Centro-Oeste,66,Padrão,Mensal,Cartão,42,97.18,0,0,3,27.7,8,Sim,0,
CUST-00292,2024-05-27,Sudeste,48,Padrão,Anual,Cartão,25,118.87,0,1,7,43.7,9,Sim,0,
CUST-00293,2024-07-29,Centro-Oeste,38,Básico,Mensal,Cartão,23,67.1,3,1,8,18.3,6,Sim,1,2026-01-18
CUST-00294,2024-09-11,Sudeste,34,Básico,Bienal,Débito automático,21,39.88,0,1,6,23.5,4,Sim,0,
CUST-00295,2025-05-29,Centro-Oeste,28,Padrão,Mensal,Pix,13,78.15,1,1,3,47.1,19,Não,1,2026-04-17
CUST-00296,2022-07-29,Centro-Oeste,64,Padrão,Mensal,Boleto,47,95.26,2,1,9,31.9,14,Não,1,2026-01-06
CUST-00297,2024-11-19,Norte,37,Padrão,Mensal,Boleto,19,100.77,1,2,8,22.0,4,Não,1,2026-04-14
CUST-00298,2024-03-28,Nordeste,64,Básico,Mensal,Pix,27,72.89,2,0,6,48.0,9,Sim,0,
CUST-00299,2025-10-10,Nordeste,56,Padrão,Bienal,Cartão,8,123.22,1,0,9,23.6,8,Não,0,
CUST-00300,2024-08-26,Nordeste,18,Básico,Anual,Cartão,22,83.98,1,0,7,40.5,5,Sim,0,
CUST-00301,2023-10-09,Nordeste,31,Básico,Anual,Pix,33,52.81,1,0,8,24.2,7,Não,0,
CUST-00302,2024-12-29,Sudeste,31,Padrão,Anual,Débito automático,18,112.08,3,1,5,68.3,11,Sim,0,
CUST-00303,2024-11-14,Sul,38,Básico,Mensal,Cartão,19,64.96,4,0,8,35.3,7,Não,1,2026-02-12
CUST-00304,2024-06-17,Sul,38,Premium,Mensal,Boleto,24,143.73,2,0,8,32.6,2,Sim,0,
CUST-00305,2023-10-24,Centro-Oeste,75,Padrão,Mensal,Boleto,32,72.57,0,0,7,52.3,2,Não,0,
CUST-00306,2024-04-13,Sul,26,Básico,Anual,Débito automático,26,61.02,5,0,1,22.7,12,Sim,1,2026-02-12
CUST-00307,2020-07-10,Sudeste,42,Básico,Mensal,Cartão,72,39.0,0,1,7,46.1,1,Sim,0,
CUST-00308,2022-03-28,Nordeste,46,Padrão,Mensal,Débito automático,51,87.08,1,3,8,21.4,7,Sim,0,
CUST-00309,2025-02-27,Sudeste,39,Básico,Anual,Pix,16,49.41,0,0,5,31.6,10,Sim,0,
CUST-00310,2022-10-06,Sudeste,40,Básico,Mensal,Pix,45,62.06,4,0,8,25.3,8,Não,1,2026-05-07
CUST-00311,2026-01-12,Sul,26,Padrão,Mensal,Boleto,5,116.93,3,0,8,17.4,2,Sim,0,
CUST-00312,2024-11-09,Sudeste,40,Básico,Mensal,Cartão,19,59.18,2,2,8,17.5,0,Sim,0,
CUST-00313,2025-11-11,Sudeste,45,Padrão,Mensal,Boleto,7,91.46,2,1,6,25.5,1,Sim,0,
CUST-00314,2023-08-15,Sudeste,43,Padrão,Mensal,Boleto,35,70.04,0,0,4,44.9,8,Não,0,
CUST-00315,2024-12-16,Sudeste,46,Básico,Bienal,Boleto,18,65.42,3,0,4,101.0,0,Não,0,
CUST-00316,2025-09-24,Sudeste,56,Padrão,Anual,Débito automático,9,99.4,1,1,9,17.7,5,Não,0,
CUST-00317,2023-04-13,Sudeste,50,Padrão,Mensal,Pix,39,91.3,1,0,5,31.2,12,Sim,0,
CUST-00318,2025-08-11,Nordeste,40,Padrão,Anual,Cartão,10,115.33,1,3,5,27.9,13,Sim,1,2026-03-08
CUST-00319,2023-05-26,Sudeste,25,Básico,Anual,Cartão,37,42.33,2,1,9,45.7,5,Sim,0,
CUST-00320,2024-02-13,Norte,32,Padrão,Anual,Débito automático,28,89.41,1,0,3,59.3,11,Não,1,2026-05-25
CUST-00321,2024-09-23,Centro-Oeste,36,Básico,Bienal,Boleto,21,55.57,0,0,4,36.5,3,Não,0,
CUST-00322,2022-12-19,Sul,42,Padrão,Anual,Débito automático,42,91.13,4,0,9,18.3,12,Sim,0,
CUST-00323,2025-06-13,Sudeste,33,Básico,Mensal,Pix,12,66.71,3,0,7,28.0,11,Não,0,
CUST-00324,2025-12-17,Sul,28,Premium,Mensal,Pix,6,165.49,2,3,3,41.4,6,Não,1,2026-02-12
CUST-00325,2025-08-06,Centro-Oeste,25,Básico,Mensal,Débito automático,10,73.71,2,1,6,28.7,3,Não,1,2026-03-14
CUST-00326,2020-07-03,Nordeste,19,Premium,Mensal,Boleto,72,166.03,1,0,7,20.0,5,Não,1,2026-02-20
CUST-00327,2025-05-15,Nordeste,36,Premium,Bienal,Pix,13,157.38,4,3,5,33.0,7,Sim,0,
CUST-00328,2024-12-19,Sul,21,Padrão,Anual,Cartão,18,94.24,1,1,4,29.4,15,Não,1,2026-06-10
CUST-00329,2021-08-20,Nordeste,27,Básico,Mensal,Débito automático,59,65.37,2,1,4,13.3,4,Sim,0,
CUST-00330,2024-12-15,Sudeste,34,Padrão,Bienal,Boleto,18,96.34,2,0,9,37.5,11,Não,0,
CUST-00331,2023-08-03,Nordeste,23,Premium,Anual,Pix,35,159.66,1,1,9,46.8,4,Sim,0,
CUST-00332,2021-04-11,Sudeste,44,Padrão,Mensal,Pix,63,106.14,1,1,9,57.8,10,Sim,1,2026-01-09
CUST-00333,2023-11-06,Nordeste,48,Padrão,Bienal,Cartão,32,100.94,1,2,10,73.7,3,Não,0,
CUST-00334,2024-08-01,Centro-Oeste,32,Básico,Mensal,Pix,23,63.32,1,0,10,88.2,19,Sim,0,
CUST-00335,2023-03-15,Sudeste,34,Premium,Mensal,Cartão,40,147.93,1,1,4,15.6,15,Sim,1,2026-05-19
CUST-00336,2026-03-27,Nordeste,45,Básico,Mensal,Cartão,3,77.9,1,0,9,39.3,6,Não,0,
CUST-00337,2025-01-26,Sudeste,30,Básico,Bienal,Débito automático,17,43.51,2,0,7,12.0,1,Não,0,
CUST-00338,2022-03-04,Nordeste,30,Básico,Mensal,Pix,52,65.15,2,0,10,36.6,4,Sim,0,
CUST-00339,2025-05-26,Sudeste,53,Padrão,Mensal,Boleto,13,92.2,0,0,10,44.4,8,Não,0,
CUST-00340,2026-04-06,Norte,50,Premium,Anual,Pix,2,174.15,0,0,7,16.1,16,Sim,0,
CUST-00341,2024-04-21,Sudeste,46,Padrão,Bienal,Cartão,26,111.37,2,0,6,75.4,2,Não,0,
CUST-00342,2023-07-28,Norte,50,Básico,Mensal,Pix,35,58.97,4,1,6,16.7,11,Não,1,2026-01-03
CUST-00343,2024-11-22,Nordeste,18,Básico,Mensal,Cartão,19,80.77,3,0,7,19.4,8,Não,1,2026-05-19
CUST-00344,2023-06-29,Sul,55,Padrão,Bienal,Boleto,36,96.38,3,2,8,44.7,4,Sim,1,2026-02-03
CUST-00345,2024-02-24,Nordeste,44,Padrão,Anual,Débito automático,28,111.34,2,0,10,39.5,6,Não,0,
CUST-00346,2020-07-19,Nordeste,51,Básico,Mensal,Boleto,72,48.83,2,0,7,40.0,3,Não,1,2026-03-03
CUST-00347,2023-03-06,Norte,44,Padrão,Mensal,Boleto,40,104.67,6,2,6,6.9,10,Sim,1,2026-06-05
CUST-00348,2024-03-01,Sudeste,40,Padrão,Mensal,Débito automático,28,85.95,0,0,7,41.3,7,Sim,0,
CUST-00349,2026-02-12,Sul,36,Premium,Anual,Boleto,4,159.27,0,2,5,38.4,4,Sim,0,
CUST-00350,2025-04-09,Sudeste,43,Padrão,Mensal,Pix,14,98.28,0,2,4,25.0,22,Sim,1,2026-06-20
CUST-00351,2025-07-21,Nordeste,35,Básico,Anual,Boleto,11,71.3,1,0,7,13.8,10,Sim,0,
CUST-00352,2021-09-22,Sudeste,49,Padrão,Mensal,Pix,58,89.61,3,0,10,32.6,10,Não,1,2026-04-09
CUST-00353,2025-09-10,Sul,20,Básico,Anual,Cartão,9,102.03,3,1,9,47.3,6,Sim,0,
CUST-00354,2024-11-20,Sul,33,Premium,Mensal,Boleto,19,139.65,1,2,6,54.9,7,Sim,1,2026-05-06
CUST-00355,2024-01-10,Sul,64,Padrão,Bienal,Boleto,30,102.26,1,0,8,28.3,2,Não,0,
CUST-00356,2025-03-03,Sul,31,Básico,Mensal,Cartão,16,63.03,2,0,10,58.9,4,Sim,0,
CUST-00357,2024-12-13,Nordeste,36,Padrão,Mensal,Débito automático,18,106.53,1,0,8,13.0,12,Sim,1,2026-06-05
CUST-00358,2024-02-24,Nordeste,28,Básico,Mensal,Cartão,28,51.78,3,0,5,47.6,12,Não,0,
CUST-00359,2025-05-24,Sul,43,Básico,Mensal,Boleto,13,62.38,0,1,7,32.0,2,Sim,0,
CUST-00360,2024-05-01,Sul,30,Padrão,Mensal,Débito automático,26,91.1,3,0,8,12.7,3,Sim,1,2026-01-13
CUST-00361,2023-03-22,Norte,37,Padrão,Anual,Cartão,39,125.22,1,1,8,54.1,10,Sim,0,
CUST-00362,2025-04-04,Sudeste,49,Premium,Bienal,Débito automático,15,150.11,3,2,10,32.3,11,Sim,0,
CUST-00363,2025-08-24,Sudeste,31,Padrão,Mensal,Boleto,10,96.93,2,1,7,49.3,3,Sim,0,
CUST-00364,2021-02-25,Sudeste,48,Básico,Mensal,Boleto,65,49.71,2,0,2,30.7,12,Não,0,
CUST-00365,2021-01-01,Nordeste,49,Padrão,Mensal,Débito automático,66,87.8,1,0,8,30.3,3,Sim,0,
CUST-00366,2024-07-17,Sudeste,52,Padrão,Anual,Boleto,23,79.38,6,0,8,24.8,5,Não,0,
CUST-00367,2024-06-02,Nordeste,41,Básico,Mensal,Pix,25,68.41,3,3,8,33.0,6,Sim,0,
CUST-00368,2024-06-09,Nordeste,75,Premium,Mensal,Boleto,25,149.58,4,0,5,40.5,12,Sim,0,
CUST-00369,2025-01-31,Sudeste,52,Premium,Mensal,Pix,17,147.84,2,0,10,31.4,14,Não,0,
CUST-00370,2024-08-10,Centro-Oeste,43,Básico,Mensal,Cartão,22,45.52,1,0,5,17.0,4,Não,0,
CUST-00371,2026-02-03,Nordeste,28,Padrão,Anual,Cartão,4,103.26,5,1,5,39.0,9,Sim,0,
CUST-00372,2025-10-24,Sudeste,38,Padrão,Mensal,Pix,8,99.3,2,0,7,39.0,26,Sim,1,2026-03-26
CUST-00373,2024-12-29,Sudeste,56,Básico,Mensal,Boleto,18,59.37,1,1,10,16.6,16,Não,0,
CUST-00374,2025-03-08,Sudeste,60,Padrão,Anual,Débito automático,15,88.34,5,2,10,23.4,2,Não,0,
CUST-00375,2025-09-04,Sudeste,57,Básico,Mensal,Débito automático,9,65.09,1,4,8,16.0,7,Sim,0,
CUST-00376,2024-08-27,Sudeste,48,Básico,Anual,Cartão,22,49.73,5,0,9,33.4,8,Não,0,
CUST-00377,2023-06-17,Norte,24,Premium,Mensal,Pix,36,159.98,2,1,4,44.3,6,Sim,0,
CUST-00378,2025-05-13,Sul,45,Padrão,Bienal,Pix,13,97.04,1,1,4,41.8,7,Não,1,2026-03-18
CUST-00379,2026-03-27,Sudeste,24,Básico,Anual,Cartão,3,39.0,1,0,6,13.7,11,Sim,1,2026-04-08
CUST-00380,2024-03-07,Nordeste,21,Padrão,Mensal,Pix,28,127.4,1,1,9,32.5,14,Não,0,
CUST-00381,2024-12-01,Sul,42,Premium,Bienal,Pix,19,167.05,1,0,9,18.5,13,Sim,0,
CUST-00382,2023-03-12,Norte,45,Padrão,Mensal,Débito automático,40,101.52,0,1,5,15.5,11,Sim,1,2026-04-25
CUST-00383,2025-11-22,Nordeste,50,Premium,Mensal,Cartão,7,163.73,2,2,5,32.6,2,Sim,1,2026-01-30
CUST-00384,2025-08-16,Sul,45,Premium,Anual,Boleto,10,187.73,0,1,10,25.1,11,Não,1,2026-04-04
CUST-00385,2025-01-04,Sudeste,45,Básico,Anual,Débito automático,18,74.92,1,1,7,69.7,3,Sim,0,
CUST-00386,2025-06-07,Norte,27,Padrão,Mensal,Boleto,12,103.88,2,0,3,73.3,2,Não,0,
CUST-00387,2022-07-15,Nordeste,38,Padrão,Mensal,Cartão,48,89.08,1,1,5,44.3,4,Sim,1,2026-03-24
CUST-00388,2025-10-06,Norte,21,Padrão,Mensal,Cartão,8,91.29,1,1,8,24.3,1,Sim,0,
CUST-00389,2025-02-03,Sudeste,18,Básico,Anual,Débito automático,17,39.0,2,2,5,11.2,3,Sim,1,2026-02-11
CUST-00390,2020-07-09,Centro-Oeste,48,Básico,Bienal,Cartão,72,53.84,3,0,5,23.7,8,Não,0,
CUST-00391,2025-11-17,Nordeste,30,Básico,Mensal,Cartão,7,68.27,3,1,5,47.6,14,Não,1,2026-01-08
CUST-00392,2024-06-16,Sudeste,49,Padrão,Bienal,Débito automático,24,107.87,3,2,9,26.3,12,Não,0,
CUST-00393,2024-11-27,Sul,52,Padrão,Mensal,Boleto,19,107.63,1,0,7,13.6,5,Não,0,
CUST-00394,2023-11-14,Nordeste,32,Padrão,Anual,Boleto,31,91.78,1,2,10,63.9,4,Sim,0,
CUST-00395,2024-01-20,Sudeste,46,Padrão,Bienal,Cartão,29,106.71,4,1,6,20.1,1,Sim,0,
CUST-00396,2024-02-19,Sul,31,Básico,Anual,Pix,28,70.54,2,0,7,21.5,20,Sim,0,
CUST-00397,2023-01-09,Nordeste,18,Básico,Mensal,Débito automático,42,39.0,0,0,8,57.0,16,Sim,0,
CUST-00398,2023-02-05,Sudeste,40,Padrão,Mensal,Cartão,41,103.26,0,1,6,36.0,8,Sim,0,
CUST-00399,2025-04-04,Sul,33,Padrão,Mensal,Cartão,15,128.13,3,1,4,36.9,14,Sim,0,
CUST-00400,2025-04-27,Sul,34,Padrão,Anual,Cartão,14,94.92,0,1,6,37.4,7,Não,0,
CUST-00401,2023-08-08,Sudeste,63,Básico,Bienal,Boleto,35,39.0,0,0,6,18.8,2,Sim,0,
CUST-00402,2024-04-26,Centro-Oeste,21,Padrão,Mensal,Cartão,26,87.62,3,1,7,43.1,1,Não,1,2026-01-12
CUST-00403,2024-01-20,Nordeste,44,Premium,Mensal,Débito automático,29,133.6,2,0,6,51.5,8,Não,1,2026-03-14
CUST-00404,2024-06-12,Sudeste,27,Básico,Mensal,Cartão,24,50.12,2,1,8,33.9,25,Não,0,
CUST-00405,2025-02-21,Norte,50,Básico,Anual,Cartão,16,41.86,0,1,6,29.5,0,Não,0,
CUST-00406,2023-09-14,Centro-Oeste,43,Padrão,Mensal,Débito automático,34,112.03,3,0,4,59.3,8,Não,1,2026-01-27
CUST-00407,2025-05-20,Sudeste,44,Padrão,Mensal,Débito automático,13,109.9,3,2,6,48.7,6,Sim,0,
CUST-00408,2020-07-04,Centro-Oeste,28,Premium,Anual,Boleto,72,163.8,3,0,5,20.7,9,Não,0,
CUST-00409,2020-08-21,Sudeste,30,Premium,Mensal,Débito automático,71,176.17,1,2,10,45.9,6,Não,1,2026-03-12
CUST-00410,2020-07-04,Norte,50,Padrão,Anual,Cartão,72,91.08,6,1,7,30.1,28,Não,1,2026-03-25
CUST-00411,2024-04-09,Nordeste,60,Básico,Mensal,Pix,27,60.03,2,0,9,37.0,1,Não,0,
CUST-00412,2025-01-03,Nordeste,45,Padrão,Mensal,Cartão,18,129.72,1,0,7,71.3,4,Não,0,
CUST-00413,2021-10-28,Sudeste,28,Premium,Anual,Pix,56,167.19,2,1,10,13.5,5,Sim,0,
CUST-00414,2024-07-10,Centro-Oeste,43,Padrão,Anual,Boleto,24,107.16,1,1,4,9.6,1,Sim,0,
CUST-00415,2023-03-03,Sudeste,68,Premium,Mensal,Débito automático,40,148.25,2,0,5,23.4,12,Não,0,
CUST-00416,2023-02-28,Sudeste,40,Padrão,Anual,Cartão,40,93.17,3,1,9,29.7,4,Sim,0,
CUST-00417,2025-05-10,Sudeste,57,Básico,Mensal,Pix,13,44.96,1,0,6,21.5,4,Não,0,
CUST-00418,2023-09-12,Nordeste,30,Padrão,Mensal,Débito automático,34,122.53,1,1,6,43.5,12,Não,1,2026-02-18
CUST-00419,2023-04-10,Sudeste,38,Padrão,Bienal,Pix,39,77.19,0,2,6,40.4,6,Sim,0,
CUST-00420,2024-08-18,Centro-Oeste,46,Básico,Bienal,Cartão,22,71.8,2,1,10,33.0,2,Não,0,
CUST-00421,2025-10-27,Nordeste,44,Básico,Mensal,Pix,8,67.14,4,0,10,38.3,2,Sim,0,
CUST-00422,2021-11-13,Sudeste,30,Padrão,Bienal,Cartão,56,76.55,3,2,8,37.4,6,Sim,0,
CUST-00423,2020-07-27,Sudeste,29,Básico,Anual,Pix,72,74.99,1,0,8,61.8,14,Sim,0,
CUST-00424,2024-06-02,Sudeste,51,Básico,Mensal,Pix,25,55.38,1,1,9,19.4,3,Sim,0,
CUST-00425,2024-11-09,Sul,53,Padrão,Mensal,Pix,19,80.51,2,1,8,36.2,9,Não,1,2026-03-09
CUST-00426,2025-11-25,Nordeste,57,Padrão,Mensal,Pix,7,104.1,0,1,7,56.5,13,Sim,0,
CUST-00427,2024-04-19,Sudeste,61,Padrão,Anual,Pix,26,87.49,1,3,6,28.8,11,Sim,1,2026-06-02
CUST-00428,2025-01-11,Centro-Oeste,41,Premium,Bienal,Cartão,17,156.13,3,0,6,32.6,4,Não,1,2026-04-09
CUST-00429,2025-11-20,Sudeste,35,Premium,Mensal,Cartão,7,151.92,0,0,8,48.0,11,Sim,0,
CUST-00430,2022-12-20,Nordeste,55,Padrão,Mensal,Pix,42,86.69,1,1,7,10.6,12,Sim,0,
CUST-00431,2023-08-01,Centro-Oeste,48,Básico,Mensal,Débito automático,35,42.36,2,1,10,51.8,1,Não,0,
CUST-00432,2025-03-05,Nordeste,27,Padrão,Mensal,Boleto,16,110.16,3,2,7,39.0,3,Não,0,
CUST-00433,2020-12-31,Nordeste,27,Básico,Anual,Cartão,66,63.55,1,1,5,45.5,5,Não,0,
CUST-00434,2024-08-06,Centro-Oeste,45,Premium,Mensal,Pix,23,162.65,2,2,4,44.0,4,Não,0,
CUST-00435,2024-05-09,Sudeste,37,Padrão,Mensal,Pix,26,93.9,1,0,5,14.5,2,Sim,0,
CUST-00436,2024-09-17,Sudeste,39,Padrão,Mensal,Pix,21,99.72,1,1,4,15.5,2,Sim,0,
CUST-00437,2022-08-21,Sudeste,52,Padrão,Anual,Boleto,46,88.7,2,1,10,8.4,5,Sim,0,
CUST-00438,2023-08-18,Sul,48,Padrão,Anual,Débito automático,34,88.45,2,0,6,14.5,5,Sim,0,
CUST-00439,2026-02-01,Nordeste,55,Premium,Anual,Cartão,4,182.94,2,0,5,18.7,10,Não,0,
CUST-00440,2024-06-13,Nordeste,18,Básico,Mensal,Pix,24,71.38,0,0,8,33.4,5,Sim,0,
CUST-00441,2023-03-10,Centro-Oeste,42,Premium,Anual,Pix,40,151.14,1,2,10,58.1,2,Não,0,
CUST-00442,2025-11-06,Sudeste,47,Básico,Anual,Pix,7,39.0,0,0,6,27.8,12,Sim,0,
CUST-00443,2023-02-20,Nordeste,21,Padrão,Anual,Cartão,40,75.18,3,1,5,31.9,5,Não,0,
CUST-00444,2023-08-04,Sudeste,31,Premium,Anual,Boleto,35,150.12,1,1,6,30.6,8,Sim,0,
CUST-00445,2025-07-14,Sudeste,29,Padrão,Anual,Cartão,11,100.51,3,1,3,41.0,5,Sim,0,
CUST-00446,2024-11-07,Nordeste,39,Básico,Mensal,Boleto,20,60.66,1,1,8,23.3,3,Não,0,
CUST-00447,2025-09-13,Norte,59,Padrão,Mensal,Boleto,9,101.08,2,1,8,31.3,5,Não,0,
CUST-00448,2025-03-07,Nordeste,63,Premium,Bienal,Cartão,16,163.68,0,1,6,49.5,11,Sim,0,
CUST-00449,2024-10-29,Sudeste,29,Básico,Mensal,Débito automático,20,44.46,3,0,5,59.0,15,Não,1,2026-04-17
CUST-00450,2023-06-16,Nordeste,45,Padrão,Bienal,Boleto,37,120.11,0,0,10,56.8,5,Não,0,
CUST-00451,2023-01-30,Sudeste,46,Padrão,Anual,Pix,41,96.24,0,1,5,53.2,8,Sim,0,
CUST-00452,2024-02-26,Centro-Oeste,44,Básico,Bienal,Débito automático,28,63.13,1,0,6,55.3,1,Sim,0,
CUST-00453,2024-11-13,Nordeste,44,Padrão,Mensal,Boleto,19,89.81,2,0,7,33.0,1,Não,0,
CUST-00454,2023-04-09,Sudeste,43,Padrão,Anual,Cartão,39,103.36,4,2,9,22.9,9,Sim,0,
CUST-00455,2024-04-19,Sudeste,59,Básico,Anual,Pix,26,88.08,2,0,7,38.3,11,Sim,0,
CUST-00456,2023-12-14,Sudeste,52,Premium,Mensal,Pix,30,145.15,2,0,7,40.6,3,Não,0,
CUST-00457,2022-11-30,Norte,26,Básico,Mensal,Boleto,43,43.38,3,3,8,28.4,3,Sim,0,
CUST-00458,2023-05-28,Sul,49,Premium,Mensal,Débito automático,37,146.9,3,1,10,23.6,17,Sim,0,
CUST-00459,2023-12-17,Nordeste,50,Padrão,Mensal,Pix,30,94.34,1,1,6,56.0,8,Não,0,
CUST-00460,2023-08-21,Nordeste,43,Padrão,Bienal,Cartão,34,91.7,1,0,6,32.4,4,Sim,0,
CUST-00461,2025-03-17,Sul,53,Padrão,Mensal,Pix,15,84.43,1,0,7,27.5,13,Sim,0,
CUST-00462,2025-04-09,Sudeste,41,Padrão,Anual,Boleto,14,98.3,2,0,9,28.9,2,Não,0,
CUST-00463,2020-07-12,Norte,41,Padrão,Mensal,Pix,72,120.86,6,2,10,35.8,18,Não,0,
CUST-00464,2025-05-25,Sudeste,40,Padrão,Mensal,Cartão,13,96.9,0,1,7,23.1,6,Não,0,
CUST-00465,2022-12-15,Sul,18,Padrão,Bienal,Cartão,43,97.65,3,0,8,40.2,3,Não,0,
CUST-00466,2024-12-04,Nordeste,38,Padrão,Mensal,Boleto,19,103.8,1,1,3,6.0,19,Sim,0,
CUST-00467,2023-06-18,Nordeste,31,Básico,Anual,Cartão,36,68.07,2,0,7,16.5,1,Sim,0,
CUST-00468,2026-03-02,Norte,25,Básico,Mensal,Pix,4,78.23,0,0,7,27.0,4,Sim,0,
CUST-00469,2025-10-08,Sudeste,56,Padrão,Mensal,Cartão,8,102.36,3,1,9,41.6,15,Sim,0,
CUST-00470,2022-09-25,Sul,45,Padrão,Mensal,Pix,45,98.96,2,0,6,27.1,4,Sim,1,2026-04-05
CUST-00471,2025-12-04,Sudeste,39,Padrão,Anual,Cartão,6,85.12,1,3,5,51.1,3,Sim,0,
CUST-00472,2025-03-07,Sul,32,Padrão,Mensal,Cartão,16,109.36,2,1,8,58.5,11,Sim,0,
CUST-00473,2021-09-27,Sudeste,43,Padrão,Anual,Boleto,57,87.18,2,0,4,30.7,9,Não,0,
CUST-00474,2023-01-30,Sudeste,51,Padrão,Anual,Cartão,41,86.74,3,2,5,20.3,11,Sim,0,
CUST-00475,2024-12-10,Sudeste,29,Padrão,Mensal,Cartão,18,101.7,1,0,7,31.2,10,Sim,0,
CUST-00476,2025-05-21,Sudeste,39,Premium,Mensal,Pix,13,180.58,2,0,2,50.3,13,Sim,1,2026-05-17
CUST-00477,2021-04-03,Sudeste,49,Básico,Mensal,Cartão,63,69.17,5,1,7,19.4,8,Sim,1,2026-01-24
CUST-00478,2025-04-22,Nordeste,18,Padrão,Anual,Cartão,14,98.47,1,0,10,43.7,7,Sim,0,
CUST-00479,2024-02-01,Nordeste,38,Básico,Mensal,Pix,29,45.26,3,0,4,30.2,16,Não,1,2026-01-23
CUST-00480,2021-12-24,Sudeste,34,Padrão,Mensal,Pix,54,120.31,3,3,6,45.2,26,Sim,0,
CUST-00481,2023-10-07,Sudeste,37,Padrão,Mensal,Pix,33,98.21,0,1,8,40.0,8,Sim,0,
CUST-00482,2022-01-20,Sudeste,33,Padrão,Mensal,Débito automático,54,94.94,5,0,9,24.3,3,Sim,0,
CUST-00483,2024-12-26,Sul,41,Padrão,Anual,Pix,18,106.77,2,0,7,30.4,5,Não,0,
CUST-00484,2025-08-16,Sudeste,62,Padrão,Mensal,Pix,10,92.73,2,1,7,41.0,2,Sim,0,
CUST-00485,2023-06-02,Sudeste,35,Básico,Mensal,Débito automático,37,48.46,3,3,10,49.2,18,Sim,0,
CUST-00486,2022-05-17,Sudeste,43,Padrão,Mensal,Pix,50,89.8,1,0,8,30.3,4,Sim,0,
CUST-00487,2023-09-02,Sul,63,Básico,Anual,Boleto,34,49.76,1,0,5,50.2,4,Sim,0,
CUST-00488,2025-07-02,Sudeste,32,Premium,Anual,Pix,12,143.22,3,0,7,75.1,7,Sim,0,
CUST-00489,2020-07-31,Sul,61,Padrão,Mensal,Boleto,72,81.66,3,0,7,51.8,3,Sim,1,2026-02-05
CUST-00490,2025-09-15,Sul,39,Padrão,Mensal,Débito automático,9,112.61,0,2,6,32.6,3,Sim,0,
CUST-00491,2024-03-28,Nordeste,60,Premium,Anual,Cartão,27,168.36,1,0,4,32.0,2,Sim,0,
CUST-00492,2022-01-10,Nordeste,48,Padrão,Mensal,Débito automático,54,87.48,3,0,7,15.1,2,Sim,0,
CUST-00493,2024-06-04,Nordeste,43,Padrão,Mensal,Pix,25,111.44,1,0,8,29.6,9,Sim,1,2026-05-10
CUST-00494,2023-05-16,Sudeste,38,Básico,Mensal,Pix,38,63.33,0,1,9,44.0,8,Sim,1,2026-01-27
CUST-00495,2025-12-29,Nordeste,32,Básico,Mensal,Pix,6,54.47,4,0,7,49.2,4,Sim,0,
CUST-00496,2023-05-30,Sul,40,Premium,Mensal,Cartão,37,141.84,2,0,7,18.9,29,Sim,0,
CUST-00497,2025-07-17,Sul,50,Premium,Mensal,Cartão,11,163.78,1,1,6,39.7,7,Não,0,
CUST-00498,2024-02-12,Nordeste,39,Padrão,Mensal,Débito automático,28,125.12,0,3,9,54.4,17,Sim,0,
CUST-00499,2025-10-18,Sudeste,35,Básico,Mensal,Boleto,8,59.2,1,1,5,18.5,5,Não,1,2026-04-06
CUST-00500,2023-04-17,Sul,36,Básico,Mensal,Débito automático,39,72.98,1,0,6,37.2,1,Sim,1,2026-02-22
CUST-00501,2023-08-27,Nordeste,51,Premium,Mensal,Cartão,34,156.04,1,0,5,24.8,22,Não,0,
CUST-00502,2024-04-03,Centro-Oeste,54,Básico,Mensal,Cartão,27,71.91,2,1,7,16.7,27,Não,1,2026-05-01
CUST-00503,2022-09-21,Centro-Oeste,31,Padrão,Anual,Cartão,45,96.9,0,1,10,30.7,19,Não,0,
CUST-00504,2023-06-26,Sul,31,Básico,Anual,Cartão,36,39.0,2,0,5,14.1,8,Sim,1,2026-04-30
CUST-00505,2025-10-06,Sul,44,Básico,Bienal,Pix,8,48.9,0,0,8,24.4,9,Não,0,
CUST-00506,2022-09-25,Nordeste,57,Padrão,Mensal,Débito automático,45,100.85,1,2,8,33.6,5,Sim,0,
CUST-00507,2023-06-25,Sudeste,53,Premium,Mensal,Débito automático,36,174.16,0,0,5,49.3,15,Sim,1,2026-04-17
CUST-00508,2025-05-20,Centro-Oeste,24,Padrão,Mensal,Pix,13,96.85,3,0,7,19.3,8,Não,0,
CUST-00509,2024-06-01,Sul,36,Padrão,Bienal,Pix,25,99.42,3,0,5,28.7,12,Sim,0,
CUST-00510,2025-01-26,Sudeste,28,Padrão,Mensal,Pix,17,90.78,2,0,7,49.7,2,Não,1,2026-01-30
CUST-00511,2020-07-29,Sudeste,36,Premium,Mensal,Pix,72,180.85,1,0,7,22.3,4,Sim,1,2026-02-25
CUST-00512,2025-08-30,Centro-Oeste,58,Padrão,Anual,Boleto,10,120.01,2,1,10,17.2,12,Sim,0,
CUST-00513,2024-12-09,Sudeste,22,Padrão,Mensal,Pix,18,89.53,0,0,5,57.9,3,Sim,1,2026-02-24
CUST-00514,2024-08-05,Sudeste,20,Padrão,Mensal,Cartão,23,77.77,3,0,7,31.6,5,Não,0,
CUST-00515,2024-04-07,Sudeste,29,Básico,Mensal,Cartão,27,39.0,0,0,6,50.8,6,Não,0,
CUST-00516,2024-12-09,Sudeste,42,Básico,Anual,Débito automático,18,67.45,4,1,10,24.0,9,Não,0,
CUST-00517,2024-04-25,Sudeste,46,Premium,Anual,Boleto,26,160.89,5,1,6,44.5,3,Não,1,2026-02-11
CUST-00518,2023-09-14,Nordeste,44,Padrão,Mensal,Débito automático,34,88.05,0,0,5,50.3,12,Sim,0,
CUST-00519,2025-04-23,Sudeste,53,Básico,Anual,Cartão,14,62.81,3,1,5,25.2,7,Sim,0,
CUST-00520,2024-11-18,Nordeste,18,Básico,Mensal,Pix,19,41.78,1,0,5,43.3,0,Sim,0,
CUST-00521,2020-10-15,Centro-Oeste,53,Premium,Mensal,Cartão,69,170.13,3,1,6,23.0,1,Não,0,
CUST-00522,2022-10-02,Sudeste,35,Padrão,Bienal,Débito automático,45,93.65,1,0,5,57.3,1,Sim,0,
CUST-00523,2022-10-05,Sudeste,48,Padrão,Anual,Cartão,45,83.86,1,0,7,23.1,2,Sim,0,
CUST-00524,2025-10-10,Sul,23,Básico,Bienal,Boleto,8,53.86,1,0,4,59.1,11,Não,0,
CUST-00525,2020-07-28,Sudeste,39,Premium,Anual,Cartão,72,153.38,1,0,8,39.5,1,Sim,0,
CUST-00526,2024-08-06,Sudeste,42,Premium,Mensal,Cartão,23,164.11,3,0,7,29.1,30,Não,1,2026-02-23
CUST-00527,2022-07-12,Norte,53,Padrão,Mensal,Cartão,48,115.32,1,1,10,62.6,2,Não,0,
CUST-00528,2024-02-23,Norte,20,Básico,Mensal,Pix,28,74.6,2,0,8,24.6,4,Sim,0,
CUST-00529,2026-01-03,Nordeste,39,Padrão,Mensal,Débito automático,5,101.23,5,0,8,74.7,7,Sim,0,
CUST-00530,2024-11-19,Sudeste,26,Premium,Mensal,Débito automático,19,156.38,3,0,10,43.5,3,Não,0,
CUST-00531,2022-09-13,Nordeste,45,Padrão,Mensal,Boleto,46,91.04,2,0,8,18.0,4,Sim,0,
CUST-00532,2022-08-26,Nordeste,48,Premium,Mensal,Pix,46,134.25,1,1,7,27.0,2,Não,0,
CUST-00533,2024-02-15,Sudeste,54,Padrão,Anual,Boleto,28,98.73,1,2,5,29.8,4,Não,0,
CUST-00534,2025-08-05,Nordeste,33,Básico,Mensal,Cartão,10,47.09,0,0,10,75.7,3,Sim,0,
CUST-00535,2022-05-27,Sudeste,50,Padrão,Mensal,Boleto,49,116.06,1,0,5,55.7,7,Não,0,
CUST-00536,2025-04-16,Sudeste,55,Padrão,Anual,Boleto,14,96.19,5,2,5,49.5,4,Não,0,
CUST-00537,2024-03-01,Sul,19,Básico,Anual,Pix,28,69.46,0,2,5,25.1,0,Sim,0,
CUST-00538,2023-07-27,Sudeste,46,Básico,Mensal,Cartão,35,52.24,2,1,6,31.1,27,Não,0,
CUST-00539,2023-04-27,Sudeste,51,Padrão,Anual,Cartão,38,89.54,0,0,7,44.1,1,Não,0,
CUST-00540,2023-08-10,Centro-Oeste,36,Padrão,Anual,Pix,35,107.47,1,2,7,45.1,9,Não,0,
CUST-00541,2025-05-31,Norte,24,Padrão,Anual,Débito automático,13,102.89,3,0,8,61.5,3,Sim,0,
CUST-00542,2024-12-23,Sul,50,Básico,Mensal,Boleto,18,63.51,1,0,5,32.1,7,Sim,0,
CUST-00543,2025-07-05,Centro-Oeste,25,Básico,Mensal,Pix,12,57.69,5,0,5,30.2,1,Não,1,2026-04-14
CUST-00544,2023-02-24,Norte,37,Básico,Anual,Pix,40,70.05,4,0,7,44.3,8,Sim,0,
CUST-00545,2023-06-18,Sudeste,39,Padrão,Mensal,Boleto,36,108.03,2,0,5,62.8,11,Sim,0,
CUST-00546,2025-04-08,Sul,48,Padrão,Anual,Cartão,14,68.52,0,0,4,3.8,6,Sim,0,
CUST-00547,2022-11-07,Sudeste,31,Padrão,Anual,Cartão,44,95.4,2,0,4,14.3,7,Não,0,
CUST-00548,2022-12-12,Sudeste,31,Padrão,Anual,Boleto,43,113.21,3,0,7,44.6,2,Sim,0,
CUST-00549,2022-02-14,Nordeste,40,Básico,Bienal,Cartão,53,44.73,4,2,7,26.5,4,Sim,0,
CUST-00550,2023-08-14,Sul,51,Padrão,Anual,Cartão,35,75.31,1,1,7,21.4,1,Sim,0,
CUST-00551,2023-05-23,Sul,66,Premium,Bienal,Pix,37,157.06,1,1,10,16.0,1,Não,0,
CUST-00552,2024-11-14,Sudeste,21,Padrão,Anual,Cartão,19,106.29,0,0,8,22.5,13,Não,0,
CUST-00553,2024-09-08,Sudeste,43,Básico,Mensal,Débito automático,22,52.55,6,0,7,34.5,37,Não,0,
CUST-00554,2022-05-18,Centro-Oeste,26,Padrão,Anual,Débito automático,50,117.1,0,1,10,30.5,9,Sim,0,
CUST-00555,2025-03-03,Sudeste,51,Básico,Anual,Débito automático,16,84.81,1,2,9,32.2,7,Não,0,
CUST-00556,2025-05-17,Sudeste,28,Básico,Bienal,Débito automático,13,39.0,3,3,6,31.6,0,Sim,0,
CUST-00557,2023-06-15,Sudeste,31,Básico,Mensal,Cartão,37,53.62,4,0,9,42.3,6,Sim,0,
CUST-00558,2026-01-24,Sul,32,Básico,Mensal,Pix,5,39.0,1,0,10,44.0,1,Não,0,
CUST-00559,2025-03-29,Sul,38,Básico,Anual,Boleto,15,68.25,1,1,10,19.0,8,Sim,0,
CUST-00560,2021-12-25,Sul,43,Padrão,Mensal,Cartão,54,89.48,1,0,9,28.0,19,Sim,0,
CUST-00561,2021-05-29,Sudeste,45,Básico,Anual,Débito automático,61,52.34,3,0,8,72.9,2,Não,0,
CUST-00562,2022-07-27,Sudeste,39,Padrão,Mensal,Cartão,47,115.07,1,0,8,19.4,6,Não,1,2026-06-23
CUST-00563,2024-04-06,Centro-Oeste,23,Premium,Mensal,Pix,27,140.4,3,0,10,37.1,6,Sim,0,
CUST-00564,2025-05-19,Nordeste,48,Padrão,Mensal,Boleto,13,76.89,2,0,4,46.4,6,Não,1,2026-04-16
CUST-00565,2025-11-01,Nordeste,38,Padrão,Anual,Débito automático,8,67.12,2,0,10,54.5,9,Não,0,
CUST-00566,2024-11-04,Nordeste,53,Padrão,Mensal,Boleto,20,116.79,2,1,7,41.7,2,Não,0,
CUST-00567,2025-10-18,Nordeste,31,Básico,Anual,Pix,8,73.54,4,0,5,29.0,1,Não,1,2026-03-16
CUST-00568,2020-07-14,Sudeste,20,Padrão,Anual,Cartão,72,94.89,1,0,5,24.6,21,Não,0,
CUST-00569,2024-11-15,Sudeste,39,Padrão,Anual,Pix,19,81.15,1,0,4,41.2,8,Não,0,
CUST-00570,2024-10-07,Sul,55,Premium,Mensal,Boleto,21,170.68,2,0,8,48.4,16,Sim,0,
CUST-00571,2022-12-28,Sudeste,41,Padrão,Mensal,Pix,42,137.57,2,1,10,61.3,14,Não,0,
CUST-00572,2025-11-30,Centro-Oeste,37,Premium,Anual,Boleto,7,155.7,1,0,6,56.8,3,Não,0,
CUST-00573,2024-09-17,Sul,29,Padrão,Mensal,Cartão,21,82.16,6,3,5,50.3,10,Sim,1,2026-05-09
CUST-00574,2024-05-21,Nordeste,60,Padrão,Mensal,Cartão,25,116.38,1,1,10,16.6,10,Sim,1,2026-03-30
CUST-00575,2025-09-06,Centro-Oeste,27,Premium,Bienal,Débito automático,9,143.15,1,1,7,19.2,4,Não,0,
CUST-00576,2025-06-01,Sul,30,Premium,Mensal,Cartão,13,153.87,2,0,10,90.9,3,Sim,1,2026-04-05
CUST-00577,2025-02-08,Centro-Oeste,46,Padrão,Mensal,Boleto,16,62.06,1,0,5,32.1,4,Sim,0,
CUST-00578,2022-07-19,Sul,18,Premium,Bienal,Pix,48,154.75,0,1,8,39.2,5,Não,0,
CUST-00579,2021-06-27,Centro-Oeste,54,Premium,Mensal,Débito automático,60,141.1,2,1,10,9.9,4,Sim,0,
CUST-00580,2023-09-01,Sudeste,46,Padrão,Mensal,Cartão,34,116.62,2,0,5,51.6,2,Não,1,2026-01-19
CUST-00581,2024-06-20,Sul,50,Básico,Mensal,Cartão,24,45.33,4,1,6,35.3,9,Sim,0,
CUST-00582,2021-12-24,Sul,46,Básico,Anual,Débito automático,54,69.92,2,0,6,34.6,1,Sim,0,
CUST-00583,2022-11-09,Sudeste,37,Padrão,Bienal,Boleto,44,97.53,4,0,9,87.2,11,Sim,0,
CUST-00584,2020-07-09,Sudeste,26,Básico,Anual,Pix,72,60.76,2,0,10,41.8,28,Não,0,
CUST-00585,2025-12-09,Centro-Oeste,37,Padrão,Bienal,Pix,6,106.31,5,1,6,30.6,7,Sim,0,
CUST-00586,2024-04-26,Nordeste,27,Padrão,Mensal,Pix,26,98.25,2,0,10,34.8,6,Sim,0,
CUST-00587,2025-01-23,Sudeste,45,Premium,Anual,Débito automático,17,149.93,0,0,7,25.5,4,Não,0,
CUST-00588,2025-11-27,Sudeste,49,Premium,Mensal,Boleto,7,147.63,3,1,6,20.3,13,Não,1,2026-05-15
CUST-00589,2024-04-25,Sudeste,57,Padrão,Bienal,Débito automático,26,106.13,3,0,10,31.8,5,Não,0,
CUST-00590,2020-07-24,Sudeste,43,Padrão,Bienal,Débito automático,72,72.38,0,0,7,14.9,6,Sim,0,
CUST-00591,2025-07-28,Centro-Oeste,50,Básico,Mensal,Pix,11,82.49,1,0,6,28.0,8,Sim,0,
CUST-00592,2020-07-07,Sul,35,Padrão,Anual,Pix,72,100.85,2,0,6,8.8,2,Não,0,
CUST-00593,2022-10-30,Sudeste,33,Básico,Anual,Boleto,44,54.28,1,1,10,50.8,2,Sim,0,
CUST-00594,2021-11-22,Sul,45,Padrão,Mensal,Boleto,56,102.73,1,1,5,77.2,4,Sim,0,
CUST-00595,2021-12-14,Sudeste,34,Premium,Anual,Boleto,55,150.68,2,0,9,31.6,3,Não,0,
CUST-00596,2023-08-29,Sudeste,42,Padrão,Bienal,Cartão,34,96.51,2,0,5,21.4,19,Não,0,
CUST-00597,2024-11-15,Nordeste,26,Padrão,Mensal,Débito automático,19,83.16,4,1,6,37.1,6,Não,0,
CUST-00598,2025-10-06,Nordeste,28,Padrão,Mensal,Boleto,8,104.25,1,0,7,54.1,2,Sim,0,
CUST-00599,2025-07-23,Norte,47,Premium,Bienal,Débito automático,11,157.9,0,0,8,23.6,4,Não,0,
CUST-00600,2023-06-03,Nordeste,50,Padrão,Mensal,Pix,37,101.62,2,0,4,44.6,10,Sim,0,
CUST-00601,2024-11-02,Sul,27,Padrão,Mensal,Pix,20,119.76,2,0,6,15.8,17,Sim,1,2026-02-02
CUST-00602,2025-06-08,Nordeste,47,Básico,Anual,Boleto,12,47.74,1,1,9,36.8,45,Sim,0,
CUST-00603,2023-12-06,Centro-Oeste,33,Padrão,Anual,Boleto,31,97.2,3,1,9,46.3,1,Não,0,
CUST-00604,2023-09-22,Nordeste,39,Básico,Mensal,Cartão,33,39.0,3,1,6,13.9,27,Sim,1,2026-06-03
CUST-00605,2022-12-23,Norte,56,Padrão,Mensal,Pix,42,106.7,2,0,5,46.7,8,Não,0,
CUST-00606,2025-04-15,Nordeste,49,Padrão,Anual,Boleto,14,98.76,2,0,8,30.1,17,Sim,0,
CUST-00607,2024-06-24,Centro-Oeste,49,Básico,Mensal,Débito automático,24,59.24,1,0,9,65.5,3,Não,1,2026-02-04
CUST-00608,2025-04-24,Sudeste,62,Padrão,Anual,Cartão,14,96.8,2,0,7,36.4,16,Sim,0,
CUST-00609,2025-08-19,Nordeste,31,Básico,Anual,Cartão,10,50.91,2,1,10,48.0,18,Não,0,
CUST-00610,2022-05-17,Sul,27,Básico,Mensal,Pix,50,93.94,4,1,7,73.2,12,Não,0,
CUST-00611,2022-06-27,Sul,30,Básico,Anual,Cartão,48,59.54,2,2,4,30.1,24,Não,1,2026-05-03
CUST-00612,2025-12-25,Nordeste,36,Básico,Anual,Cartão,6,63.15,0,1,6,11.6,2,Não,1,2026-05-15
CUST-00613,2024-03-26,Norte,18,Premium,Bienal,Pix,27,143.05,3,0,7,21.2,4,Sim,0,
CUST-00614,2022-01-18,Norte,37,Premium,Mensal,Boleto,54,171.39,1,1,6,34.0,5,Sim,0,
CUST-00615,2022-11-21,Sudeste,32,Padrão,Mensal,Pix,43,97.27,0,1,6,94.0,2,Sim,0,
CUST-00616,2025-05-15,Nordeste,48,Padrão,Anual,Pix,13,105.24,2,1,9,64.7,10,Sim,0,
CUST-00617,2021-09-08,Nordeste,43,Padrão,Bienal,Débito automático,58,111.63,1,0,5,23.8,11,Sim,0,
CUST-00618,2022-01-05,Sudeste,32,Premium,Bienal,Pix,54,157.55,3,0,4,29.6,1,Não,0,
CUST-00619,2023-11-06,Sudeste,46,Padrão,Mensal,Boleto,32,89.52,1,1,9,45.5,15,Sim,0,
CUST-00620,2024-09-21,Sudeste,48,Básico,Mensal,Cartão,21,39.0,0,1,8,58.8,12,Não,0,
CUST-00621,2025-06-04,Nordeste,30,Padrão,Mensal,Boleto,13,93.58,1,0,5,14.5,10,Sim,0,
CUST-00622,2024-05-02,Sul,33,Premium,Anual,Boleto,26,149.45,2,1,9,45.7,8,Não,0,
CUST-00623,2021-03-05,Norte,18,Básico,Anual,Cartão,64,43.0,1,0,5,34.3,27,Sim,0,
CUST-00624,2025-05-29,Sul,26,Padrão,Anual,Boleto,13,119.34,3,0,6,12.7,9,Sim,1,2026-04-27
CUST-00625,2020-12-05,Norte,30,Básico,Mensal,Boleto,67,72.76,1,1,5,27.5,4,Não,0,
CUST-00626,2022-12-26,Sudeste,40,Padrão,Bienal,Pix,42,73.38,1,0,6,24.8,3,Sim,0,
CUST-00627,2024-05-02,Nordeste,28,Padrão,Mensal,Boleto,26,101.15,2,1,8,24.5,16,Não,1,2026-01-22
CUST-00628,2021-12-17,Sudeste,33,Básico,Mensal,Cartão,55,47.56,1,0,8,58.7,4,Não,1,2026-01-11
CUST-00629,2024-05-20,Sul,24,Premium,Mensal,Pix,25,164.14,3,0,5,40.2,9,Sim,1,2026-03-31
CUST-00630,2024-08-06,Nordeste,41,Padrão,Mensal,Débito automático,23,87.8,2,2,7,27.7,2,Sim,0,
CUST-00631,2022-07-15,Centro-Oeste,44,Básico,Anual,Cartão,48,51.45,2,1,8,24.6,24,Não,0,
CUST-00632,2026-05-17,Nordeste,44,Padrão,Anual,Cartão,1,112.48,0,2,9,37.4,15,Não,0,
CUST-00633,2024-04-01,Sudeste,39,Padrão,Mensal,Cartão,27,110.47,1,0,8,26.8,16,Sim,1,2026-05-07
CUST-00634,2024-05-20,Sudeste,21,Padrão,Mensal,Débito automático,25,120.13,1,0,9,46.6,13,Sim,0,
CUST-00635,2025-02-03,Sudeste,32,Padrão,Mensal,Cartão,17,95.96,1,1,7,30.8,7,Sim,1,2026-02-24
CUST-00636,2024-09-08,Sudeste,34,Premium,Anual,Cartão,22,138.62,2,0,5,11.0,2,Não,0,
CUST-00637,2020-07-26,Nordeste,34,Padrão,Mensal,Boleto,72,111.9,4,1,7,14.9,2,Sim,1,2026-01-03
CUST-00638,2026-03-25,Nordeste,40,Básico,Mensal,Boleto,3,71.98,0,0,10,22.9,12,Sim,0,
CUST-00639,2025-05-25,Nordeste,56,Básico,Mensal,Pix,13,67.8,0,0,10,30.5,6,Sim,1,2026-01-01
CUST-00640,2025-03-17,Centro-Oeste,49,Básico,Anual,Débito automático,15,48.59,0,2,2,40.2,7,Sim,0,
CUST-00641,2024-06-29,Nordeste,27,Padrão,Mensal,Cartão,24,84.01,0,0,8,38.8,8,Não,0,
CUST-00642,2024-09-26,Nordeste,47,Básico,Mensal,Boleto,21,66.5,1,0,6,68.2,1,Sim,0,
CUST-00643,2023-12-17,Sudeste,47,Padrão,Mensal,Pix,30,86.59,1,1,8,7.1,11,Sim,0,
CUST-00644,2026-03-02,Sudeste,29,Padrão,Mensal,Cartão,4,94.69,4,0,4,6.3,6,Sim,1,2026-03-22
CUST-00645,2024-01-25,Nordeste,49,Premium,Mensal,Débito automático,29,199.69,3,0,6,13.6,21,Não,1,2026-06-08
CUST-00646,2020-07-10,Centro-Oeste,37,Padrão,Mensal,Pix,72,128.81,3,1,4,20.0,6,Sim,0,
CUST-00647,2024-03-25,Sudeste,22,Premium,Anual,Cartão,27,170.1,2,0,6,47.7,15,Não,0,
CUST-00648,2024-09-02,Sul,44,Premium,Mensal,Cartão,22,149.73,2,0,8,37.2,14,Não,1,2026-03-01
CUST-00649,2024-07-05,Nordeste,42,Básico,Mensal,Cartão,24,48.89,1,0,8,13.7,7,Sim,0,
CUST-00650,2024-10-30,Sudeste,36,Padrão,Bienal,Débito automático,20,109.02,2,1,10,20.2,2,Sim,0,
CUST-00651,2022-12-29,Sudeste,39,Básico,Mensal,Cartão,42,79.96,1,1,6,21.0,10,Sim,1,2026-05-01
CUST-00652,2023-10-30,Centro-Oeste,30,Premium,Mensal,Débito automático,32,151.84,1,2,5,18.4,13,Sim,0,
CUST-00653,2023-11-17,Nordeste,46,Padrão,Mensal,Cartão,31,92.6,3,0,10,26.8,28,Não,0,
CUST-00654,2021-11-26,Sudeste,38,Básico,Mensal,Débito automático,55,60.23,0,1,3,23.6,14,Não,1,2026-04-23
CUST-00655,2022-12-24,Centro-Oeste,41,Básico,Mensal,Boleto,42,39.55,3,1,8,24.6,8,Não,0,
CUST-00656,2026-03-19,Sudeste,43,Padrão,Anual,Cartão,3,79.98,3,2,8,14.3,9,Sim,1,2026-04-16
CUST-00657,2024-11-29,Centro-Oeste,25,Padrão,Mensal,Cartão,19,82.54,2,0,2,40.1,9,Sim,0,
CUST-00658,2025-10-01,Sudeste,28,Padrão,Anual,Boleto,9,106.64,0,1,5,31.2,13,Não,0,
CUST-00659,2025-04-23,Sul,18,Básico,Bienal,Cartão,14,62.81,2,0,4,22.6,5,Sim,0,
CUST-00660,2025-01-23,Sudeste,46,Básico,Mensal,Cartão,17,74.92,3,2,9,16.3,8,Sim,0,
CUST-00661,2025-04-23,Sudeste,24,Padrão,Anual,Boleto,14,74.68,2,1,6,25.7,1,Sim,0,
CUST-00662,2022-12-08,Centro-Oeste,41,Padrão,Mensal,Débito automático,43,77.76,0,1,7,11.3,3,Não,1,2026-06-08
CUST-00663,2023-03-30,Sudeste,43,Básico,Mensal,Boleto,39,65.38,1,1,4,37.5,9,Não,1,2026-05-27
CUST-00664,2024-12-04,Sudeste,46,Básico,Anual,Débito automático,19,46.79,1,0,5,39.1,18,Sim,0,
CUST-00665,2023-05-15,Sudeste,25,Premium,Mensal,Pix,38,147.81,2,0,5,30.4,8,Sim,1,2026-02-20
CUST-00666,2023-08-11,Nordeste,38,Padrão,Bienal,Boleto,35,113.18,3,0,7,66.6,14,Não,0,
CUST-00667,2024-03-12,Nordeste,59,Padrão,Anual,Pix,28,91.26,3,0,6,39.7,15,Não,0,
CUST-00668,2024-07-23,Norte,60,Padrão,Mensal,Boleto,23,92.9,1,1,10,45.5,14,Sim,0,
CUST-00669,2022-09-06,Sudeste,51,Padrão,Mensal,Boleto,46,95.5,1,0,9,38.4,1,Não,0,
CUST-00670,2024-05-12,Sudeste,43,Padrão,Anual,Pix,25,96.35,1,2,3,38.6,4,Sim,0,
CUST-00671,2023-12-22,Sudeste,27,Básico,Mensal,Débito automático,30,68.59,2,0,9,33.8,18,Não,1,2026-02-09
CUST-00672,2024-01-16,Sul,48,Básico,Mensal,Pix,29,42.06,3,1,9,44.6,6,Sim,0,
CUST-00673,2025-02-04,Norte,37,Premium,Mensal,Pix,17,156.37,4,0,7,32.4,7,Não,0,
CUST-00674,2025-01-12,Nordeste,46,Premium,Mensal,Pix,17,175.27,2,1,9,17.2,8,Sim,0,
CUST-00675,2024-08-28,Sul,31,Padrão,Bienal,Cartão,22,128.86,1,2,10,47.4,21,Sim,0,
CUST-00676,2022-12-11,Sudeste,37,Básico,Mensal,Cartão,43,40.01,3,0,6,37.9,3,Sim,1,2026-02-04
CUST-00677,2024-06-25,Centro-Oeste,41,Básico,Mensal,Débito automático,24,63.63,4,0,5,18.1,13,Não,0,
CUST-00678,2026-01-14,Sul,42,Básico,Anual,Pix,5,56.34,2,1,8,29.5,9,Sim,0,
CUST-00679,2023-11-11,Sudeste,45,Premium,Anual,Boleto,32,157.62,1,1,5,12.7,8,Sim,0,
CUST-00680,2025-01-02,Sudeste,32,Padrão,Bienal,Pix,18,87.95,4,2,8,57.8,4,Sim,0,
CUST-00681,2025-04-10,Sudeste,23,Padrão,Bienal,Débito automático,14,109.58,0,0,5,36.7,11,Sim,0,
CUST-00682,2023-03-06,Sudeste,58,Premium,Mensal,Boleto,40,168.86,3,2,9,15.3,6,Não,0,
CUST-00683,2023-02-18,Sudeste,69,Básico,Mensal,Cartão,40,94.32,2,0,6,27.8,19,Sim,0,
CUST-00684,2024-02-19,Sul,44,Padrão,Anual,Pix,28,80.5,1,1,7,17.3,13,Sim,0,
CUST-00685,2024-10-04,Nordeste,23,Básico,Mensal,Boleto,21,39.0,0,0,7,23.4,12,Não,0,
CUST-00686,2024-12-01,Sudeste,30,Básico,Anual,Cartão,19,87.77,0,0,4,38.7,16,Não,0,
CUST-00687,2025-09-28,Sudeste,45,Premium,Mensal,Pix,9,158.27,2,1,9,46.7,3,Sim,0,
CUST-00688,2026-03-07,Norte,55,Premium,Bienal,Cartão,3,152.6,1,0,10,15.9,24,Não,1,2026-04-01
CUST-00689,2024-11-28,Nordeste,24,Básico,Anual,Cartão,19,61.64,0,0,7,57.8,9,Sim,0,
CUST-00690,2024-10-16,Sul,38,Básico,Mensal,Débito automático,20,39.47,0,2,6,52.1,7,Não,0,
CUST-00691,2025-05-19,Sudeste,41,Padrão,Mensal,Débito automático,13,104.26,0,0,7,25.1,16,Não,1,2026-04-09
CUST-00692,2021-12-04,Centro-Oeste,49,Básico,Bienal,Boleto,55,57.88,2,2,6,21.1,3,Não,0,
CUST-00693,2025-01-21,Sudeste,35,Padrão,Anual,Cartão,17,114.03,2,1,7,43.7,8,Sim,0,
CUST-00694,2024-02-15,Sudeste,20,Padrão,Anual,Débito automático,28,111.0,1,0,6,86.9,7,Sim,0,
CUST-00695,2023-10-17,Centro-Oeste,46,Básico,Anual,Boleto,32,72.16,0,1,5,31.1,5,Sim,0,
CUST-00696,2023-08-07,Sul,52,Básico,Mensal,Débito automático,35,61.67,2,1,9,24.1,13,Sim,0,
CUST-00697,2025-03-06,Nordeste,38,Básico,Mensal,Cartão,16,81.46,1,2,7,22.6,11,Sim,0,
CUST-00698,2024-09-10,Sul,44,Premium,Mensal,Cartão,21,167.07,1,1,10,4.9,6,Não,0,
CUST-00699,2024-04-27,Nordeste,33,Padrão,Anual,Boleto,26,91.54,0,0,7,19.6,18,Sim,0,
CUST-00700,2025-02-24,Sudeste,29,Padrão,Anual,Débito automático,16,87.67,1,0,6,5.9,9,Sim,0,
CUST-00701,2022-04-14,Sudeste,51,Básico,Mensal,Cartão,51,49.25,0,2,7,48.0,11,Sim,0,
CUST-00702,2020-07-19,Sudeste,44,Padrão,Bienal,Cartão,72,107.24,3,0,6,55.1,12,Sim,0,
CUST-00703,2023-11-16,Sudeste,45,Básico,Mensal,Pix,31,40.36,1,1,7,24.8,3,Sim,0,
CUST-00704,2023-11-19,Centro-Oeste,57,Básico,Anual,Débito automático,31,61.17,1,2,8,29.3,7,Sim,0,
CUST-00705,2022-05-26,Sudeste,26,Padrão,Mensal,Boleto,49,87.34,3,2,5,19.8,6,Não,0,
CUST-00706,2022-11-23,Sul,32,Padrão,Mensal,Débito automático,43,81.46,3,1,5,20.5,5,Sim,1,2026-02-15
CUST-00707,2024-05-24,Nordeste,41,Básico,Mensal,Boleto,25,43.72,2,1,9,29.9,5,Não,0,
CUST-00708,2020-10-08,Nordeste,32,Básico,Anual,Débito automático,69,58.67,3,1,8,35.6,30,Sim,0,
CUST-00709,2025-01-14,Sul,48,Premium,Anual,Pix,17,169.69,1,1,4,68.4,4,Sim,0,
CUST-00710,2023-03-07,Sul,37,Básico,Mensal,Cartão,40,49.54,0,0,8,13.1,16,Sim,1,2026-02-13
CUST-00711,2024-09-13,Norte,27,Básico,Mensal,Boleto,21,39.0,2,0,9,28.1,11,Não,0,
CUST-00712,2023-08-19,Nordeste,40,Padrão,Anual,Pix,34,143.16,0,0,8,34.7,9,Sim,0,
CUST-00713,2024-11-29,Nordeste,41,Básico,Mensal,Pix,19,74.65,3,1,4,26.4,5,Sim,1,2026-06-13
CUST-00714,2020-11-05,Centro-Oeste,50,Padrão,Anual,Cartão,68,112.05,1,0,4,40.1,1,Sim,0,
CUST-00715,2022-04-14,Nordeste,44,Padrão,Mensal,Boleto,51,121.79,0,1,7,49.9,4,Sim,0,
CUST-00716,2023-10-01,Sudeste,45,Padrão,Anual,Boleto,33,100.29,2,0,10,26.7,5,Sim,1,2026-05-11
CUST-00717,2022-12-17,Sul,43,Padrão,Anual,Pix,43,97.11,3,0,6,28.9,7,Não,0,
CUST-00718,2025-05-25,Sudeste,37,Padrão,Mensal,Débito automático,13,117.98,2,1,8,23.1,19,Sim,0,
CUST-00719,2025-10-21,Nordeste,30,Padrão,Anual,Pix,8,117.89,4,0,6,41.2,6,Sim,0,
CUST-00720,2025-02-20,Norte,42,Básico,Mensal,Cartão,16,67.61,1,0,10,18.8,0,Sim,0,
CUST-00721,2021-01-11,Sul,35,Básico,Bienal,Cartão,66,71.35,3,1,7,47.9,14,Não,0,
CUST-00722,2024-11-11,Sul,59,Padrão,Anual,Pix,19,81.66,5,1,5,21.5,11,Não,1,2026-01-14
CUST-00723,2022-10-07,Sudeste,55,Básico,Mensal,Cartão,45,55.4,3,1,5,36.7,9,Sim,1,2026-05-12
CUST-00724,2024-08-15,Norte,47,Básico,Anual,Boleto,22,82.85,2,1,5,90.8,14,Sim,0,
CUST-00725,2024-08-04,Sudeste,44,Básico,Mensal,Boleto,23,70.26,0,0,7,36.4,8,Não,0,
CUST-00726,2024-12-06,Sudeste,38,Padrão,Anual,Pix,19,78.53,1,0,6,59.3,16,Sim,0,
CUST-00727,2024-12-30,Sudeste,24,Básico,Bienal,Débito automático,18,51.56,0,0,6,11.6,14,Não,0,
CUST-00728,2022-11-28,Sudeste,36,Padrão,Anual,Débito automático,43,120.57,3,0,10,50.3,11,Sim,0,
CUST-00729,2024-11-22,Sul,40,Padrão,Mensal,Pix,19,105.37,1,0,6,19.0,22,Sim,0,
CUST-00730,2024-12-23,Sul,42,Padrão,Anual,Cartão,18,101.55,4,1,7,49.5,8,Não,0,
CUST-00731,2024-05-09,Sudeste,45,Básico,Mensal,Cartão,26,61.97,4,0,7,17.6,5,Não,0,
CUST-00732,2024-10-04,Sudeste,50,Padrão,Mensal,Boleto,21,97.83,1,0,7,31.9,11,Sim,0,
CUST-00733,2025-04-30,Sudeste,31,Básico,Bienal,Pix,14,51.66,0,0,9,24.1,3,Não,0,
CUST-00734,2023-03-18,Sudeste,31,Premium,Mensal,Boleto,40,147.33,1,1,2,47.4,2,Sim,1,2026-02-08
CUST-00735,2024-01-03,Sudeste,56,Padrão,Mensal,Boleto,30,113.14,1,1,7,17.0,5,Sim,1,2026-06-17
CUST-00736,2024-12-25,Nordeste,48,Básico,Mensal,Pix,18,62.33,0,0,6,13.5,8,Não,0,
CUST-00737,2025-04-08,Sudeste,34,Padrão,Bienal,Cartão,14,108.9,1,2,7,34.7,4,Sim,0,
CUST-00738,2022-05-15,Sudeste,38,Padrão,Bienal,Cartão,50,106.65,2,0,7,18.2,7,Sim,0,
CUST-00739,2025-08-18,Sudeste,38,Padrão,Mensal,Pix,10,118.72,0,2,7,38.8,1,Sim,1,2026-06-17
CUST-00740,2023-06-09,Sudeste,39,Padrão,Mensal,Boleto,37,105.36,1,0,8,36.7,11,Não,0,
CUST-00741,2026-01-21,Sudeste,45,Padrão,Anual,Boleto,5,110.53,5,1,6,30.8,7,Sim,0,
CUST-00742,2024-03-24,Sudeste,69,Padrão,Mensal,Boleto,27,101.34,1,0,10,31.6,10,Não,0,
CUST-00743,2024-02-21,Centro-Oeste,41,Premium,Bienal,Boleto,28,145.74,3,0,5,38.6,6,Sim,1,2026-01-25
CUST-00744,2025-09-19,Sudeste,47,Básico,Bienal,Pix,9,55.84,1,0,10,29.3,2,Não,0,
CUST-00745,2025-09-26,Sul,19,Padrão,Anual,Cartão,9,107.26,2,0,4,22.5,5,Sim,0,
CUST-00746,2024-02-05,Sul,33,Padrão,Mensal,Cartão,29,108.49,2,0,7,28.4,25,Não,1,2026-01-11
CUST-00747,2025-09-20,Sudeste,54,Padrão,Anual,Cartão,9,119.31,0,0,8,28.3,2,Não,0,
CUST-00748,2021-10-28,Sul,44,Padrão,Bienal,Cartão,56,92.56,1,0,5,32.2,11,Sim,0,
CUST-00749,2024-12-27,Nordeste,18,Padrão,Mensal,Cartão,18,102.16,2,0,5,77.5,18,Não,0,
CUST-00750,2021-05-12,Centro-Oeste,47,Padrão,Bienal,Boleto,62,97.19,2,2,7,28.2,1,Sim,0,
CUST-00751,2022-01-02,Sudeste,62,Básico,Mensal,Cartão,54,81.74,1,0,9,58.4,17,Sim,0,
CUST-00752,2024-07-07,Sudeste,18,Básico,Bienal,Cartão,24,64.27,2,1,7,50.4,13,Não,0,
CUST-00753,2024-02-04,Sudeste,57,Padrão,Anual,Cartão,29,104.54,0,2,10,19.0,3,Sim,0,
CUST-00754,2022-07-16,Sul,18,Básico,Mensal,Cartão,48,58.5,1,0,8,16.9,1,Não,0,
CUST-00755,2025-08-02,Nordeste,50,Básico,Mensal,Cartão,11,55.85,1,0,6,34.4,22,Sim,0,
CUST-00756,2024-11-08,Sudeste,39,Básico,Mensal,Cartão,19,39.0,1,0,1,49.6,2,Não,0,
CUST-00757,2021-04-28,Sudeste,18,Padrão,Mensal,Cartão,62,81.34,3,1,4,29.7,4,Sim,0,
CUST-00758,2022-11-04,Norte,44,Premium,Bienal,Débito automático,44,161.5,0,3,7,34.7,31,Sim,0,
CUST-00759,2024-09-01,Sudeste,53,Padrão,Mensal,Cartão,22,99.76,1,0,4,33.7,5,Não,0,
CUST-00760,2024-01-20,Sul,43,Básico,Bienal,Cartão,29,61.58,4,0,7,65.2,1,Não,0,
CUST-00761,2025-02-14,Nordeste,46,Padrão,Mensal,Pix,16,112.18,1,1,8,47.6,1,Sim,1,2026-02-08
CUST-00762,2024-10-09,Sudeste,34,Básico,Anual,Cartão,20,60.3,0,1,6,24.5,7,Não,0,
CUST-00763,2023-06-21,Sudeste,18,Premium,Bienal,Pix,36,154.12,0,1,7,13.8,6,Não,0,
CUST-00764,2024-10-29,Sudeste,47,Padrão,Anual,Pix,20,96.06,6,1,10,31.0,3,Sim,0,
CUST-00765,2023-03-11,Centro-Oeste,60,Básico,Bienal,Débito automático,40,62.41,5,0,7,29.9,1,Sim,0,
CUST-00766,2025-10-03,Sudeste,53,Padrão,Bienal,Débito automático,9,93.68,0,2,7,95.2,7,Sim,0,
CUST-00767,2023-06-21,Sudeste,18,Básico,Anual,Boleto,36,73.9,0,2,5,32.2,1,Sim,0,
CUST-00768,2025-06-18,Sudeste,21,Padrão,Anual,Cartão,12,98.84,2,0,7,32.5,4,Sim,0,
CUST-00769,2024-07-17,Sudeste,29,Básico,Mensal,Pix,23,62.52,4,2,6,26.8,3,Sim,1,2026-01-13
CUST-00770,2025-04-06,Nordeste,20,Premium,Mensal,Cartão,15,147.57,2,0,10,26.0,3,Sim,0,
CUST-00771,2023-07-10,Sudeste,40,Padrão,Mensal,Boleto,36,113.91,4,1,8,47.5,2,Sim,0,
CUST-00772,2025-08-23,Sul,44,Premium,Anual,Cartão,10,179.15,5,0,10,45.3,2,Não,0,
CUST-00773,2023-03-11,Sul,22,Premium,Anual,Boleto,40,139.92,2,0,8,28.4,11,Sim,1,2026-06-03
CUST-00774,2024-06-05,Centro-Oeste,48,Básico,Anual,Cartão,25,64.61,2,0,10,41.8,10,Sim,0,
CUST-00775,2024-08-11,Sudeste,46,Padrão,Bienal,Pix,22,97.49,2,1,5,33.6,0,Não,1,2026-05-13
CUST-00776,2025-01-11,Centro-Oeste,32,Premium,Mensal,Cartão,17,162.98,2,1,8,35.0,16,Não,0,
CUST-00777,2024-11-23,Nordeste,37,Básico,Bienal,Pix,19,65.33,1,0,5,19.9,3,Sim,0,
CUST-00778,2022-01-20,Sudeste,18,Básico,Mensal,Boleto,54,39.0,5,1,6,43.5,2,Não,0,
CUST-00779,2025-02-20,Nordeste,35,Básico,Mensal,Pix,16,69.63,2,0,7,28.3,4,Não,0,
CUST-00780,2021-12-27,Centro-Oeste,39,Básico,Anual,Cartão,54,74.57,0,1,5,55.3,3,Sim,0,
CUST-00781,2021-02-17,Sudeste,41,Premium,Mensal,Cartão,65,176.15,1,0,4,15.2,17,Não,0,
CUST-00782,2024-09-26,Centro-Oeste,44,Padrão,Anual,Débito automático,21,85.78,1,1,9,27.1,7,Não,0,
CUST-00783,2025-10-14,Sul,42,Padrão,Anual,Pix,8,98.57,3,0,4,15.7,3,Não,0,
CUST-00784,2022-09-05,Sul,36,Premium,Anual,Pix,46,151.46,1,1,10,48.9,6,Sim,0,
CUST-00785,2022-09-20,Norte,42,Básico,Mensal,Pix,45,39.0,0,1,5,37.3,1,Não,0,
CUST-00786,2022-01-22,Sudeste,51,Padrão,Mensal,Pix,54,90.31,1,1,8,15.2,6,Não,0,
CUST-00787,2024-07-02,Nordeste,38,Básico,Mensal,Boleto,24,43.82,1,1,8,33.7,1,Sim,0,
CUST-00788,2023-11-22,Sudeste,43,Básico,Mensal,Cartão,31,63.68,1,2,5,28.5,14,Sim,0,
CUST-00789,2024-11-23,Nordeste,37,Básico,Mensal,Pix,19,39.0,3,1,8,26.7,9,Sim,1,2026-05-05
CUST-00790,2024-12-16,Sul,31,Básico,Mensal,Pix,18,45.29,1,0,7,31.7,5,Não,0,
CUST-00791,2023-12-14,Sudeste,45,Padrão,Anual,Cartão,30,91.73,3,0,8,13.8,15,Não,0,
CUST-00792,2022-07-02,Sudeste,32,Padrão,Bienal,Boleto,48,109.78,1,1,10,72.2,7,Sim,0,
CUST-00793,2022-12-30,Sudeste,44,Básico,Anual,Cartão,42,97.89,2,1,9,72.8,17,Sim,0,
CUST-00794,2024-05-06,Sudeste,39,Básico,Mensal,Cartão,26,63.24,1,0,5,34.1,7,Não,0,
CUST-00795,2022-04-06,Sudeste,35,Padrão,Mensal,Boleto,51,84.55,2,0,7,29.4,9,Sim,0,
CUST-00796,2025-08-21,Sudeste,35,Básico,Mensal,Débito automático,10,49.49,1,1,5,14.4,12,Não,1,2026-01-14
CUST-00797,2020-07-18,Sudeste,33,Padrão,Mensal,Cartão,72,108.21,0,0,6,34.7,12,Sim,1,2026-01-27
CUST-00798,2025-07-11,Sudeste,19,Premium,Mensal,Boleto,11,140.16,4,0,8,73.7,1,Sim,0,
CUST-00799,2024-06-04,Nordeste,44,Padrão,Bienal,Cartão,25,114.35,1,0,8,38.9,3,Sim,0,
CUST-00800,2024-01-12,Nordeste,42,Padrão,Anual,Boleto,30,102.83,2,1,8,27.5,3,Sim,0,
CUST-00801,2023-12-12,Nordeste,49,Padrão,Mensal,Pix,31,97.25,2,3,8,19.1,8,Sim,0,
CUST-00802,2022-06-29,Sudeste,33,Padrão,Anual,Boleto,48,75.41,0,0,8,32.3,4,Sim,0,
CUST-00803,2025-04-18,Centro-Oeste,62,Premium,Bienal,Pix,14,171.89,0,0,6,69.6,1,Sim,0,
CUST-00804,2023-10-22,Sul,34,Premium,Mensal,Pix,32,148.34,5,0,10,28.5,3,Não,0,
CUST-00805,2023-03-07,Sudeste,28,Padrão,Anual,Débito automático,40,101.15,0,1,9,54.0,2,Não,0,
CUST-00806,2022-02-23,Sudeste,27,Padrão,Mensal,Cartão,52,96.8,0,0,7,29.8,24,Sim,0,
CUST-00807,2024-10-05,Nordeste,18,Padrão,Mensal,Cartão,21,76.83,5,1,9,11.0,20,Não,1,2026-01-19
CUST-00808,2024-02-24,Sudeste,57,Básico,Bienal,Pix,28,55.77,0,1,6,13.2,12,Não,1,2026-05-15
CUST-00809,2024-04-21,Sul,55,Padrão,Mensal,Pix,26,82.06,3,0,7,43.7,5,Não,0,
CUST-00810,2023-05-08,Norte,46,Padrão,Anual,Cartão,38,89.87,2,0,9,33.7,10,Não,0,
CUST-00811,2023-04-06,Sudeste,28,Padrão,Mensal,Pix,39,105.06,3,2,5,51.2,11,Não,0,
CUST-00812,2024-10-07,Sudeste,61,Básico,Anual,Pix,21,68.83,4,0,10,30.9,3,Sim,0,
CUST-00813,2024-05-26,Norte,35,Básico,Anual,Boleto,25,58.74,4,0,6,53.2,6,Não,1,2026-04-19
CUST-00814,2024-03-17,Sul,36,Básico,Anual,Débito automático,27,46.62,1,0,6,42.2,3,Sim,0,
CUST-00815,2025-06-18,Sudeste,56,Padrão,Anual,Pix,12,89.94,0,1,7,15.9,1,Não,0,
CUST-00816,2023-09-28,Centro-Oeste,47,Premium,Anual,Pix,33,149.69,2,1,9,28.1,8,Sim,0,
CUST-00817,2023-10-21,Centro-Oeste,65,Premium,Mensal,Pix,32,129.08,2,1,9,23.5,10,Não,1,2026-03-20
CUST-00818,2025-06-26,Sul,42,Básico,Mensal,Cartão,12,60.03,0,0,10,18.6,5,Sim,0,
CUST-00819,2023-07-31,Nordeste,34,Básico,Anual,Boleto,35,39.0,1,0,7,29.9,17,Sim,0,
CUST-00820,2020-07-06,Sudeste,32,Padrão,Mensal,Débito automático,72,100.07,0,2,8,52.9,11,Não,0,
CUST-00821,2025-03-20,Sudeste,18,Padrão,Mensal,Boleto,15,78.57,0,0,4,24.5,2,Não,1,2026-02-13
CUST-00822,2025-06-14,Sul,36,Padrão,Bienal,Débito automático,12,82.11,3,1,5,17.7,5,Não,0,
CUST-00823,2023-04-02,Sudeste,53,Padrão,Mensal,Pix,39,108.36,3,0,7,48.4,1,Não,1,2026-06-13
CUST-00824,2024-10-06,Nordeste,46,Básico,Mensal,Boleto,21,59.34,0,0,8,33.8,14,Não,1,2026-05-25
CUST-00825,2022-07-03,Centro-Oeste,39,Padrão,Bienal,Cartão,48,72.61,1,0,7,11.8,12,Sim,0,
CUST-00826,2024-05-22,Sudeste,27,Padrão,Anual,Débito automático,25,91.18,4,1,8,40.3,8,Não,0,
CUST-00827,2025-02-03,Sul,42,Básico,Anual,Pix,17,62.67,3,0,7,40.8,8,Não,0,
CUST-00828,2024-06-15,Sudeste,51,Premium,Mensal,Cartão,24,150.33,3,0,7,31.0,8,Sim,0,
CUST-00829,2023-03-24,Centro-Oeste,44,Padrão,Mensal,Boleto,39,94.2,2,0,10,15.2,10,Não,1,2026-03-14
CUST-00830,2023-05-10,Sudeste,41,Premium,Anual,Pix,38,162.42,2,1,7,22.9,10,Sim,1,2026-02-19
CUST-00831,2025-09-21,Nordeste,29,Padrão,Mensal,Débito automático,9,99.63,1,2,9,26.5,3,Sim,0,
CUST-00832,2023-04-11,Sul,49,Padrão,Anual,Boleto,39,85.11,1,1,4,31.1,1,Sim,0,
CUST-00833,2024-03-16,Sudeste,18,Premium,Mensal,Débito automático,27,159.31,1,0,7,17.6,12,Sim,0,
CUST-00834,2024-01-14,Nordeste,44,Premium,Mensal,Pix,29,154.98,2,1,6,45.3,15,Não,1,2026-03-31
CUST-00835,2023-09-30,Nordeste,70,Premium,Mensal,Pix,33,183.14,2,2,10,74.6,15,Sim,0,
CUST-00836,2025-06-14,Sul,21,Padrão,Mensal,Boleto,12,97.56,2,1,6,19.6,19,Sim,0,
CUST-00837,2025-09-28,Nordeste,36,Padrão,Mensal,Cartão,9,100.89,1,1,7,22.8,18,Não,0,
CUST-00838,2025-09-07,Norte,39,Básico,Anual,Cartão,9,62.64,3,0,5,21.9,12,Sim,0,
CUST-00839,2022-09-08,Sudeste,33,Padrão,Mensal,Débito automático,46,94.49,1,1,5,101.2,3,Não,0,
CUST-00840,2022-09-09,Sul,51,Premium,Mensal,Débito automático,46,148.92,0,1,7,36.3,1,Não,0,
CUST-00841,2026-02-25,Sudeste,45,Básico,Mensal,Débito automático,4,65.44,1,1,8,54.0,4,Não,1,2026-03-02
CUST-00842,2024-05-14,Nordeste,41,Padrão,Mensal,Cartão,25,105.55,3,0,9,38.5,1,Não,1,2026-01-07
CUST-00843,2025-01-05,Sul,49,Premium,Mensal,Cartão,18,188.16,0,1,6,16.0,15,Não,0,
CUST-00844,2025-05-19,Sudeste,39,Premium,Bienal,Débito automático,13,169.39,4,1,6,19.0,1,Sim,0,
CUST-00845,2022-04-10,Sudeste,75,Premium,Anual,Cartão,51,169.63,2,0,10,21.8,7,Não,0,
CUST-00846,2021-09-08,Centro-Oeste,41,Padrão,Anual,Pix,58,109.05,4,1,10,23.2,6,Sim,0,
CUST-00847,2023-12-18,Sudeste,41,Padrão,Mensal,Pix,30,89.34,2,0,7,45.7,15,Sim,0,
CUST-00848,2024-12-30,Nordeste,18,Premium,Mensal,Débito automático,18,141.39,6,0,8,89.6,10,Não,0,
CUST-00849,2024-10-23,Sudeste,32,Básico,Anual,Pix,20,44.95,0,0,10,28.7,4,Sim,0,
CUST-00850,2025-07-05,Norte,53,Básico,Mensal,Cartão,12,68.63,0,1,10,34.1,7,Sim,0,
CUST-00851,2024-10-19,Sudeste,23,Premium,Anual,Pix,20,178.9,2,1,8,31.4,7,Sim,0,
CUST-00852,2025-03-22,Sudeste,18,Padrão,Bienal,Cartão,15,109.28,1,0,9,14.2,2,Sim,0,
CUST-00853,2021-12-07,Centro-Oeste,39,Padrão,Mensal,Boleto,55,96.66,0,1,7,60.7,5,Sim,1,2026-02-16
CUST-00854,2025-12-03,Centro-Oeste,55,Básico,Anual,Pix,6,82.47,1,0,4,42.7,13,Sim,0,
CUST-00855,2022-12-07,Sudeste,40,Padrão,Mensal,Pix,43,92.79,4,0,8,29.6,8,Não,0,
CUST-00856,2025-04-25,Sul,35,Premium,Mensal,Pix,14,142.93,1,0,10,79.5,5,Não,0,
CUST-00857,2023-04-28,Nordeste,18,Padrão,Mensal,Cartão,38,102.54,1,2,6,12.2,8,Sim,0,
CUST-00858,2024-06-12,Centro-Oeste,44,Padrão,Anual,Cartão,24,117.09,3,0,3,47.1,1,Sim,0,
CUST-00859,2022-12-10,Sudeste,47,Padrão,Mensal,Débito automático,43,87.19,1,1,8,30.7,15,Não,1,2026-03-19
CUST-00860,2025-09-02,Sul,18,Premium,Anual,Pix,10,135.13,1,0,3,25.7,24,Sim,0,
CUST-00861,2025-01-24,Nordeste,53,Premium,Anual,Pix,17,159.53,0,2,4,24.7,1,Sim,0,
CUST-00862,2024-10-02,Nordeste,48,Padrão,Mensal,Pix,21,109.8,2,0,4,28.9,7,Sim,0,
CUST-00863,2024-03-29,Nordeste,53,Padrão,Mensal,Débito automático,27,57.5,2,1,3,27.3,1,Sim,0,
CUST-00864,2024-04-03,Sul,46,Básico,Anual,Boleto,27,72.68,2,0,9,39.9,7,Sim,0,
CUST-00865,2025-06-24,Sudeste,47,Padrão,Mensal,Cartão,12,79.86,3,1,7,35.9,8,Não,0,
CUST-00866,2025-09-22,Centro-Oeste,45,Básico,Anual,Pix,9,69.15,4,0,10,58.4,10,Sim,0,
CUST-00867,2024-09-02,Centro-Oeste,49,Padrão,Mensal,Pix,22,71.05,1,2,9,27.2,7,Sim,0,
CUST-00868,2024-05-25,Nordeste,18,Padrão,Bienal,Boleto,25,78.35,2,1,10,68.5,19,Sim,0,
CUST-00869,2024-10-05,Sudeste,21,Básico,Mensal,Débito automático,21,67.66,1,1,6,65.1,10,Sim,1,2026-02-03
CUST-00870,2025-12-07,Sudeste,30,Básico,Mensal,Boleto,6,76.02,0,0,8,24.6,3,Sim,1,2026-02-15
CUST-00871,2024-05-23,Nordeste,37,Básico,Anual,Débito automático,25,58.87,1,1,4,70.2,4,Sim,0,
CUST-00872,2023-08-28,Sudeste,44,Básico,Mensal,Pix,34,92.53,2,0,7,20.9,4,Não,0,
CUST-00873,2024-02-04,Norte,43,Padrão,Mensal,Pix,29,84.68,1,0,10,47.3,2,Sim,0,
CUST-00874,2024-08-06,Sudeste,52,Básico,Mensal,Boleto,23,44.5,4,0,7,39.0,7,Sim,0,
CUST-00875,2024-03-03,Nordeste,53,Básico,Anual,Boleto,28,54.77,0,2,7,23.6,4,Não,0,
CUST-00876,2025-04-05,Centro-Oeste,29,Premium,Anual,Cartão,15,154.1,1,0,7,38.9,12,Não,0,
CUST-00877,2022-03-15,Sudeste,42,Básico,Mensal,Pix,52,62.97,4,2,7,23.4,8,Não,0,
CUST-00878,2024-12-17,Sudeste,29,Premium,Mensal,Cartão,18,148.6,3,1,7,4.4,29,Sim,0,
CUST-00879,2023-07-25,Sul,37,Padrão,Mensal,Cartão,35,106.95,1,0,10,36.0,3,Não,0,
CUST-00880,2021-05-06,Sul,43,Padrão,Bienal,Débito automático,62,106.61,2,0,6,33.5,13,Sim,0,
CUST-00881,2024-08-28,Sudeste,18,Padrão,Mensal,Cartão,22,121.59,3,0,7,25.2,3,Sim,0,
CUST-00882,2022-11-18,Sul,68,Básico,Anual,Boleto,44,52.13,0,2,7,69.8,5,Não,0,
CUST-00883,2024-12-13,Norte,46,Premium,Mensal,Pix,18,163.72,1,0,5,72.2,1,Não,0,
CUST-00884,2022-10-17,Sul,32,Premium,Anual,Boleto,45,167.48,0,2,6,27.9,5,Sim,0,
CUST-00885,2021-11-11,Sudeste,62,Básico,Bienal,Débito automático,56,58.9,0,0,9,62.0,2,Sim,0,
CUST-00886,2025-04-10,Sudeste,35,Padrão,Mensal,Boleto,14,96.04,1,1,5,22.6,34,Não,1,2026-01-18
CUST-00887,2022-12-24,Sudeste,41,Padrão,Anual,Boleto,42,70.11,1,1,10,11.9,8,Sim,0,
CUST-00888,2021-04-10,Sudeste,33,Premium,Mensal,Cartão,63,160.17,3,0,10,30.0,10,Não,0,
CUST-00889,2023-11-25,Sudeste,59,Padrão,Anual,Pix,31,107.34,4,1,7,28.9,4,Sim,1,2026-03-05
CUST-00890,2022-06-08,Nordeste,38,Básico,Mensal,Boleto,49,58.19,2,0,8,16.7,26,Não,0,
CUST-00891,2021-11-11,Sudeste,41,Premium,Mensal,Boleto,56,148.05,2,0,9,22.7,14,Sim,0,
CUST-00892,2022-10-17,Norte,53,Premium,Mensal,Boleto,45,135.49,2,0,8,63.5,9,Sim,0,
CUST-00893,2025-03-12,Sudeste,46,Padrão,Mensal,Boleto,15,105.34,3,0,7,34.7,4,Sim,0,
CUST-00894,2023-09-06,Sudeste,38,Básico,Bienal,Cartão,34,59.46,2,1,10,65.2,21,Não,0,
CUST-00895,2023-06-30,Nordeste,52,Padrão,Anual,Cartão,36,118.46,3,0,6,40.0,8,Sim,1,2026-02-06
CUST-00896,2025-12-11,Centro-Oeste,69,Padrão,Mensal,Débito automático,6,78.71,2,0,6,45.9,9,Sim,1,2026-04-17
CUST-00897,2024-06-15,Sudeste,43,Básico,Mensal,Pix,24,52.42,1,1,7,40.7,11,Sim,0,
CUST-00898,2024-02-24,Sudeste,40,Premium,Anual,Boleto,28,140.5,2,2,8,37.9,18,Sim,0,
CUST-00899,2023-08-14,Sudeste,41,Padrão,Mensal,Pix,35,113.35,0,0,10,28.1,18,Sim,0,
CUST-00900,2025-06-19,Sul,55,Premium,Mensal,Débito automático,12,176.35,1,1,7,43.1,3,Não,0,
CUST-00901,2024-08-26,Sul,32,Padrão,Anual,Débito automático,22,125.92,2,2,8,44.3,8,Não,1,2026-04-22
CUST-00902,2024-01-19,Sudeste,36,Básico,Mensal,Cartão,29,66.3,3,0,8,50.4,7,Sim,0,
CUST-00903,2024-11-24,Sudeste,21,Premium,Mensal,Débito automático,19,170.05,2,0,7,55.4,8,Não,0,
CUST-00904,2025-12-11,Sul,25,Padrão,Mensal,Cartão,6,105.11,1,0,10,67.0,16,Sim,0,
CUST-00905,2022-02-09,Norte,33,Padrão,Mensal,Pix,53,107.02,1,0,8,38.6,20,Sim,0,
CUST-00906,2020-07-23,Nordeste,38,Padrão,Anual,Débito automático,72,99.69,1,1,9,41.2,3,Não,0,
CUST-00907,2023-10-25,Sul,60,Básico,Anual,Cartão,32,67.66,3,1,6,37.0,4,Não,1,2026-01-11
CUST-00908,2023-10-17,Sudeste,45,Padrão,Bienal,Cartão,32,128.96,2,0,6,65.8,5,Não,0,
CUST-00909,2024-06-01,Sudeste,28,Padrão,Mensal,Boleto,25,102.06,2,2,6,39.3,17,Sim,1,2026-02-20
CUST-00910,2025-09-15,Sudeste,30,Premium,Anual,Débito automático,9,159.34,1,1,8,39.1,15,Sim,0,
CUST-00911,2025-11-09,Nordeste,55,Premium,Bienal,Cartão,7,161.77,2,2,9,42.2,0,Não,0,
CUST-00912,2026-04-28,Centro-Oeste,53,Padrão,Anual,Boleto,2,96.91,0,0,10,42.1,9,Não,0,
CUST-00913,2022-04-22,Centro-Oeste,39,Básico,Bienal,Pix,51,62.45,0,0,7,37.1,1,Sim,0,
CUST-00914,2020-07-16,Norte,34,Padrão,Bienal,Pix,72,96.44,1,2,10,25.3,5,Sim,0,
CUST-00915,2023-08-18,Norte,52,Básico,Anual,Boleto,34,75.02,0,1,8,25.0,1,Não,0,
CUST-00916,2024-11-25,Norte,27,Premium,Bienal,Pix,19,173.62,2,1,6,16.8,6,Sim,0,
CUST-00917,2024-09-03,Sudeste,44,Padrão,Anual,Boleto,22,129.32,0,0,7,30.4,7,Não,0,
CUST-00918,2023-05-23,Sudeste,66,Premium,Mensal,Boleto,37,158.67,2,0,9,16.3,3,Sim,0,
CUST-00919,2022-05-28,Sudeste,41,Básico,Bienal,Débito automático,49,63.04,3,0,9,10.6,6,Sim,0,
CUST-00920,2024-05-14,Sul,30,Básico,Anual,Boleto,25,62.46,1,1,6,53.4,5,Sim,0,
CUST-00921,2024-10-14,Sudeste,44,Premium,Mensal,Cartão,20,161.79,1,1,6,25.2,8,Não,1,2026-03-22
CUST-00922,2025-06-29,Centro-Oeste,33,Padrão,Mensal,Boleto,12,114.82,1,2,6,7.8,0,Não,0,
CUST-00923,2024-12-26,Nordeste,22,Premium,Mensal,Boleto,18,136.25,3,1,7,56.2,2,Não,0,
CUST-00924,2023-06-25,Sul,47,Premium,Anual,Cartão,36,165.45,2,1,8,20.0,9,Sim,0,
CUST-00925,2023-11-23,Sudeste,52,Padrão,Mensal,Pix,31,126.94,1,1,10,29.8,4,Sim,0,
CUST-00926,2024-01-26,Sudeste,35,Padrão,Mensal,Boleto,29,118.08,1,0,6,52.6,2,Não,0,
CUST-00927,2025-05-22,Sudeste,34,Padrão,Mensal,Cartão,13,116.48,0,0,4,43.6,2,Não,0,
CUST-00928,2024-08-12,Centro-Oeste,27,Premium,Mensal,Pix,22,170.79,2,2,4,14.7,23,Não,0,
CUST-00929,2022-12-24,Sul,37,Premium,Bienal,Pix,42,150.66,2,1,9,17.3,1,Não,0,
CUST-00930,2021-07-24,Nordeste,32,Básico,Mensal,Pix,60,48.5,1,3,6,33.4,3,Sim,0,
CUST-00931,2023-01-28,Sudeste,27,Padrão,Mensal,Débito automático,41,88.61,4,2,8,18.7,7,Sim,1,2026-04-03
CUST-00932,2022-05-31,Sudeste,62,Básico,Mensal,Cartão,49,43.06,1,1,6,39.6,7,Sim,0,
CUST-00933,2025-12-18,Sudeste,45,Padrão,Anual,Boleto,6,112.25,4,0,7,35.3,6,Não,0,
CUST-00934,2021-12-24,Nordeste,46,Padrão,Anual,Boleto,54,119.56,5,1,6,71.1,3,Não,0,
CUST-00935,2023-09-05,Nordeste,50,Premium,Mensal,Pix,34,165.08,3,1,6,34.8,4,Sim,0,
CUST-00936,2024-01-25,Sudeste,48,Padrão,Mensal,Pix,29,110.27,3,1,10,24.4,5,Não,0,
CUST-00937,2023-12-13,Norte,34,Básico,Bienal,Cartão,31,63.11,0,0,10,21.3,1,Sim,0,
CUST-00938,2020-12-19,Sudeste,42,Básico,Anual,Cartão,67,66.96,0,0,8,23.9,22,Sim,0,
CUST-00939,2024-11-08,Centro-Oeste,36,Básico,Anual,Pix,19,39.0,3,1,10,56.8,3,Sim,0,
CUST-00940,2023-11-24,Sudeste,44,Básico,Mensal,Cartão,31,63.41,4,0,4,34.0,13,Sim,1,2026-06-18
CUST-00941,2024-07-20,Sudeste,43,Premium,Bienal,Boleto,23,153.04,0,2,7,29.7,7,Sim,0,
CUST-00942,2025-06-05,Centro-Oeste,34,Padrão,Anual,Pix,13,98.44,3,1,6,38.1,9,Não,0,
CUST-00943,2025-10-31,Sudeste,23,Básico,Mensal,Cartão,8,62.16,3,0,9,15.8,9,Não,0,
CUST-00944,2025-05-20,Sudeste,41,Padrão,Bienal,Pix,13,88.98,3,0,4,38.9,2,Não,0,
CUST-00945,2025-03-04,Sul,37,Básico,Bienal,Débito automático,16,43.94,0,1,9,30.4,16,Sim,0,
CUST-00946,2024-06-29,Sudeste,18,Básico,Anual,Cartão,24,48.56,0,1,4,28.7,1,Não,0,
CUST-00947,2022-06-10,Nordeste,45,Premium,Anual,Boleto,49,138.72,5,0,9,65.6,3,Sim,0,
CUST-00948,2025-06-02,Centro-Oeste,51,Básico,Mensal,Cartão,13,42.83,4,2,10,28.9,7,Não,1,2026-05-22
CUST-00949,2025-03-09,Centro-Oeste,69,Padrão,Mensal,Débito automático,15,84.75,3,0,5,31.5,5,Não,0,
CUST-00950,2020-12-31,Sudeste,34,Padrão,Mensal,Pix,66,78.91,2,0,6,23.2,3,Sim,0,
CUST-00951,2024-11-11,Sul,33,Básico,Anual,Pix,19,66.4,2,1,10,45.9,15,Sim,0,
CUST-00952,2025-01-22,Sudeste,26,Básico,Mensal,Pix,17,46.39,1,0,10,97.5,10,Sim,0,
CUST-00953,2025-02-02,Sudeste,42,Básico,Mensal,Pix,17,39.0,2,0,4,18.1,8,Sim,1,2026-03-17
CUST-00954,2024-02-15,Sudeste,41,Básico,Bienal,Boleto,28,53.38,2,2,8,31.7,5,Não,0,
CUST-00955,2024-06-13,Norte,29,Premium,Mensal,Cartão,24,143.41,2,0,8,22.2,10,Não,1,2026-04-27
CUST-00956,2025-02-28,Centro-Oeste,37,Padrão,Anual,Cartão,16,119.43,1,3,7,53.9,13,Sim,1,2026-04-19
CUST-00957,2024-10-17,Nordeste,18,Padrão,Mensal,Cartão,20,100.86,1,0,10,54.8,4,Não,0,
CUST-00958,2022-12-09,Sul,50,Padrão,Mensal,Boleto,43,78.41,1,2,6,25.7,2,Não,0,
CUST-00959,2023-12-18,Sul,30,Premium,Mensal,Débito automático,30,166.96,2,2,6,38.1,1,Sim,0,
CUST-00960,2021-09-25,Sul,39,Básico,Mensal,Cartão,57,60.19,1,0,6,32.7,17,Não,1,2026-02-02
CUST-00961,2024-09-28,Sul,22,Premium,Mensal,Débito automático,21,155.66,2,0,8,27.1,2,Sim,0,
CUST-00962,2022-12-02,Sul,32,Básico,Mensal,Boleto,43,81.04,1,1,7,49.0,2,Sim,0,
CUST-00963,2022-10-31,Sudeste,36,Premium,Anual,Cartão,44,145.34,2,1,9,24.9,12,Não,0,
CUST-00964,2025-03-26,Sudeste,39,Básico,Mensal,Cartão,15,73.49,0,0,6,40.1,7,Sim,0,
CUST-00965,2023-09-15,Norte,45,Básico,Mensal,Pix,33,53.27,2,0,7,20.0,23,Não,1,2026-06-08
CUST-00966,2024-04-19,Sul,56,Padrão,Mensal,Cartão,26,98.74,4,1,8,85.5,4,Não,1,2026-04-19
CUST-00967,2025-12-20,Norte,48,Básico,Mensal,Boleto,6,48.5,4,1,5,32.9,7,Sim,1,2026-03-04
CUST-00968,2025-11-01,Sudeste,51,Padrão,Mensal,Pix,8,89.39,0,0,9,25.7,5,Sim,0,
CUST-00969,2024-03-05,Sul,56,Padrão,Mensal,Pix,28,92.9,2,0,9,26.6,17,Sim,0,
CUST-00970,2025-12-09,Sudeste,46,Padrão,Anual,Boleto,6,72.39,1,0,9,31.1,6,Sim,0,
CUST-00971,2026-01-31,Sudeste,39,Básico,Anual,Cartão,5,63.85,1,1,5,30.8,5,Sim,0,
CUST-00972,2024-05-07,Sudeste,51,Padrão,Anual,Débito automático,26,100.61,2,1,10,15.1,6,Não,1,2026-01-06
CUST-00973,2026-03-19,Sudeste,52,Básico,Anual,Boleto,3,39.0,0,1,3,54.8,0,Sim,0,
CUST-00974,2025-07-05,Centro-Oeste,47,Premium,Mensal,Pix,12,168.24,2,3,9,25.5,1,Sim,0,
CUST-00975,2024-05-05,Sudeste,22,Padrão,Mensal,Pix,26,119.4,1,1,8,76.1,3,Não,1,2026-05-20
CUST-00976,2024-07-11,Sul,29,Padrão,Mensal,Cartão,23,89.7,0,2,9,38.8,7,Sim,0,
CUST-00977,2024-07-12,Sul,36,Premium,Anual,Débito automático,23,148.01,3,2,7,24.5,10,Não,0,
CUST-00978,2023-06-10,Sudeste,48,Padrão,Mensal,Pix,37,114.59,1,1,7,44.8,11,Não,0,
CUST-00979,2022-08-08,Sul,39,Padrão,Mensal,Débito automático,47,104.65,2,0,9,33.3,10,Sim,0,
CUST-00980,2022-04-26,Sudeste,53,Básico,Bienal,Débito automático,50,57.1,1,1,7,77.0,9,Não,0,
CUST-00981,2020-09-27,Norte,55,Padrão,Mensal,Pix,70,110.4,1,0,8,38.4,5,Não,1,2026-02-17
CUST-00982,2026-02-15,Nordeste,53,Básico,Mensal,Boleto,4,62.84,1,1,8,54.2,10,Sim,0,
CUST-00983,2025-04-11,Nordeste,53,Básico,Bienal,Pix,14,79.0,2,0,10,44.8,5,Não,0,
CUST-00984,2025-07-31,Sul,27,Padrão,Mensal,Cartão,11,98.77,2,0,4,20.7,20,Sim,1,2026-03-02
CUST-00985,2020-08-02,Sudeste,45,Básico,Mensal,Débito automático,71,64.97,4,1,10,74.9,6,Sim,0,
CUST-00986,2024-04-26,Centro-Oeste,32,Padrão,Mensal,Pix,26,114.37,3,1,8,16.2,2,Não,0,
CUST-00987,2024-07-10,Sudeste,19,Básico,Mensal,Débito automático,24,39.0,2,0,8,31.5,39,Não,0,
CUST-00988,2025-01-01,Sudeste,36,Padrão,Bienal,Boleto,18,114.88,4,0,5,39.7,0,Não,1,2026-01-08
CUST-00989,2024-12-10,Sudeste,55,Premium,Anual,Cartão,18,151.93,2,0,10,10.3,4,Não,0,
CUST-00990,2025-01-04,Nordeste,45,Básico,Mensal,Pix,18,66.0,2,2,5,24.1,7,Não,0,
CUST-00991,2024-11-15,Nordeste,63,Padrão,Mensal,Cartão,19,122.3,1,1,10,37.2,7,Sim,1,2026-06-13
CUST-00992,2025-01-27,Nordeste,41,Padrão,Mensal,Cartão,17,94.72,2,1,6,38.1,3,Não,0,
CUST-00993,2021-06-21,Nordeste,68,Premium,Anual,Boleto,61,152.62,1,1,10,81.7,4,Não,0,
CUST-00994,2020-07-17,Sudeste,41,Básico,Mensal,Cartão,72,58.23,1,1,6,57.9,9,Sim,1,2026-06-18
CUST-00995,2020-07-09,Centro-Oeste,39,Padrão,Mensal,Débito automático,72,78.67,1,0,5,26.5,1,Sim,1,2026-02-06
CUST-00996,2025-12-13,Sul,24,Padrão,Anual,Pix,6,129.79,2,1,7,10.2,8,Sim,0,
CUST-00997,2025-02-26,Nordeste,52,Padrão,Anual,Pix,16,98.4,1,0,6,14.1,18,Não,0,
CUST-00998,2026-01-21,Sudeste,33,Básico,Bienal,Cartão,5,82.04,1,1,7,32.9,5,Sim,0,
CUST-00999,2020-07-17,Norte,31,Padrão,Anual,Cartão,72,94.34,0,0,10,47.3,13,Não,0,
CUST-01000,2023-11-05,Sudeste,54,Padrão,Mensal,Pix,32,99.48,2,1,6,23.0,8,Sim,0,
CUST-01001,2022-12-30,Sudeste,53,Básico,Anual,Pix,42,72.22,1,1,8,80.3,1,Não,0,
CUST-01002,2024-07-27,Sul,53,Padrão,Bienal,Boleto,23,83.57,1,2,10,33.9,0,Sim,0,
CUST-01003,2024-07-08,Sudeste,35,Padrão,Mensal,Pix,24,97.56,0,1,8,29.8,6,Não,0,
CUST-01004,2022-02-08,Sudeste,38,Padrão,Mensal,Cartão,53,111.7,1,1,10,85.7,1,Sim,0,
CUST-01005,2024-05-07,Nordeste,38,Básico,Mensal,Pix,26,56.02,3,3,8,77.5,13,Sim,0,
CUST-01006,2024-03-18,Sudeste,48,Básico,Bienal,Cartão,27,52.24,2,0,9,55.3,7,Sim,1,2026-03-22
CUST-01007,2023-03-05,Centro-Oeste,58,Padrão,Bienal,Cartão,40,114.61,2,1,7,28.1,20,Sim,0,
CUST-01008,2023-06-13,Sudeste,43,Padrão,Anual,Boleto,37,118.62,2,0,8,81.5,3,Sim,0,
CUST-01009,2024-05-04,Nordeste,63,Premium,Mensal,Cartão,26,180.84,1,1,10,59.0,2,Sim,0,
CUST-01010,2025-01-04,Sul,50,Padrão,Bienal,Cartão,18,89.55,0,3,7,33.1,10,Sim,0,
CUST-01011,2025-02-01,Nordeste,36,Padrão,Mensal,Pix,17,90.89,4,1,8,70.6,16,Sim,1,2026-05-01
CUST-01012,2022-05-07,Sul,49,Básico,Mensal,Pix,50,52.4,0,1,6,27.1,14,Sim,1,2026-05-10
CUST-01013,2024-04-09,Sul,59,Premium,Anual,Débito automático,27,169.06,3,1,9,16.3,19,Sim,0,
CUST-01014,2025-04-19,Norte,63,Básico,Anual,Débito automático,14,42.24,4,1,4,28.8,10,Sim,0,
CUST-01015,2022-09-22,Sudeste,53,Básico,Bienal,Boleto,45,43.04,2,2,7,15.4,5,Sim,0,
CUST-01016,2024-06-02,Sudeste,39,Básico,Mensal,Pix,25,49.0,3,0,9,34.3,4,Não,1,2026-04-04
CUST-01017,2025-12-31,Nordeste,36,Básico,Mensal,Pix,6,45.86,1,1,7,33.2,15,Não,1,2026-03-09
CUST-01018,2025-03-31,Centro-Oeste,46,Padrão,Mensal,Cartão,15,111.38,0,0,3,24.5,16,Sim,1,2026-02-26
CUST-01019,2024-05-17,Sudeste,59,Básico,Mensal,Boleto,25,70.44,0,1,6,58.6,14,Sim,0,
CUST-01020,2025-11-07,Sul,44,Básico,Anual,Pix,7,52.26,1,0,6,39.1,5,Sim,0,
CUST-01021,2023-11-29,Centro-Oeste,44,Básico,Mensal,Cartão,31,56.29,4,0,10,26.3,11,Sim,0,
CUST-01022,2023-08-09,Nordeste,40,Premium,Mensal,Pix,35,123.44,5,1,9,30.0,10,Sim,0,
CUST-01023,2022-07-10,Norte,35,Padrão,Mensal,Boleto,48,92.6,1,1,9,49.3,10,Não,1,2026-06-09
CUST-01024,2024-01-23,Sul,37,Premium,Anual,Pix,29,176.42,1,0,5,57.3,9,Sim,0,
CUST-01025,2025-03-28,Nordeste,41,Premium,Anual,Cartão,15,151.83,1,1,7,37.3,6,Sim,0,
CUST-01026,2025-12-11,Sudeste,60,Premium,Mensal,Débito automático,6,143.7,1,0,10,21.9,4,Sim,0,
CUST-01027,2026-01-09,Norte,36,Padrão,Mensal,Cartão,5,118.27,3,0,9,31.1,2,Não,0,
CUST-01028,2024-08-22,Sudeste,40,Básico,Bienal,Débito automático,22,43.4,3,1,6,46.5,40,Não,0,
CUST-01029,2024-08-24,Nordeste,29,Básico,Mensal,Pix,22,80.64,1,0,9,64.1,4,Sim,0,
CUST-01030,2025-11-21,Sudeste,48,Básico,Mensal,Débito automático,7,99.43,3,0,5,28.3,10,Não,1,2026-06-03
CUST-01031,2023-11-29,Sul,55,Padrão,Mensal,Débito automático,31,97.47,5,1,5,20.3,2,Sim,0,
CUST-01032,2024-12-13,Nordeste,58,Básico,Bienal,Pix,18,76.41,0,0,3,51.0,7,Sim,0,
CUST-01033,2025-07-01,Sul,41,Básico,Anual,Boleto,12,39.0,1,1,7,62.7,8,Sim,0,
CUST-01034,2025-09-20,Centro-Oeste,46,Padrão,Mensal,Cartão,9,75.02,3,1,9,36.0,1,Sim,0,
CUST-01035,2021-05-17,Sudeste,37,Básico,Mensal,Cartão,62,47.85,1,2,5,23.4,1,Não,0,
CUST-01036,2026-01-29,Nordeste,45,Básico,Mensal,Pix,5,70.51,6,1,7,28.6,10,Não,0,
CUST-01037,2020-07-30,Sudeste,43,Básico,Mensal,Pix,72,59.02,0,2,5,37.0,5,Não,0,
CUST-01038,2025-07-05,Sudeste,40,Padrão,Mensal,Cartão,12,96.39,1,0,6,25.6,1,Sim,0,
CUST-01039,2020-07-11,Sul,41,Básico,Mensal,Pix,72,40.93,0,0,5,17.8,1,Não,0,
CUST-01040,2025-12-05,Sudeste,44,Básico,Mensal,Débito automático,6,57.22,2,1,10,25.4,7,Sim,0,
CUST-01041,2023-11-11,Sudeste,35,Básico,Mensal,Débito automático,32,49.99,1,0,6,28.5,17,Sim,0,
CUST-01042,2021-12-29,Nordeste,36,Padrão,Mensal,Cartão,54,86.09,1,0,7,28.3,9,Não,0,
CUST-01043,2021-12-15,Nordeste,59,Básico,Mensal,Pix,55,44.9,0,0,6,9.2,8,Não,0,
CUST-01044,2023-10-18,Nordeste,72,Básico,Anual,Cartão,32,61.69,2,0,8,118.3,8,Não,0,
CUST-01045,2024-02-10,Sudeste,25,Premium,Mensal,Cartão,29,148.92,2,1,10,25.9,2,Não,0,
CUST-01046,2025-11-25,Sudeste,24,Premium,Bienal,Débito automático,7,158.91,1,0,10,19.4,0,Sim,0,
CUST-01047,2022-10-07,Sudeste,28,Básico,Bienal,Débito automático,45,39.0,0,1,7,30.0,3,Sim,0,
CUST-01048,2022-04-14,Nordeste,38,Básico,Bienal,Cartão,51,66.04,1,2,8,60.0,2,Sim,0,
CUST-01049,2024-04-12,Centro-Oeste,50,Básico,Mensal,Cartão,26,62.37,0,0,9,58.7,2,Sim,0,
CUST-01050,2024-01-25,Sudeste,46,Padrão,Mensal,Pix,29,95.76,1,0,10,53.7,12,Não,0,
CUST-01051,2020-07-20,Nordeste,41,Básico,Anual,Pix,72,61.26,4,0,9,72.5,15,Sim,1,2026-06-06
CUST-01052,2025-10-07,Sudeste,45,Premium,Mensal,Cartão,8,172.08,1,1,10,21.9,0,Sim,0,
CUST-01053,2023-09-15,Sudeste,31,Premium,Mensal,Cartão,33,138.72,0,0,8,18.1,0,Não,0,
CUST-01054,2022-10-23,Sudeste,36,Padrão,Mensal,Pix,44,99.93,0,0,6,46.5,12,Não,0,
CUST-01055,2026-01-09,Sudeste,39,Básico,Anual,Cartão,5,40.73,2,0,10,27.7,10,Não,0,
CUST-01056,2025-12-23,Nordeste,20,Premium,Anual,Débito automático,6,160.23,2,2,7,52.6,5,Sim,0,
CUST-01057,2025-04-14,Centro-Oeste,25,Padrão,Mensal,Boleto,14,95.38,2,0,8,57.3,29,Sim,0,
CUST-01058,2025-03-12,Sudeste,26,Padrão,Bienal,Pix,15,98.65,3,0,4,39.6,15,Não,0,
CUST-01059,2025-05-23,Sul,48,Básico,Anual,Pix,13,70.88,1,1,6,32.3,11,Não,0,
CUST-01060,2025-02-24,Nordeste,42,Padrão,Mensal,Boleto,16,110.46,1,0,6,67.6,6,Sim,0,
CUST-01061,2025-02-11,Norte,46,Padrão,Mensal,Cartão,16,114.21,3,1,8,38.0,1,Não,0,
CUST-01062,2024-06-05,Nordeste,18,Premium,Mensal,Débito automático,25,153.45,4,0,10,26.3,17,Não,0,
CUST-01063,2025-06-07,Sudeste,21,Padrão,Bienal,Cartão,12,108.84,2,2,9,32.8,2,Não,0,
CUST-01064,2024-11-03,Nordeste,47,Padrão,Anual,Débito automático,20,106.09,1,1,7,36.3,9,Sim,0,
CUST-01065,2024-05-20,Sudeste,18,Padrão,Anual,Cartão,25,93.8,2,1,5,11.6,20,Sim,0,
CUST-01066,2024-12-20,Norte,54,Padrão,Anual,Boleto,18,100.64,1,2,10,75.6,2,Não,0,
CUST-01067,2023-10-11,Sudeste,18,Premium,Mensal,Cartão,33,157.15,2,0,8,23.3,5,Sim,0,
CUST-01068,2021-08-23,Nordeste,49,Padrão,Bienal,Boleto,59,118.53,2,0,0,14.1,4,Sim,1,2026-05-26
CUST-01069,2025-10-26,Sudeste,28,Básico,Bienal,Pix,8,70.34,2,0,9,37.5,6,Sim,0,
CUST-01070,2025-07-19,Sudeste,52,Básico,Anual,Cartão,11,54.3,1,0,8,40.5,14,Não,0,
CUST-01071,2023-01-30,Centro-Oeste,75,Padrão,Mensal,Boleto,41,93.32,0,0,3,23.9,2,Não,0,
CUST-01072,2024-01-12,Nordeste,18,Premium,Mensal,Cartão,30,172.41,3,1,9,28.4,4,Sim,1,2026-03-27
CUST-01073,2022-12-02,Sul,47,Básico,Mensal,Pix,43,77.76,3,0,7,37.5,1,Sim,0,
CUST-01074,2023-04-11,Norte,18,Padrão,Mensal,Cartão,39,103.42,2,0,4,36.7,8,Não,1,2026-01-20
CUST-01075,2025-03-26,Centro-Oeste,44,Premium,Anual,Boleto,15,168.22,0,0,10,51.7,4,Não,0,
CUST-01076,2021-05-01,Sudeste,37,Padrão,Anual,Débito automático,62,117.24,2,0,8,37.8,0,Sim,0,
CUST-01077,2021-04-06,Sul,41,Básico,Bienal,Pix,63,56.55,0,0,6,13.1,8,Sim,0,
CUST-01078,2025-06-08,Sul,28,Básico,Mensal,Boleto,12,60.17,2,0,6,32.2,10,Não,0,
CUST-01079,2021-10-04,Nordeste,48,Padrão,Mensal,Débito automático,57,105.81,1,0,7,45.1,4,Sim,0,
CUST-01080,2021-06-06,Sudeste,22,Básico,Mensal,Boleto,61,52.99,1,0,7,25.3,12,Não,0,
CUST-01081,2020-07-05,Sudeste,54,Padrão,Bienal,Cartão,72,122.79,2,0,8,31.5,4,Sim,0,
CUST-01082,2023-04-15,Centro-Oeste,34,Padrão,Anual,Pix,39,92.87,4,2,7,49.5,3,Sim,1,2026-02-11
CUST-01083,2024-10-25,Centro-Oeste,22,Padrão,Mensal,Cartão,20,99.86,1,1,6,36.9,1,Não,0,
CUST-01084,2025-03-10,Centro-Oeste,58,Padrão,Anual,Pix,15,125.83,3,0,8,44.7,44,Não,1,2026-06-05
CUST-01085,2024-10-21,Norte,38,Básico,Mensal,Cartão,20,39.0,2,1,6,39.6,9,Não,0,
CUST-01086,2025-09-26,Nordeste,62,Básico,Mensal,Boleto,9,62.02,2,0,7,30.6,8,Não,1,2026-06-22
CUST-01087,2023-09-24,Nordeste,54,Básico,Mensal,Pix,33,49.75,3,1,10,87.1,6,Não,0,
CUST-01088,2024-09-06,Nordeste,29,Básico,Mensal,Boleto,22,59.0,0,0,6,20.8,12,Sim,0,
CUST-01089,2025-11-08,Sul,38,Padrão,Mensal,Cartão,7,82.12,0,1,7,14.7,17,Sim,1,2026-06-17
CUST-01090,2025-03-27,Sul,40,Básico,Mensal,Cartão,15,53.81,0,1,5,34.8,8,Não,0,
CUST-01091,2022-01-10,Sudeste,57,Padrão,Mensal,Boleto,54,99.35,2,1,9,30.8,13,Não,1,2026-03-04
CUST-01092,2023-09-10,Nordeste,44,Básico,Anual,Pix,34,62.34,0,1,4,34.9,15,Sim,0,
CUST-01093,2025-04-29,Sudeste,41,Básico,Mensal,Débito automático,14,71.54,2,1,5,54.7,17,Não,0,
CUST-01094,2020-07-10,Sudeste,37,Básico,Mensal,Pix,72,39.0,4,0,9,22.5,5,Sim,1,2026-04-24
CUST-01095,2023-12-11,Sul,38,Padrão,Bienal,Cartão,31,97.24,0,3,7,9.1,4,Não,0,
CUST-01096,2025-08-25,Sudeste,55,Padrão,Mensal,Boleto,10,96.55,0,0,9,107.7,5,Sim,0,
CUST-01097,2024-10-10,Sudeste,39,Padrão,Anual,Boleto,20,98.1,2,0,7,31.1,7,Sim,0,
CUST-01098,2025-11-15,Nordeste,34,Básico,Mensal,Cartão,7,59.45,0,0,6,44.1,9,Sim,0,
CUST-01099,2021-04-28,Centro-Oeste,32,Padrão,Anual,Boleto,62,87.38,1,0,7,32.0,1,Não,0,
CUST-01100,2022-10-21,Sudeste,32,Padrão,Mensal,Cartão,44,77.34,1,0,4,28.3,13,Sim,0,
CUST-01101,2025-05-03,Sudeste,22,Básico,Mensal,Cartão,14,62.04,1,0,5,32.2,2,Não,0,
CUST-01102,2026-02-17,Sudeste,30,Básico,Mensal,Cartão,4,45.08,3,1,9,45.3,15,Sim,1,2026-05-12
CUST-01103,2022-11-20,Nordeste,57,Básico,Anual,Boleto,43,64.64,2,0,7,53.4,2,Sim,0,
CUST-01104,2024-01-03,Centro-Oeste,37,Básico,Anual,Boleto,30,45.88,0,1,7,66.8,7,Não,0,
CUST-01105,2021-11-23,Sudeste,47,Premium,Anual,Cartão,56,168.7,2,0,7,47.9,5,Sim,0,
CUST-01106,2026-03-15,Nordeste,18,Básico,Mensal,Boleto,3,58.24,0,1,4,31.4,3,Não,0,
CUST-01107,2023-02-04,Sudeste,46,Padrão,Anual,Boleto,41,99.21,2,0,4,85.5,19,Não,0,
CUST-01108,2024-06-22,Sudeste,37,Padrão,Anual,Pix,24,95.55,0,2,8,45.0,3,Não,1,2026-02-07
CUST-01109,2020-07-19,Norte,33,Básico,Mensal,Cartão,72,53.31,2,1,6,48.6,3,Sim,0,
CUST-01110,2025-09-17,Sudeste,41,Padrão,Mensal,Cartão,9,95.74,0,0,7,67.2,19,Não,0,
CUST-01111,2022-09-16,Sudeste,33,Básico,Mensal,Cartão,46,75.54,3,0,8,34.4,9,Não,0,
CUST-01112,2023-02-13,Sudeste,18,Padrão,Anual,Débito automático,41,77.52,2,1,5,64.4,3,Sim,0,
CUST-01113,2025-11-30,Nordeste,50,Básico,Mensal,Boleto,7,49.93,2,2,6,14.6,5,Não,0,
CUST-01114,2024-11-07,Norte,42,Básico,Mensal,Cartão,20,73.79,3,0,6,32.7,26,Sim,0,
CUST-01115,2023-05-27,Norte,35,Básico,Bienal,Pix,37,70.48,2,2,8,71.0,16,Sim,0,
CUST-01116,2025-04-11,Sudeste,27,Padrão,Bienal,Cartão,14,117.81,3,1,6,58.1,3,Sim,0,
CUST-01117,2025-04-25,Sudeste,21,Padrão,Mensal,Cartão,14,98.17,3,1,6,41.4,7,Não,1,2026-05-02
CUST-01118,2022-05-17,Nordeste,42,Padrão,Bienal,Cartão,50,80.54,3,1,10,18.9,5,Não,0,
CUST-01119,2020-07-09,Sudeste,58,Básico,Mensal,Cartão,72,43.49,3,0,7,12.3,5,Sim,0,
CUST-01120,2022-08-19,Centro-Oeste,41,Premium,Anual,Cartão,47,154.82,1,2,8,33.7,6,Não,0,
CUST-01121,2025-11-01,Nordeste,22,Básico,Mensal,Cartão,8,69.65,2,0,3,32.0,1,Sim,0,
CUST-01122,2026-05-14,Sudeste,42,Premium,Mensal,Pix,1,155.43,3,1,4,52.9,2,Sim,0,
CUST-01123,2025-09-03,Centro-Oeste,38,Padrão,Bienal,Pix,10,94.36,3,0,8,37.4,14,Sim,1,2026-02-18
CUST-01124,2023-03-14,Sudeste,49,Padrão,Mensal,Pix,40,104.56,1,0,7,56.7,15,Sim,0,
CUST-01125,2022-11-10,Sudeste,46,Padrão,Anual,Pix,44,99.39,0,0,6,40.4,6,Sim,0,
CUST-01126,2024-11-09,Sul,18,Padrão,Mensal,Pix,19,92.83,2,1,5,21.0,4,Não,1,2026-01-18
CUST-01127,2025-08-20,Sul,46,Padrão,Mensal,Pix,10,84.98,0,0,9,43.5,5,Não,0,
CUST-01128,2024-10-18,Nordeste,27,Básico,Bienal,Débito automático,20,72.26,1,1,8,35.9,19,Sim,0,
CUST-01129,2026-01-22,Nordeste,22,Padrão,Mensal,Cartão,5,113.67,1,0,7,33.9,21,Não,0,
CUST-01130,2026-05-02,Norte,37,Básico,Bienal,Pix,1,44.19,1,1,8,36.8,17,Sim,0,
CUST-01131,2023-10-18,Norte,44,Padrão,Anual,Cartão,32,93.36,0,1,6,41.2,7,Não,0,
CUST-01132,2024-01-18,Sul,19,Padrão,Mensal,Pix,29,108.34,3,1,6,34.8,4,Não,0,
CUST-01133,2025-08-26,Sudeste,47,Premium,Mensal,Pix,10,143.07,5,1,6,15.4,10,Sim,1,2026-01-07
CUST-01134,2022-07-12,Nordeste,48,Padrão,Mensal,Boleto,48,104.11,1,0,9,17.3,4,Não,1,2026-02-18
CUST-01135,2024-05-07,Norte,40,Básico,Mensal,Débito automático,26,54.43,2,1,6,28.2,6,Não,1,2026-04-24
CUST-01136,2025-05-16,Sudeste,29,Padrão,Mensal,Pix,13,81.97,2,0,7,61.8,6,Sim,0,
CUST-01137,2023-10-21,Sul,27,Básico,Mensal,Cartão,32,83.88,2,1,6,38.3,6,Não,0,
CUST-01138,2020-07-19,Sudeste,51,Padrão,Anual,Boleto,72,94.22,2,1,9,34.3,3,Sim,0,
CUST-01139,2026-01-01,Sudeste,21,Padrão,Mensal,Cartão,6,106.34,1,0,6,84.1,8,Não,0,
CUST-01140,2020-07-24,Nordeste,52,Padrão,Anual,Pix,72,83.3,2,1,10,40.3,4,Sim,0,
CUST-01141,2024-04-25,Sudeste,37,Básico,Mensal,Débito automático,26,80.73,2,0,6,34.8,0,Sim,0,
CUST-01142,2023-05-01,Nordeste,38,Básico,Mensal,Pix,38,86.26,3,0,6,29.6,1,Não,0,
CUST-01143,2023-03-06,Centro-Oeste,19,Padrão,Mensal,Pix,40,77.97,3,2,10,27.4,5,Não,0,
CUST-01144,2025-05-08,Nordeste,37,Básico,Mensal,Cartão,13,56.7,3,2,5,13.6,2,Não,1,2026-06-21
CUST-01145,2025-01-03,Sudeste,46,Básico,Anual,Cartão,18,77.59,2,0,7,34.5,5,Sim,0,
CUST-01146,2021-07-26,Sudeste,23,Básico,Mensal,Débito automático,60,52.44,0,0,9,18.2,14,Sim,0,
CUST-01147,2020-12-19,Nordeste,45,Padrão,Anual,Cartão,67,104.73,1,3,4,22.9,4,Não,0,
CUST-01148,2024-08-12,Nordeste,40,Básico,Anual,Cartão,22,39.0,2,1,8,17.8,9,Sim,0,
CUST-01149,2020-07-03,Sul,31,Padrão,Mensal,Pix,72,87.96,2,1,4,80.9,15,Sim,1,2026-02-04
CUST-01150,2024-07-03,Centro-Oeste,49,Premium,Bienal,Pix,24,163.27,1,0,7,39.6,14,Sim,0,
CUST-01151,2022-10-03,Sudeste,18,Padrão,Bienal,Cartão,45,90.75,0,1,10,63.8,8,Não,0,
CUST-01152,2025-05-04,Centro-Oeste,43,Básico,Mensal,Cartão,14,53.95,2,1,2,51.1,15,Sim,1,2026-06-12
CUST-01153,2022-12-08,Sudeste,58,Básico,Bienal,Pix,43,39.0,1,1,7,30.9,2,Sim,0,
CUST-01154,2024-09-09,Sudeste,56,Básico,Mensal,Pix,21,68.16,5,0,6,24.9,3,Sim,0,
CUST-01155,2020-07-17,Sul,44,Padrão,Anual,Boleto,72,80.25,2,0,5,30.7,26,Sim,0,
CUST-01156,2023-09-11,Sudeste,35,Padrão,Mensal,Cartão,34,120.57,2,0,4,21.4,8,Não,1,2026-02-16
CUST-01157,2020-07-10,Sudeste,31,Básico,Anual,Débito automático,72,49.44,2,0,9,9.4,9,Sim,1,2026-04-30
CUST-01158,2023-12-14,Sudeste,35,Básico,Anual,Cartão,30,70.21,0,0,8,14.4,5,Sim,0,
CUST-01159,2024-05-02,Sul,46,Básico,Bienal,Cartão,26,68.83,2,1,3,46.7,4,Sim,1,2026-02-28
CUST-01160,2024-01-24,Nordeste,29,Básico,Bienal,Débito automático,29,45.21,5,1,5,15.4,3,Não,0,
CUST-01161,2020-07-12,Sudeste,48,Premium,Mensal,Débito automático,72,150.94,3,1,6,22.9,10,Sim,0,
CUST-01162,2024-12-12,Nordeste,65,Básico,Anual,Cartão,18,52.6,1,0,4,29.8,9,Sim,0,
CUST-01163,2020-07-03,Nordeste,38,Básico,Mensal,Pix,72,53.54,1,0,7,18.4,10,Não,0,
CUST-01164,2022-06-02,Sudeste,23,Básico,Mensal,Débito automático,49,40.83,1,0,8,44.5,7,Não,0,
CUST-01165,2020-07-10,Sudeste,23,Básico,Mensal,Cartão,72,66.47,0,1,8,55.8,2,Sim,1,2026-04-23
CUST-01166,2025-09-02,Centro-Oeste,48,Básico,Bienal,Cartão,10,49.36,1,3,10,15.8,3,Não,0,
CUST-01167,2022-11-09,Nordeste,38,Padrão,Anual,Pix,44,97.4,3,1,5,15.0,4,Não,0,
CUST-01168,2021-05-05,Sul,50,Básico,Mensal,Boleto,62,73.09,1,1,6,25.5,15,Sim,0,
CUST-01169,2021-03-31,Nordeste,33,Básico,Bienal,Pix,63,67.01,2,1,6,48.4,8,Não,0,
CUST-01170,2022-10-27,Sudeste,49,Padrão,Anual,Pix,44,90.3,1,1,9,47.8,12,Sim,0,
CUST-01171,2024-10-29,Sudeste,37,Padrão,Mensal,Débito automático,20,113.57,2,1,9,14.1,6,Sim,0,
CUST-01172,2024-12-02,Nordeste,30,Básico,Mensal,Cartão,19,68.32,1,1,5,41.5,10,Sim,0,
CUST-01173,2024-12-20,Sudeste,34,Premium,Anual,Boleto,18,149.12,0,0,10,30.6,4,Sim,0,
CUST-01174,2023-11-11,Nordeste,25,Básico,Anual,Cartão,32,51.8,2,0,5,59.5,3,Não,0,
CUST-01175,2024-01-19,Sul,63,Premium,Mensal,Boleto,29,173.01,3,0,9,20.5,27,Não,1,2026-04-30
CUST-01176,2024-10-27,Nordeste,38,Premium,Mensal,Pix,20,169.9,0,0,9,18.0,3,Não,0,
CUST-01177,2024-07-20,Sul,47,Padrão,Mensal,Cartão,23,77.96,5,0,8,49.4,2,Sim,1,2026-04-06
CUST-01178,2024-04-11,Sudeste,33,Básico,Mensal,Pix,27,44.92,0,1,6,14.3,10,Sim,0,
CUST-01179,2026-02-22,Sudeste,26,Premium,Mensal,Débito automático,4,168.74,2,0,6,36.1,10,Não,1,2026-03-25
CUST-01180,2024-10-08,Sudeste,36,Básico,Mensal,Pix,21,42.56,1,2,8,32.0,11,Não,0,
CUST-01181,2025-01-27,Nordeste,52,Básico,Mensal,Cartão,17,70.27,1,0,8,26.0,5,Sim,0,
CUST-01182,2025-08-09,Sudeste,33,Padrão,Anual,Cartão,10,126.1,2,1,9,28.6,9,Não,0,
CUST-01183,2025-08-24,Sudeste,29,Padrão,Mensal,Boleto,10,104.23,1,2,9,36.1,9,Sim,0,
CUST-01184,2024-09-14,Sudeste,41,Premium,Mensal,Boleto,21,146.08,2,0,8,10.3,2,Sim,0,
CUST-01185,2023-09-29,Sudeste,45,Padrão,Mensal,Pix,33,101.47,2,1,10,20.7,0,Não,0,
CUST-01186,2023-08-02,Nordeste,59,Premium,Bienal,Cartão,35,173.48,3,0,6,11.8,4,Não,1,2026-03-26
CUST-01187,2023-04-27,Sudeste,43,Padrão,Mensal,Boleto,38,100.38,1,0,7,7.2,7,Sim,0,
CUST-01188,2023-08-02,Norte,47,Padrão,Mensal,Cartão,35,105.77,1,1,6,13.6,1,Não,0,
CUST-01189,2024-12-20,Sudeste,48,Padrão,Mensal,Cartão,18,87.81,4,1,10,31.4,4,Sim,0,
CUST-01190,2025-08-23,Nordeste,25,Premium,Anual,Pix,10,148.87,0,1,9,44.7,7,Não,1,2026-05-01
CUST-01191,2025-06-06,Sul,27,Premium,Mensal,Pix,12,171.68,2,0,9,55.6,8,Não,0,
CUST-01192,2024-07-06,Sudeste,26,Premium,Mensal,Débito automático,24,149.03,0,1,8,53.6,23,Sim,0,
CUST-01193,2024-01-17,Centro-Oeste,23,Padrão,Anual,Pix,29,62.79,2,0,7,36.6,10,Sim,0,
CUST-01194,2022-08-31,Norte,49,Padrão,Anual,Cartão,46,94.71,3,0,10,9.3,0,Não,0,
CUST-01195,2021-04-10,Centro-Oeste,42,Básico,Mensal,Boleto,63,63.4,0,2,10,10.8,18,Não,1,2026-03-16
CUST-01196,2024-11-28,Sudeste,40,Premium,Mensal,Cartão,19,173.82,2,2,6,13.9,4,Não,1,2026-03-12
CUST-01197,2024-01-05,Sudeste,18,Básico,Bienal,Débito automático,30,82.04,0,2,7,44.0,2,Sim,0,
CUST-01198,2023-04-09,Nordeste,64,Básico,Bienal,Cartão,39,60.19,1,0,8,19.2,4,Sim,0,
CUST-01199,2024-03-31,Sudeste,28,Padrão,Anual,Débito automático,27,108.22,1,1,6,54.5,2,Sim,0,
CUST-01200,2025-06-03,Nordeste,64,Padrão,Anual,Débito automático,13,100.69,2,1,6,22.3,0,Sim,0,
CUST-01201,2025-04-03,Sul,22,Padrão,Bienal,Débito automático,15,103.96,2,0,4,42.3,3,Não,0,
CUST-01202,2022-06-05,Sul,29,Básico,Bienal,Cartão,49,56.38,3,0,2,41.6,8,Sim,1,2026-01-16
CUST-01203,2024-10-15,Nordeste,18,Básico,Mensal,Débito automático,20,64.41,3,0,10,61.6,3,Não,0,
CUST-01204,2024-08-10,Nordeste,43,Básico,Bienal,Boleto,22,48.78,0,1,6,32.6,2,Sim,0,
CUST-01205,2026-03-21,Sudeste,26,Básico,Anual,Cartão,3,86.72,1,1,6,32.6,13,Sim,0,
CUST-01206,2021-09-27,Sudeste,26,Básico,Anual,Pix,57,39.0,3,0,7,34.8,9,Não,0,
CUST-01207,2023-02-24,Sul,23,Padrão,Mensal,Boleto,40,106.99,0,0,9,53.5,10,Sim,0,
CUST-01208,2025-10-28,Sul,48,Básico,Mensal,Débito automático,8,63.47,2,0,9,20.0,3,Sim,0,
CUST-01209,2023-06-09,Sudeste,48,Básico,Anual,Boleto,37,64.2,3,2,9,28.9,11,Sim,0,
CUST-01210,2023-04-04,Sudeste,61,Básico,Anual,Pix,39,42.44,1,1,8,33.2,5,Não,0,
CUST-01211,2020-07-26,Nordeste,31,Padrão,Mensal,Boleto,72,75.51,2,1,7,14.4,7,Sim,0,
CUST-01212,2025-04-22,Nordeste,42,Premium,Anual,Cartão,14,167.48,0,3,10,27.3,11,Não,0,
CUST-01213,2023-07-11,Sul,24,Básico,Mensal,Pix,36,77.77,0,1,7,41.4,9,Sim,0,
CUST-01214,2025-01-25,Sudeste,35,Básico,Mensal,Boleto,17,62.08,0,0,9,16.4,7,Sim,0,
CUST-01215,2025-01-26,Sudeste,33,Padrão,Anual,Pix,17,110.27,2,0,4,48.1,3,Sim,0,
CUST-01216,2020-12-21,Sul,45,Básico,Anual,Boleto,67,52.59,1,2,10,34.7,5,Sim,0,
CUST-01217,2022-06-18,Sudeste,51,Premium,Mensal,Pix,49,163.64,1,0,5,58.0,6,Sim,0,
CUST-01218,2025-10-11,Sul,51,Premium,Mensal,Pix,8,176.16,2,0,4,57.6,5,Sim,1,2026-03-02
CUST-01219,2025-12-02,Nordeste,29,Padrão,Mensal,Boleto,7,94.61,3,0,4,69.4,6,Sim,1,2026-02-15
CUST-01220,2023-05-06,Sudeste,51,Premium,Anual,Cartão,38,175.6,0,0,8,34.7,6,Sim,0,
CUST-01221,2024-07-18,Sudeste,38,Padrão,Bienal,Débito automático,23,76.12,4,1,10,45.2,22,Sim,0,
CUST-01222,2025-06-12,Sudeste,35,Padrão,Anual,Débito automático,12,90.42,3,1,7,36.6,2,Sim,0,
CUST-01223,2023-05-06,Centro-Oeste,30,Básico,Anual,Débito automático,38,66.64,5,0,7,29.0,1,Não,0,
CUST-01224,2023-08-13,Nordeste,32,Básico,Mensal,Débito automático,35,85.64,3,1,9,31.5,3,Não,0,
CUST-01225,2024-04-19,Sudeste,60,Básico,Mensal,Pix,26,59.2,1,0,6,24.7,13,Não,1,2026-03-26
CUST-01226,2024-02-15,Centro-Oeste,43,Padrão,Bienal,Pix,28,84.53,3,1,7,17.9,8,Sim,0,
CUST-01227,2025-05-31,Sul,41,Padrão,Mensal,Boleto,13,125.32,0,2,6,33.3,2,Não,0,
CUST-01228,2023-07-24,Sul,36,Básico,Mensal,Cartão,35,57.23,1,0,10,38.0,6,Não,1,2026-04-25
CUST-01229,2020-07-15,Norte,68,Padrão,Mensal,Débito automático,72,108.31,0,0,7,25.6,14,Sim,1,2026-04-16
CUST-01230,2025-09-24,Sudeste,55,Básico,Anual,Cartão,9,54.32,0,0,9,26.2,11,Não,0,
CUST-01231,2022-06-23,Sudeste,30,Básico,Mensal,Débito automático,48,60.99,1,0,6,70.2,1,Sim,0,
CUST-01232,2025-07-14,Sul,36,Básico,Mensal,Pix,11,51.13,4,1,5,28.5,10,Não,1,2026-01-27
CUST-01233,2023-01-11,Sudeste,36,Padrão,Anual,Débito automático,42,130.61,1,0,8,15.2,13,Não,0,
CUST-01234,2024-07-23,Nordeste,41,Padrão,Mensal,Pix,23,115.68,1,0,8,32.9,4,Não,0,
CUST-01235,2022-12-12,Sudeste,31,Padrão,Mensal,Pix,43,123.75,4,1,9,32.0,5,Não,0,
CUST-01236,2025-08-26,Sudeste,44,Básico,Anual,Débito automático,10,47.96,1,1,5,32.1,6,Não,0,
CUST-01237,2026-05-10,Sudeste,56,Padrão,Bienal,Pix,1,73.45,1,0,7,34.3,27,Sim,0,
CUST-01238,2024-02-01,Sudeste,23,Premium,Mensal,Cartão,29,154.9,2,2,4,27.1,9,Sim,1,2026-04-01
CUST-01239,2022-09-10,Sudeste,25,Básico,Mensal,Cartão,46,94.23,0,3,6,22.0,6,Sim,0,
CUST-01240,2023-12-26,Sudeste,33,Padrão,Mensal,Pix,30,94.49,1,0,4,10.5,7,Não,0,
CUST-01241,2023-03-11,Centro-Oeste,34,Básico,Mensal,Pix,40,73.73,0,2,7,17.5,1,Não,0,
CUST-01242,2024-12-22,Sudeste,63,Básico,Bienal,Boleto,18,44.65,1,0,10,42.1,11,Sim,0,
CUST-01243,2023-02-12,Sudeste,51,Padrão,Anual,Cartão,41,87.39,1,1,5,69.2,19,Sim,0,
CUST-01244,2021-01-21,Sudeste,50,Básico,Mensal,Cartão,66,57.88,2,0,5,22.0,18,Não,1,2026-04-20
CUST-01245,2024-12-28,Sudeste,36,Padrão,Anual,Débito automático,18,128.54,1,0,7,26.8,3,Não,0,
CUST-01246,2023-02-21,Sudeste,36,Premium,Mensal,Boleto,40,174.4,1,0,7,32.6,9,Não,0,
CUST-01247,2025-03-29,Nordeste,22,Básico,Mensal,Cartão,15,39.0,0,1,9,80.7,1,Não,0,
CUST-01248,2020-08-02,Sudeste,48,Básico,Bienal,Cartão,71,68.33,2,1,4,32.4,12,Sim,0,
CUST-01249,2025-10-25,Centro-Oeste,45,Premium,Mensal,Cartão,8,142.92,2,2,2,84.7,2,Sim,0,
CUST-01250,2023-08-25,Centro-Oeste,54,Padrão,Mensal,Boleto,34,89.46,0,1,7,10.5,14,Sim,0,
CUST-01251,2024-03-19,Sudeste,36,Premium,Bienal,Boleto,27,166.15,1,0,10,11.8,9,Não,0,
CUST-01252,2024-12-19,Sudeste,37,Básico,Mensal,Boleto,18,78.58,0,0,7,64.8,1,Não,0,
CUST-01253,2024-12-24,Sudeste,41,Padrão,Mensal,Boleto,18,117.89,4,2,8,18.3,13,Não,1,2026-01-17
CUST-01254,2024-05-20,Nordeste,50,Premium,Mensal,Débito automático,25,163.64,0,0,7,29.4,0,Sim,0,
CUST-01255,2021-02-04,Sudeste,21,Básico,Mensal,Cartão,65,63.84,2,1,9,28.4,3,Não,0,
CUST-01256,2023-12-07,Centro-Oeste,48,Padrão,Mensal,Cartão,31,117.85,1,1,6,13.2,1,Sim,0,
CUST-01257,2026-01-20,Nordeste,39,Padrão,Mensal,Pix,5,76.94,0,0,7,29.9,29,Não,1,2026-03-06
CUST-01258,2025-11-24,Nordeste,26,Padrão,Mensal,Débito automático,7,124.58,1,0,10,94.8,9,Sim,0,
CUST-01259,2023-12-09,Sul,18,Básico,Mensal,Pix,31,48.7,4,0,10,52.3,7,Sim,1,2026-01-30
CUST-01260,2022-04-22,Norte,37,Padrão,Anual,Pix,51,102.65,1,0,6,14.6,4,Não,0,
CUST-01261,2025-05-27,Sudeste,56,Básico,Bienal,Boleto,13,52.05,2,1,6,12.5,35,Sim,0,
CUST-01262,2024-01-11,Sudeste,59,Premium,Anual,Cartão,30,142.82,2,1,6,43.4,6,Não,0,
CUST-01263,2022-03-09,Sudeste,43,Básico,Anual,Pix,52,65.46,3,0,5,71.4,34,Não,0,
CUST-01264,2023-10-06,Norte,63,Básico,Anual,Boleto,33,62.31,1,1,6,83.5,6,Sim,0,
CUST-01265,2024-03-09,Sul,38,Premium,Mensal,Débito automático,28,157.52,4,1,7,41.0,17,Sim,0,
CUST-01266,2024-11-04,Nordeste,50,Básico,Mensal,Cartão,20,56.86,0,1,5,14.6,19,Não,1,2026-03-01
CUST-01267,2024-08-01,Sudeste,34,Padrão,Mensal,Pix,23,120.36,2,0,8,40.8,3,Sim,0,
CUST-01268,2023-02-05,Norte,33,Básico,Mensal,Débito automático,41,89.7,2,1,4,18.3,9,Sim,0,
CUST-01269,2022-11-06,Sul,31,Padrão,Bienal,Boleto,44,116.54,1,1,5,38.0,16,Não,1,2026-02-20
CUST-01270,2022-11-10,Sul,18,Básico,Mensal,Pix,44,62.88,1,0,8,47.7,0,Sim,0,
CUST-01271,2025-03-12,Norte,54,Padrão,Anual,Cartão,15,76.08,4,0,10,22.5,13,Sim,0,
CUST-01272,2026-04-06,Sudeste,31,Padrão,Mensal,Cartão,2,107.78,2,0,8,61.8,11,Sim,0,
CUST-01273,2024-11-29,Sudeste,29,Básico,Mensal,Pix,19,68.4,0,1,5,30.3,10,Não,0,
CUST-01274,2022-07-22,Sul,25,Básico,Mensal,Cartão,47,69.8,0,1,5,29.0,3,Sim,0,
CUST-01275,2020-07-24,Sudeste,37,Básico,Mensal,Boleto,72,43.03,3,1,6,22.0,0,Sim,1,2026-02-23
CUST-01276,2025-06-28,Sudeste,60,Padrão,Mensal,Boleto,12,110.9,1,1,10,42.6,4,Sim,0,
CUST-01277,2023-04-10,Sudeste,64,Básico,Anual,Boleto,39,80.86,3,0,8,46.1,4,Não,0,
CUST-01278,2025-03-02,Sudeste,19,Básico,Mensal,Cartão,16,45.24,2,0,5,6.4,11,Sim,0,
CUST-01279,2021-05-18,Centro-Oeste,35,Básico,Anual,Cartão,62,68.59,0,1,8,63.8,3,Não,0,
CUST-01280,2022-08-13,Sul,27,Padrão,Bienal,Boleto,47,87.64,0,0,10,28.0,12,Sim,0,
CUST-01281,2023-11-12,Sudeste,51,Padrão,Mensal,Cartão,32,97.54,3,1,10,37.2,0,Sim,0,
CUST-01282,2023-09-12,Sudeste,42,Padrão,Bienal,Cartão,34,85.72,1,0,10,29.1,13,Não,0,
CUST-01283,2021-09-22,Sul,31,Premium,Mensal,Pix,58,154.09,2,1,9,39.8,4,Sim,0,
CUST-01284,2026-01-15,Nordeste,40,Padrão,Mensal,Cartão,5,94.2,0,1,4,49.0,8,Sim,0,
CUST-01285,2024-06-21,Centro-Oeste,33,Premium,Mensal,Cartão,24,164.77,1,0,5,32.9,2,Não,1,2026-02-22
CUST-01286,2025-08-09,Norte,58,Padrão,Anual,Cartão,10,111.47,0,1,10,28.4,10,Sim,0,
CUST-01287,2023-09-01,Sudeste,46,Básico,Mensal,Débito automático,34,76.03,3,1,6,31.9,7,Não,0,
CUST-01288,2024-02-02,Sudeste,47,Premium,Mensal,Cartão,29,149.87,2,0,3,40.3,10,Não,0,
CUST-01289,2023-10-20,Sul,18,Padrão,Bienal,Pix,32,104.04,1,0,8,33.2,25,Sim,0,
CUST-01290,2025-09-11,Sul,38,Padrão,Mensal,Pix,9,83.63,4,0,9,39.7,4,Sim,0,
CUST-01291,2022-02-28,Sul,64,Básico,Anual,Pix,52,57.45,2,0,7,36.5,2,Sim,0,
CUST-01292,2022-12-21,Nordeste,55,Básico,Mensal,Pix,42,59.6,5,0,8,32.9,8,Não,1,2026-02-13
CUST-01293,2024-12-15,Sul,18,Padrão,Mensal,Cartão,18,86.08,1,1,5,32.0,3,Sim,0,
CUST-01294,2022-10-19,Sudeste,35,Padrão,Mensal,Cartão,45,106.83,0,0,6,32.1,6,Sim,0,
CUST-01295,2026-03-25,Sudeste,25,Padrão,Mensal,Pix,3,96.82,0,0,3,28.2,6,Não,1,2026-04-01
CUST-01296,2025-07-18,Sudeste,60,Básico,Mensal,Débito automático,11,61.16,1,1,5,23.2,31,Sim,0,
CUST-01297,2024-05-30,Sudeste,42,Padrão,Anual,Pix,25,116.14,0,2,10,29.1,5,Sim,0,
CUST-01298,2024-09-30,Sudeste,30,Básico,Mensal,Pix,21,53.01,2,0,0,32.7,15,Não,1,2026-06-06
CUST-01299,2021-07-22,Nordeste,39,Básico,Mensal,Débito automático,60,70.9,3,1,6,45.7,0,Não,0,
CUST-01300,2023-02-28,Sudeste,18,Básico,Anual,Boleto,40,79.2,3,2,6,47.4,4,Sim,0,
CUST-01301,2020-11-01,Sudeste,26,Padrão,Anual,Boleto,68,118.34,0,0,8,67.1,6,Sim,0,
CUST-01302,2025-11-01,Sul,39,Padrão,Bienal,Pix,8,96.37,2,0,3,38.9,5,Sim,0,
CUST-01303,2024-10-01,Nordeste,49,Premium,Mensal,Débito automático,21,145.38,1,1,5,9.2,6,Não,1,2026-01-01
CUST-01304,2025-09-03,Sudeste,18,Padrão,Anual,Pix,10,89.06,4,0,6,30.8,3,Sim,0,
CUST-01305,2023-10-17,Nordeste,34,Padrão,Mensal,Boleto,32,76.79,4,0,8,31.6,14,Sim,1,2026-04-21
CUST-01306,2025-10-31,Centro-Oeste,51,Padrão,Anual,Boleto,8,108.6,0,1,7,27.5,3,Sim,0,
CUST-01307,2024-02-02,Sul,22,Padrão,Mensal,Pix,29,109.47,0,2,4,9.5,2,Sim,0,
CUST-01308,2025-04-13,Nordeste,42,Premium,Mensal,Débito automático,14,160.64,1,0,6,46.2,8,Sim,0,
CUST-01309,2022-10-11,Sudeste,40,Padrão,Bienal,Débito automático,45,79.73,4,1,5,36.5,10,Sim,1,2026-02-01
CUST-01310,2024-05-30,Norte,60,Básico,Anual,Pix,25,53.89,0,2,8,26.6,6,Sim,0,
CUST-01311,2025-12-23,Sudeste,36,Padrão,Anual,Cartão,6,118.32,2,0,7,18.1,2,Sim,0,
CUST-01312,2022-04-27,Centro-Oeste,37,Básico,Mensal,Boleto,50,67.54,2,1,10,32.4,16,Não,0,
CUST-01313,2022-04-24,Sul,49,Básico,Anual,Cartão,50,69.96,0,0,6,91.3,7,Sim,0,
CUST-01314,2022-12-11,Sudeste,23,Padrão,Mensal,Pix,43,145.31,2,0,6,36.5,6,Sim,1,2026-03-30
CUST-01315,2024-12-26,Sudeste,36,Premium,Mensal,Cartão,18,163.59,2,0,6,33.8,6,Não,1,2026-02-19
CUST-01316,2023-05-10,Nordeste,34,Básico,Mensal,Boleto,38,39.0,3,0,7,18.5,22,Não,0,
CUST-01317,2022-02-18,Sul,37,Básico,Mensal,Débito automático,53,43.58,1,0,9,41.6,2,Sim,0,
CUST-01318,2024-08-05,Sudeste,49,Premium,Mensal,Cartão,23,163.28,1,0,6,25.0,14,Sim,0,
CUST-01319,2024-06-13,Nordeste,46,Básico,Anual,Boleto,24,59.26,1,0,6,42.5,2,Sim,0,
CUST-01320,2024-02-15,Centro-Oeste,30,Básico,Mensal,Débito automático,28,56.59,0,1,8,11.6,10,Sim,0,
CUST-01321,2022-10-31,Sul,41,Padrão,Anual,Cartão,44,96.84,0,2,5,19.9,2,Sim,0,
CUST-01322,2023-12-21,Sul,57,Premium,Bienal,Cartão,30,148.02,2,0,8,24.6,17,Sim,0,
CUST-01323,2023-03-20,Sudeste,29,Padrão,Mensal,Pix,39,104.23,3,1,6,28.7,10,Não,1,2026-05-21
CUST-01324,2024-08-08,Nordeste,41,Padrão,Anual,Boleto,23,118.52,1,0,5,65.1,1,Sim,0,
CUST-01325,2024-08-18,Sudeste,37,Básico,Mensal,Pix,22,83.25,2,0,3,56.5,11,Não,1,2026-06-12
CUST-01326,2023-02-23,Centro-Oeste,38,Básico,Bienal,Cartão,40,82.86,3,0,5,39.1,7,Não,0,
CUST-01327,2025-02-20,Sudeste,19,Padrão,Mensal,Cartão,16,85.62,0,0,7,18.5,1,Sim,0,
CUST-01328,2025-06-12,Sul,56,Premium,Mensal,Pix,12,158.72,1,2,7,18.9,25,Não,0,
CUST-01329,2025-03-01,Sudeste,30,Básico,Mensal,Cartão,16,54.61,2,0,7,53.7,7,Não,0,
CUST-01330,2024-10-06,Sudeste,51,Básico,Bienal,Boleto,21,67.29,2,1,4,27.7,8,Sim,0,
CUST-01331,2024-05-04,Nordeste,32,Básico,Mensal,Cartão,26,57.84,2,1,7,22.7,6,Sim,0,
CUST-01332,2025-01-03,Sul,31,Básico,Anual,Boleto,18,55.84,3,1,4,26.1,8,Não,1,2026-01-30
CUST-01333,2024-10-11,Sul,54,Básico,Mensal,Boleto,20,79.36,0,0,4,30.8,2,Não,1,2026-01-15
CUST-01334,2023-09-24,Norte,51,Básico,Anual,Débito automático,33,60.38,1,1,9,37.5,2,Sim,1,2026-06-13
CUST-01335,2025-05-02,Norte,42,Padrão,Mensal,Cartão,14,100.74,2,0,7,30.0,7,Sim,1,2026-01-28
CUST-01336,2022-12-12,Centro-Oeste,48,Básico,Mensal,Pix,43,64.79,2,2,8,9.8,1,Sim,0,
CUST-01337,2025-06-04,Sudeste,36,Padrão,Mensal,Boleto,13,108.47,0,1,10,34.5,5,Não,0,
CUST-01338,2024-05-11,Sul,39,Padrão,Mensal,Pix,26,108.55,2,0,7,38.7,2,Não,0,
CUST-01339,2024-06-10,Centro-Oeste,31,Premium,Anual,Cartão,25,180.73,0,0,9,38.1,3,Sim,0,
CUST-01340,2021-07-05,Sudeste,50,Premium,Anual,Cartão,60,141.0,1,1,8,30.2,17,Sim,0,
CUST-01341,2024-07-13,Sudeste,31,Básico,Mensal,Pix,23,63.54,1,1,6,17.8,9,Sim,0,
CUST-01342,2022-07-30,Nordeste,57,Básico,Mensal,Pix,47,57.57,4,0,7,14.4,18,Sim,1,2026-02-11
CUST-01343,2023-03-16,Sul,35,Padrão,Mensal,Débito automático,40,94.79,1,0,5,26.1,3,Sim,0,
CUST-01344,2025-02-03,Sul,39,Básico,Anual,Boleto,17,69.61,3,0,8,46.3,12,Sim,0,
CUST-01345,2021-11-04,Norte,48,Básico,Anual,Boleto,56,77.15,0,1,9,23.0,15,Sim,0,
CUST-01346,2025-01-01,Sul,39,Básico,Bienal,Débito automático,18,50.72,0,2,4,115.0,1,Não,0,
CUST-01347,2024-10-06,Sudeste,35,Premium,Bienal,Boleto,21,182.62,2,0,5,50.6,3,Não,0,
CUST-01348,2023-08-10,Sudeste,39,Básico,Mensal,Cartão,35,39.0,3,1,6,27.0,11,Não,0,
CUST-01349,2024-11-15,Sudeste,50,Padrão,Mensal,Cartão,19,107.26,0,0,5,25.7,4,Não,0,
CUST-01350,2025-10-13,Sudeste,31,Padrão,Bienal,Boleto,8,86.53,2,0,7,28.6,2,Sim,0,
CUST-01351,2024-09-20,Nordeste,37,Padrão,Mensal,Pix,21,90.02,1,3,8,32.6,32,Não,0,
CUST-01352,2024-09-30,Centro-Oeste,39,Básico,Mensal,Débito automático,21,59.84,2,1,10,16.5,1,Sim,0,
CUST-01353,2025-06-26,Sudeste,49,Premium,Mensal,Cartão,12,153.42,0,2,6,24.1,3,Sim,0,
CUST-01354,2024-05-03,Sudeste,38,Padrão,Anual,Cartão,26,58.91,1,1,6,64.8,4,Não,0,
CUST-01355,2024-04-13,Centro-Oeste,61,Padrão,Anual,Boleto,26,107.56,3,1,8,41.3,6,Sim,0,
CUST-01356,2023-08-31,Sudeste,37,Básico,Bienal,Débito automático,34,69.92,2,0,7,28.3,5,Sim,0,
CUST-01357,2025-07-30,Sul,36,Padrão,Mensal,Débito automático,11,96.75,0,1,4,38.6,5,Não,0,
CUST-01358,2025-07-27,Sul,37,Padrão,Mensal,Cartão,11,95.65,3,0,5,29.2,4,Não,1,2026-05-20
CUST-01359,2022-11-02,Nordeste,23,Padrão,Mensal,Pix,44,93.78,1,0,6,48.5,4,Sim,0,
CUST-01360,2025-05-17,Sudeste,27,Básico,Anual,Boleto,13,39.0,1,2,9,75.7,9,Sim,0,
CUST-01361,2023-12-10,Nordeste,33,Básico,Mensal,Débito automático,31,39.0,0,0,9,32.4,5,Sim,0,
CUST-01362,2024-09-07,Sudeste,53,Básico,Bienal,Cartão,22,70.25,2,0,5,16.9,1,Não,0,
CUST-01363,2025-03-28,Nordeste,39,Básico,Mensal,Pix,15,73.91,2,0,5,18.6,5,Não,0,
CUST-01364,2021-08-08,Sudeste,33,Básico,Anual,Cartão,59,67.36,1,0,9,53.4,8,Não,0,
CUST-01365,2024-04-16,Sul,54,Básico,Anual,Boleto,26,64.31,4,1,6,74.3,39,Não,1,2026-02-26
CUST-01366,2025-02-01,Sul,58,Premium,Mensal,Cartão,17,169.96,4,0,8,23.3,4,Sim,0,
CUST-01367,2025-11-09,Sudeste,54,Padrão,Anual,Débito automático,7,109.03,2,0,7,22.7,12,Sim,0,
CUST-01368,2023-04-17,Sudeste,29,Premium,Mensal,Cartão,39,148.01,1,1,7,41.8,14,Não,1,2026-02-10
CUST-01369,2025-05-14,Sudeste,33,Padrão,Anual,Boleto,13,102.11,1,1,6,16.2,4,Sim,0,
CUST-01370,2021-11-13,Sudeste,61,Padrão,Anual,Boleto,56,94.85,2,1,9,41.8,15,Sim,0,
CUST-01371,2024-07-08,Sudeste,42,Básico,Mensal,Cartão,24,55.04,0,0,4,44.5,12,Não,0,
CUST-01372,2020-07-06,Norte,36,Padrão,Mensal,Cartão,72,114.96,0,0,6,21.8,13,Não,1,2026-03-21
CUST-01373,2024-09-17,Sudeste,48,Básico,Bienal,Pix,21,81.05,2,0,9,11.9,3,Não,0,
CUST-01374,2025-06-29,Nordeste,51,Padrão,Bienal,Boleto,12,66.15,2,2,7,21.6,31,Sim,0,
CUST-01375,2024-03-23,Norte,32,Premium,Anual,Boleto,27,155.43,1,0,7,46.7,12,Sim,1,2026-05-02
CUST-01376,2025-03-02,Sudeste,42,Premium,Bienal,Pix,16,154.7,4,1,9,7.2,2,Sim,0,
CUST-01377,2026-02-03,Nordeste,50,Básico,Mensal,Cartão,4,75.26,2,0,8,39.9,4,Não,0,
CUST-01378,2022-10-04,Centro-Oeste,25,Padrão,Mensal,Débito automático,45,78.69,2,0,9,30.4,8,Sim,1,2026-01-11
CUST-01379,2023-11-15,Nordeste,39,Básico,Mensal,Cartão,31,39.0,2,0,10,54.9,8,Sim,0,
CUST-01380,2025-04-19,Sudeste,26,Básico,Mensal,Pix,14,70.49,5,0,4,38.3,12,Sim,0,
CUST-01381,2025-08-21,Sul,27,Básico,Mensal,Débito automático,10,72.48,2,3,6,36.1,10,Não,1,2026-05-16
CUST-01382,2025-07-18,Sudeste,32,Básico,Anual,Débito automático,11,39.0,1,0,5,14.5,3,Não,0,
CUST-01383,2024-05-06,Sul,45,Padrão,Mensal,Cartão,26,97.26,0,0,8,39.4,17,Não,1,2026-05-19
CUST-01384,2020-07-13,Norte,35,Básico,Mensal,Cartão,72,80.42,1,1,9,46.5,17,Sim,0,
CUST-01385,2024-09-03,Norte,31,Básico,Anual,Pix,22,43.91,2,0,2,73.1,11,Não,1,2026-05-22
CUST-01386,2025-12-15,Sudeste,40,Premium,Anual,Cartão,6,160.41,4,1,4,23.8,13,Sim,0,
CUST-01387,2025-07-02,Nordeste,25,Padrão,Bienal,Boleto,12,106.11,0,1,3,30.5,5,Sim,0,
CUST-01388,2024-03-08,Sudeste,44,Padrão,Mensal,Pix,28,79.01,2,1,5,59.7,3,Não,1,2026-02-21
CUST-01389,2025-05-02,Centro-Oeste,53,Padrão,Anual,Cartão,14,91.11,3,0,7,44.2,4,Sim,0,
CUST-01390,2025-09-18,Sudeste,38,Padrão,Mensal,Pix,9,75.33,1,0,10,42.5,20,Não,0,
CUST-01391,2024-09-01,Norte,37,Padrão,Mensal,Boleto,22,96.7,2,0,4,19.3,5,Não,0,
CUST-01392,2025-06-29,Centro-Oeste,43,Padrão,Anual,Boleto,12,87.93,1,1,10,30.6,7,Sim,0,
CUST-01393,2024-01-31,Sudeste,18,Premium,Mensal,Pix,29,161.91,0,1,8,45.6,4,Sim,0,
CUST-01394,2024-01-28,Sudeste,45,Básico,Anual,Cartão,29,67.89,3,0,8,21.5,1,Não,0,
CUST-01395,2023-06-19,Centro-Oeste,75,Padrão,Mensal,Pix,36,118.44,2,1,8,34.5,3,Não,0,
CUST-01396,2023-03-15,Sudeste,38,Básico,Mensal,Boleto,40,91.65,1,2,4,29.7,5,Sim,1,2026-02-26
CUST-01397,2025-04-19,Sul,38,Premium,Mensal,Boleto,14,161.91,5,0,6,43.5,9,Sim,0,
CUST-01398,2022-11-01,Centro-Oeste,48,Básico,Mensal,Débito automático,44,54.57,1,1,5,38.3,13,Sim,0,
CUST-01399,2024-11-24,Sul,59,Básico,Mensal,Débito automático,19,53.75,2,0,8,10.1,1,Sim,0,
CUST-01400,2026-01-08,Sudeste,51,Premium,Mensal,Pix,5,145.49,0,0,5,30.0,9,Não,0,
CUST-01401,2023-01-25,Sul,18,Padrão,Mensal,Débito automático,41,105.27,3,0,6,68.7,2,Não,0,
CUST-01402,2021-08-28,Sudeste,46,Básico,Anual,Cartão,58,52.07,4,2,5,51.5,2,Não,0,
CUST-01403,2024-09-09,Norte,70,Básico,Mensal,Pix,21,66.25,2,1,10,29.3,11,Sim,0,
CUST-01404,2022-08-25,Sudeste,46,Básico,Anual,Pix,46,45.94,3,0,6,48.1,2,Sim,1,2026-03-23
CUST-01405,2024-07-30,Sudeste,25,Premium,Anual,Boleto,23,152.47,0,2,5,26.7,6,Não,0,
CUST-01406,2025-03-02,Sudeste,42,Padrão,Mensal,Boleto,16,105.05,1,1,8,43.4,3,Sim,1,2026-01-19
CUST-01407,2024-07-25,Norte,24,Básico,Mensal,Cartão,23,57.25,0,0,7,23.3,11,Não,1,2026-01-21
CUST-01408,2024-05-28,Sudeste,54,Padrão,Anual,Débito automático,25,72.12,2,1,10,77.7,9,Não,0,
CUST-01409,2024-02-28,Centro-Oeste,28,Padrão,Anual,Débito automático,28,98.79,0,0,8,29.9,9,Sim,0,
CUST-01410,2024-11-07,Nordeste,40,Básico,Mensal,Débito automático,20,47.78,2,2,7,34.1,2,Sim,0,
CUST-01411,2023-02-20,Centro-Oeste,29,Premium,Anual,Pix,40,175.54,1,0,9,54.9,7,Sim,0,
CUST-01412,2023-09-03,Norte,32,Básico,Mensal,Débito automático,34,72.6,1,0,8,33.6,10,Não,0,
CUST-01413,2025-07-19,Centro-Oeste,57,Premium,Mensal,Boleto,11,127.04,1,1,9,36.5,5,Sim,0,
CUST-01414,2025-01-20,Norte,40,Padrão,Mensal,Boleto,17,110.22,4,0,8,36.2,2,Não,1,2026-05-07
CUST-01415,2023-03-20,Sudeste,32,Básico,Mensal,Pix,39,64.45,3,1,6,39.5,6,Sim,0,
CUST-01416,2024-08-17,Nordeste,25,Padrão,Mensal,Débito automático,22,78.22,3,2,4,18.9,6,Sim,1,2026-02-18
CUST-01417,2025-04-30,Sul,18,Padrão,Mensal,Boleto,14,111.3,2,2,7,41.3,18,Não,0,
CUST-01418,2024-08-31,Sul,24,Padrão,Mensal,Pix,22,81.08,2,1,3,25.9,7,Sim,1,2026-02-22
CUST-01419,2025-10-25,Centro-Oeste,40,Padrão,Anual,Débito automático,8,115.04,4,3,5,24.2,5,Não,0,
CUST-01420,2022-01-10,Norte,51,Básico,Mensal,Cartão,54,49.95,2,1,6,28.8,6,Sim,1,2026-01-01
CUST-01421,2024-05-26,Nordeste,32,Básico,Anual,Boleto,25,39.0,0,0,10,16.3,4,Sim,0,
CUST-01422,2025-02-10,Sul,58,Padrão,Bienal,Cartão,16,128.69,0,0,7,28.6,3,Sim,0,
CUST-01423,2025-11-26,Sul,30,Básico,Mensal,Pix,7,39.0,2,0,10,18.2,5,Sim,0,
CUST-01424,2020-09-10,Sudeste,36,Básico,Mensal,Cartão,70,47.72,1,1,8,9.6,5,Sim,0,
CUST-01425,2025-11-21,Sudeste,26,Padrão,Mensal,Cartão,7,90.46,0,0,3,47.8,4,Não,0,
CUST-01426,2023-10-28,Sudeste,51,Básico,Bienal,Pix,32,52.62,2,0,9,28.6,3,Sim,0,
CUST-01427,2024-11-05,Sudeste,64,Padrão,Mensal,Cartão,20,108.78,1,1,9,37.4,20,Sim,1,2026-05-31
CUST-01428,2024-08-25,Sudeste,18,Padrão,Mensal,Cartão,22,99.81,5,1,3,44.0,3,Não,1,2026-03-27
CUST-01429,2024-06-21,Nordeste,35,Premium,Bienal,Boleto,24,173.06,4,0,8,60.5,16,Não,0,
CUST-01430,2025-01-21,Sul,54,Básico,Mensal,Cartão,17,64.21,4,0,10,29.0,5,Sim,0,
CUST-01431,2024-06-10,Norte,22,Padrão,Mensal,Cartão,25,75.58,1,1,2,33.2,3,Não,0,
CUST-01432,2024-04-02,Nordeste,46,Premium,Bienal,Cartão,27,166.7,2,0,5,42.4,4,Sim,0,
CUST-01433,2023-06-07,Sudeste,54,Básico,Bienal,Cartão,37,62.27,1,0,9,13.7,1,Sim,0,
CUST-01434,2023-09-13,Sudeste,40,Padrão,Mensal,Cartão,34,90.26,1,1,7,27.0,8,Sim,1,2026-01-02
CUST-01435,2025-06-25,Sudeste,46,Padrão,Mensal,Débito automático,12,128.03,3,0,10,32.6,13,Sim,0,
CUST-01436,2025-05-19,Norte,60,Básico,Mensal,Pix,13,67.52,3,0,9,24.5,8,Sim,0,
CUST-01437,2022-11-06,Sudeste,62,Básico,Mensal,Pix,44,72.18,1,1,9,24.6,7,Não,0,
CUST-01438,2024-12-11,Sul,38,Padrão,Mensal,Pix,18,112.67,2,2,9,21.8,34,Sim,0,
CUST-01439,2023-11-28,Norte,33,Básico,Mensal,Cartão,31,53.12,1,1,5,107.1,3,Não,0,
CUST-01440,2022-04-23,Norte,28,Premium,Anual,Boleto,50,167.87,1,0,6,32.5,15,Sim,1,2026-06-06
CUST-01441,2024-04-19,Sudeste,51,Padrão,Anual,Débito automático,26,103.42,1,0,10,21.1,9,Não,0,
CUST-01442,2025-08-02,Sudeste,23,Básico,Bienal,Cartão,11,51.2,4,0,6,29.2,1,Sim,0,
CUST-01443,2025-07-17,Sudeste,36,Padrão,Anual,Cartão,11,81.9,2,0,9,20.3,3,Sim,0,
CUST-01444,2024-11-01,Sudeste,40,Padrão,Mensal,Boleto,20,99.34,1,0,7,34.0,3,Sim,0,
CUST-01445,2024-10-27,Sudeste,33,Básico,Mensal,Cartão,20,67.22,3,1,5,37.5,11,Sim,1,2026-05-10
CUST-01446,2025-08-13,Sul,42,Premium,Mensal,Cartão,10,159.23,2,0,5,61.1,7,Sim,1,2026-04-24
CUST-01447,2025-05-10,Centro-Oeste,70,Padrão,Mensal,Boleto,13,96.45,4,0,8,15.2,5,Não,0,
CUST-01448,2023-07-30,Sul,38,Padrão,Mensal,Pix,35,99.38,2,0,10,3.5,4,Não,0,
CUST-01449,2022-10-05,Nordeste,34,Premium,Anual,Cartão,45,154.98,0,1,8,51.4,0,Não,0,
CUST-01450,2024-11-11,Sudeste,51,Padrão,Mensal,Boleto,19,120.69,1,1,7,33.5,10,Não,1,2026-05-05
CUST-01451,2026-05-11,Nordeste,42,Padrão,Mensal,Cartão,1,102.78,1,0,5,46.7,25,Não,1,2026-05-31
CUST-01452,2023-10-04,Nordeste,56,Básico,Mensal,Cartão,33,52.19,3,0,7,52.5,16,Sim,0,
CUST-01453,2025-12-26,Centro-Oeste,41,Básico,Bienal,Boleto,6,39.0,2,1,7,57.6,6,Não,0,
CUST-01454,2025-10-16,Norte,36,Padrão,Anual,Pix,8,96.24,0,0,5,17.9,15,Não,0,
CUST-01455,2024-10-08,Sudeste,18,Padrão,Mensal,Pix,21,90.92,2,0,8,43.7,10,Sim,0,
CUST-01456,2022-02-24,Sudeste,20,Padrão,Mensal,Boleto,52,90.4,2,1,5,21.3,21,Sim,0,
CUST-01457,2023-04-20,Sudeste,18,Padrão,Bienal,Boleto,38,112.2,0,0,6,21.0,1,Sim,0,
CUST-01458,2023-06-26,Sul,44,Padrão,Mensal,Débito automático,36,100.12,2,1,9,40.1,6,Não,1,2026-02-05
CUST-01459,2024-08-31,Norte,23,Premium,Anual,Pix,22,135.45,1,0,10,41.1,22,Não,0,
CUST-01460,2025-09-27,Sudeste,54,Premium,Anual,Pix,9,167.66,1,2,10,45.4,2,Sim,0,
CUST-01461,2022-08-01,Nordeste,39,Básico,Anual,Boleto,47,39.0,1,1,7,25.8,6,Sim,0,
CUST-01462,2025-09-10,Sul,36,Premium,Mensal,Cartão,9,168.71,2,1,8,37.9,5,Sim,0,
CUST-01463,2023-12-24,Sudeste,29,Padrão,Bienal,Boleto,30,92.35,0,1,8,39.4,3,Sim,0,
CUST-01464,2024-04-07,Sudeste,46,Básico,Mensal,Cartão,27,60.22,0,0,8,29.7,21,Sim,0,
CUST-01465,2025-10-05,Nordeste,29,Básico,Mensal,Pix,8,58.65,0,1,7,55.0,3,Não,1,2026-05-16
CUST-01466,2025-12-29,Nordeste,27,Básico,Mensal,Boleto,6,56.93,2,1,10,12.1,5,Não,0,
CUST-01467,2023-07-15,Sul,53,Padrão,Mensal,Boleto,36,101.93,1,1,6,20.4,5,Não,0,
CUST-01468,2024-06-30,Sudeste,43,Padrão,Mensal,Cartão,24,100.15,0,0,5,54.8,4,Sim,0,
CUST-01469,2022-08-14,Nordeste,36,Padrão,Anual,Pix,47,125.18,3,1,8,40.1,4,Sim,0,
CUST-01470,2024-01-28,Sudeste,47,Padrão,Anual,Boleto,29,102.14,2,0,6,86.4,2,Sim,0,
CUST-01471,2024-03-25,Norte,39,Básico,Mensal,Débito automático,27,62.46,0,1,10,44.6,4,Não,0,
CUST-01472,2026-02-10,Sudeste,44,Padrão,Anual,Pix,4,89.07,1,2,6,23.6,20,Não,1,2026-05-02
CUST-01473,2024-04-05,Sudeste,29,Premium,Bienal,Cartão,27,164.33,2,0,9,52.5,7,Sim,0,
CUST-01474,2024-07-17,Sul,64,Premium,Mensal,Pix,23,144.67,2,0,8,57.3,6,Não,1,2026-01-16
CUST-01475,2024-01-06,Sul,32,Padrão,Anual,Pix,30,115.1,0,1,4,38.6,13,Não,0,
CUST-01476,2024-07-21,Sul,58,Básico,Bienal,Cartão,23,39.0,0,0,8,19.2,4,Não,0,
CUST-01477,2024-08-20,Sul,37,Básico,Anual,Débito automático,22,47.19,2,1,6,38.1,1,Não,0,
CUST-01478,2024-09-16,Norte,49,Básico,Mensal,Pix,21,39.0,0,0,10,27.2,12,Sim,0,
CUST-01479,2025-03-16,Sul,48,Padrão,Bienal,Pix,15,104.88,0,2,5,24.4,2,Sim,0,
CUST-01480,2023-07-17,Sul,53,Básico,Anual,Pix,35,53.07,1,0,5,36.0,4,Sim,0,
CUST-01481,2020-07-25,Sudeste,29,Premium,Mensal,Cartão,72,168.6,2,0,2,12.6,1,Não,1,2026-02-16
CUST-01482,2025-10-03,Sudeste,52,Padrão,Mensal,Pix,9,85.34,1,0,5,31.2,2,Não,0,
CUST-01483,2025-07-05,Sul,61,Padrão,Mensal,Pix,12,106.44,2,1,8,23.8,2,Sim,1,2026-05-11
CUST-01484,2023-07-21,Sudeste,36,Básico,Mensal,Pix,35,67.12,2,1,5,19.4,8,Sim,0,
CUST-01485,2024-10-14,Nordeste,39,Padrão,Mensal,Boleto,20,101.97,3,0,8,28.2,1,Sim,0,
CUST-01486,2025-01-20,Sudeste,33,Padrão,Mensal,Pix,17,99.43,2,0,7,26.3,13,Sim,0,
CUST-01487,2025-12-06,Norte,35,Padrão,Anual,Pix,6,100.92,2,0,5,52.3,4,Sim,0,
CUST-01488,2025-06-24,Sul,60,Básico,Anual,Débito automático,12,46.25,1,0,7,32.3,5,Sim,0,
CUST-01489,2025-07-26,Centro-Oeste,27,Premium,Mensal,Pix,11,143.95,4,0,5,40.3,6,Sim,0,
CUST-01490,2025-12-27,Sul,28,Básico,Mensal,Pix,6,66.61,1,0,9,60.0,1,Não,0,
CUST-01491,2022-12-07,Sudeste,58,Básico,Mensal,Débito automático,43,53.84,2,0,3,23.9,10,Sim,1,2026-04-08
CUST-01492,2024-04-12,Nordeste,46,Premium,Mensal,Pix,26,165.35,0,1,8,33.2,10,Sim,0,
CUST-01493,2020-07-07,Nordeste,64,Básico,Anual,Pix,72,80.71,3,0,5,42.8,10,Sim,0,
CUST-01494,2024-02-23,Nordeste,34,Básico,Mensal,Boleto,28,52.6,1,0,7,35.2,2,Sim,0,
CUST-01495,2025-08-14,Sudeste,41,Padrão,Bienal,Pix,10,90.6,2,0,8,30.7,2,Sim,0,
CUST-01496,2024-01-24,Nordeste,31,Padrão,Mensal,Débito automático,29,94.46,2,1,7,29.2,6,Sim,0,
CUST-01497,2023-09-11,Centro-Oeste,41,Básico,Mensal,Pix,34,59.55,3,1,10,39.1,3,Não,0,
CUST-01498,2025-03-03,Nordeste,18,Básico,Anual,Pix,16,67.6,0,0,6,21.6,5,Não,0,
CUST-01499,2023-10-14,Sudeste,47,Básico,Mensal,Cartão,33,58.6,2,1,4,21.1,4,Sim,0,
CUST-01500,2023-10-20,Nordeste,43,Padrão,Mensal,Cartão,32,128.1,2,0,10,65.3,19,Sim,0,
CUST-01501,2025-05-18,Nordeste,38,Básico,Mensal,Pix,13,64.89,2,1,8,11.9,10,Sim,0,
CUST-01502,2023-06-02,Norte,34,Padrão,Anual,Cartão,37,109.93,1,0,7,22.3,2,Sim,0,
CUST-01503,2024-02-02,Sudeste,28,Premium,Mensal,Pix,29,158.48,2,1,10,45.0,5,Sim,0,
CUST-01504,2024-07-07,Sudeste,48,Básico,Anual,Cartão,24,73.17,1,1,4,52.7,2,Sim,0,
CUST-01505,2024-05-08,Nordeste,25,Básico,Anual,Cartão,26,56.13,2,0,7,16.5,4,Não,1,2026-05-18
CUST-01506,2025-09-01,Sul,45,Básico,Anual,Pix,10,49.98,2,0,5,55.3,4,Não,0,
CUST-01507,2021-11-27,Nordeste,64,Básico,Anual,Boleto,55,71.67,1,1,7,113.4,3,Sim,0,
CUST-01508,2024-11-08,Sul,57,Básico,Anual,Cartão,19,58.2,1,1,4,61.5,6,Não,0,
CUST-01509,2025-01-04,Sudeste,21,Padrão,Anual,Boleto,18,102.43,1,0,7,31.5,8,Sim,0,
CUST-01510,2024-01-12,Nordeste,33,Básico,Mensal,Cartão,30,72.75,0,1,7,31.5,4,Não,1,2026-04-03
CUST-01511,2020-07-31,Sudeste,44,Padrão,Anual,Cartão,72,100.95,1,1,7,37.1,2,Sim,0,
CUST-01512,2023-04-21,Sudeste,38,Padrão,Anual,Débito automático,38,96.91,5,1,2,20.2,5,Não,1,2026-02-01
CUST-01513,2024-10-09,Nordeste,22,Premium,Mensal,Débito automático,20,151.5,0,0,9,26.4,5,Não,0,
CUST-01514,2024-01-09,Nordeste,44,Básico,Anual,Pix,30,73.86,4,1,6,30.8,24,Não,1,2026-01-09
CUST-01515,2023-12-18,Centro-Oeste,39,Básico,Mensal,Pix,30,54.22,4,3,10,47.3,9,Não,1,2026-03-29
CUST-01516,2024-06-20,Sudeste,62,Premium,Mensal,Débito automático,24,158.28,2,0,6,45.7,1,Não,1,2026-06-21
CUST-01517,2025-08-16,Sudeste,36,Básico,Mensal,Pix,10,63.02,3,1,6,19.2,6,Sim,0,
CUST-01518,2023-04-11,Norte,53,Padrão,Mensal,Cartão,39,102.96,0,1,7,29.7,13,Não,0,
CUST-01519,2025-01-17,Sudeste,24,Padrão,Mensal,Cartão,17,113.19,2,0,4,17.1,8,Sim,0,
CUST-01520,2025-04-20,Sudeste,27,Padrão,Mensal,Cartão,14,98.02,2,1,10,57.1,6,Não,0,
CUST-01521,2024-12-25,Sudeste,48,Básico,Mensal,Boleto,18,78.27,0,2,5,28.9,3,Sim,0,
CUST-01522,2022-10-19,Sul,52,Básico,Mensal,Pix,45,55.52,2,0,5,38.4,8,Não,0,
CUST-01523,2025-01-29,Centro-Oeste,28,Padrão,Mensal,Cartão,17,104.19,1,1,9,32.6,4,Não,0,
CUST-01524,2024-08-14,Nordeste,39,Padrão,Mensal,Cartão,22,96.43,0,1,8,44.9,9,Sim,0,
CUST-01525,2020-07-21,Nordeste,22,Padrão,Bienal,Cartão,72,128.3,2,0,8,19.0,12,Não,0,
CUST-01526,2024-12-30,Sudeste,37,Padrão,Anual,Boleto,18,94.09,1,0,4,13.9,15,Sim,1,2026-04-09
CUST-01527,2024-08-12,Sudeste,49,Premium,Mensal,Débito automático,22,155.36,1,0,9,15.4,12,Não,0,
CUST-01528,2024-06-17,Sul,34,Premium,Mensal,Pix,24,160.61,4,2,5,19.2,7,Sim,1,2026-05-11
CUST-01529,2024-12-09,Sudeste,36,Padrão,Mensal,Boleto,18,95.27,6,0,3,17.5,1,Sim,1,2026-04-03
CUST-01530,2024-08-13,Sudeste,25,Básico,Mensal,Cartão,22,63.4,0,1,8,22.8,2,Sim,0,
CUST-01531,2024-05-09,Sudeste,31,Padrão,Mensal,Pix,26,116.21,1,0,7,24.7,5,Sim,0,
CUST-01532,2025-01-22,Sudeste,60,Padrão,Anual,Pix,17,101.06,4,1,7,12.2,10,Sim,0,
CUST-01533,2026-01-26,Sul,40,Padrão,Anual,Cartão,5,101.58,1,0,9,32.7,6,Sim,0,
CUST-01534,2025-10-05,Nordeste,27,Básico,Mensal,Pix,8,55.79,3,0,6,39.9,8,Sim,0,
CUST-01535,2024-07-24,Sudeste,35,Padrão,Anual,Débito automático,23,91.93,2,0,3,18.0,13,Não,1,2026-05-29
CUST-01536,2021-07-07,Sul,20,Básico,Mensal,Cartão,60,60.35,2,0,6,34.3,9,Sim,1,2026-01-25
CUST-01537,2024-11-11,Nordeste,27,Básico,Anual,Pix,19,59.11,1,0,8,20.4,4,Não,0,
CUST-01538,2024-03-06,Nordeste,55,Premium,Bienal,Débito automático,28,175.43,0,0,7,54.4,22,Sim,0,
CUST-01539,2022-08-12,Nordeste,37,Padrão,Mensal,Boleto,47,85.57,0,1,7,38.7,10,Sim,0,
CUST-01540,2023-10-01,Sul,62,Padrão,Anual,Pix,33,119.36,4,1,10,59.1,11,Sim,0,
CUST-01541,2024-06-19,Nordeste,38,Padrão,Anual,Cartão,24,96.94,3,0,10,66.0,8,Sim,0,
CUST-01542,2024-08-31,Sudeste,39,Padrão,Mensal,Débito automático,22,101.08,3,0,5,10.4,18,Sim,0,
CUST-01543,2025-03-30,Sudeste,47,Básico,Mensal,Cartão,15,44.09,0,1,4,32.6,21,Sim,1,2026-03-28
CUST-01544,2023-04-25,Sudeste,18,Padrão,Anual,Cartão,38,106.87,2,0,10,56.8,10,Não,0,
CUST-01545,2022-10-18,Sul,41,Básico,Mensal,Cartão,45,45.55,2,1,9,50.5,15,Não,0,
CUST-01546,2026-05-07,Sudeste,38,Padrão,Mensal,Pix,1,104.23,1,1,10,22.4,5,Não,0,
CUST-01547,2023-04-22,Sudeste,57,Básico,Anual,Boleto,38,62.86,3,1,6,25.5,14,Não,1,2026-04-24
CUST-01548,2023-09-11,Nordeste,51,Premium,Mensal,Boleto,34,154.44,0,0,7,31.6,12,Sim,0,
CUST-01549,2024-12-19,Sudeste,25,Padrão,Mensal,Pix,18,70.09,2,0,3,60.2,2,Sim,1,2026-01-14
CUST-01550,2025-03-31,Sudeste,54,Padrão,Bienal,Débito automático,15,129.25,5,1,7,50.4,11,Sim,1,2026-02-11
CUST-01551,2023-12-07,Sudeste,36,Básico,Mensal,Pix,31,44.24,1,0,6,63.7,0,Não,0,
CUST-01552,2025-11-01,Sul,28,Padrão,Mensal,Pix,8,102.82,3,0,5,54.8,2,Não,0,
CUST-01553,2024-11-16,Sudeste,41,Padrão,Anual,Cartão,19,88.78,1,0,9,32.7,13,Não,0,
CUST-01554,2024-02-21,Sudeste,37,Padrão,Mensal,Cartão,28,113.67,1,1,7,79.3,1,Sim,0,
CUST-01555,2022-04-15,Sudeste,57,Padrão,Anual,Pix,51,93.69,2,1,9,16.1,2,Sim,0,
CUST-01556,2021-03-10,Nordeste,43,Premium,Anual,Boleto,64,148.47,3,2,7,29.8,12,Não,0,
CUST-01557,2025-08-04,Norte,41,Padrão,Mensal,Cartão,11,107.33,1,1,8,30.7,7,Não,0,
CUST-01558,2024-01-05,Sul,50,Padrão,Mensal,Pix,30,81.19,1,0,4,53.8,2,Sim,1,2026-06-09
CUST-01559,2024-06-30,Nordeste,52,Padrão,Bienal,Pix,24,93.21,3,0,5,26.0,5,Sim,0,
CUST-01560,2023-07-27,Centro-Oeste,48,Padrão,Bienal,Pix,35,108.66,2,0,8,71.8,8,Sim,0,
CUST-01561,2024-09-19,Norte,56,Padrão,Mensal,Cartão,21,120.1,1,0,10,43.2,5,Sim,0,
CUST-01562,2023-07-03,Nordeste,46,Padrão,Mensal,Cartão,36,85.53,3,0,8,27.9,30,Não,1,2026-03-07
CUST-01563,2024-03-03,Centro-Oeste,41,Básico,Mensal,Cartão,28,50.44,1,0,7,18.9,17,Sim,0,
CUST-01564,2025-02-15,Centro-Oeste,54,Básico,Bienal,Débito automático,16,63.93,1,3,10,9.3,2,Sim,0,
CUST-01565,2023-07-03,Nordeste,38,Básico,Anual,Boleto,36,39.0,3,3,7,10.0,14,Sim,0,
CUST-01566,2024-08-15,Sul,39,Premium,Mensal,Cartão,22,178.01,1,0,5,30.3,7,Não,0,
CUST-01567,2024-05-26,Sudeste,60,Padrão,Bienal,Cartão,25,85.01,2,1,7,92.8,16,Não,0,
CUST-01568,2025-06-30,Sudeste,58,Básico,Mensal,Pix,12,52.88,0,1,8,42.5,13,Não,0,
CUST-01569,2024-10-14,Sul,39,Padrão,Mensal,Cartão,20,102.65,1,0,4,48.0,2,Sim,0,
CUST-01570,2022-04-03,Sul,34,Padrão,Anual,Boleto,51,99.72,1,2,7,21.9,6,Sim,0,
CUST-01571,2025-02-11,Sudeste,57,Premium,Mensal,Pix,16,145.51,0,0,3,22.4,4,Não,0,
CUST-01572,2021-03-11,Sul,49,Premium,Anual,Débito automático,64,183.1,2,0,6,11.3,6,Sim,0,
CUST-01573,2024-05-16,Sul,43,Premium,Mensal,Cartão,25,122.95,1,0,7,55.3,5,Não,0,
CUST-01574,2024-01-30,Centro-Oeste,35,Premium,Anual,Débito automático,29,143.29,3,1,7,8.9,14,Não,1,2026-03-10
CUST-01575,2025-04-27,Sudeste,43,Básico,Bienal,Boleto,14,50.09,2,0,3,35.5,5,Não,0,
CUST-01576,2023-05-07,Sudeste,39,Básico,Mensal,Boleto,38,45.7,1,0,7,31.9,20,Não,0,
CUST-01577,2025-11-08,Nordeste,31,Padrão,Mensal,Débito automático,7,116.07,6,0,9,33.0,8,Sim,0,
CUST-01578,2024-10-09,Centro-Oeste,41,Padrão,Anual,Pix,20,75.78,5,0,10,60.5,2,Sim,0,
CUST-01579,2025-04-28,Norte,42,Básico,Mensal,Cartão,14,80.8,1,2,10,34.4,8,Sim,0,
CUST-01580,2025-11-01,Centro-Oeste,34,Padrão,Anual,Pix,8,95.11,1,0,7,21.3,0,Sim,0,
CUST-01581,2023-08-14,Centro-Oeste,50,Básico,Anual,Boleto,35,39.95,0,1,10,50.6,1,Não,0,
CUST-01582,2024-09-19,Sudeste,54,Básico,Mensal,Débito automático,21,39.0,1,1,6,54.2,5,Não,0,
CUST-01583,2024-05-24,Sudeste,51,Básico,Anual,Pix,25,55.99,1,0,6,22.4,4,Não,1,2026-06-11
CUST-01584,2025-03-11,Sudeste,36,Premium,Mensal,Boleto,15,149.17,5,0,7,20.2,4,Não,0,
CUST-01585,2023-02-18,Sul,48,Padrão,Mensal,Cartão,40,102.31,2,0,9,26.0,1,Não,0,
CUST-01586,2024-02-14,Norte,40,Padrão,Mensal,Cartão,28,92.69,3,0,8,24.6,2,Sim,0,
CUST-01587,2021-11-01,Sudeste,24,Padrão,Anual,Pix,56,112.38,4,0,2,42.9,8,Não,1,2026-03-01
CUST-01588,2025-03-16,Sul,47,Padrão,Bienal,Pix,15,97.01,0,0,5,27.1,6,Não,0,
CUST-01589,2025-03-20,Sudeste,41,Padrão,Mensal,Cartão,15,93.07,2,1,9,36.1,28,Não,1,2026-04-04
CUST-01590,2023-10-02,Sudeste,70,Padrão,Mensal,Boleto,33,112.63,1,0,5,91.1,10,Não,1,2026-06-04
CUST-01591,2021-07-25,Sudeste,56,Básico,Mensal,Pix,60,62.19,3,0,7,30.3,0,Sim,0,
CUST-01592,2025-02-04,Sudeste,48,Padrão,Anual,Pix,17,109.84,0,0,8,25.3,1,Sim,0,
CUST-01593,2026-03-30,Norte,42,Básico,Mensal,Cartão,3,75.08,0,0,8,62.3,8,Não,0,
CUST-01594,2025-09-14,Sudeste,41,Padrão,Mensal,Cartão,9,94.89,2,0,9,94.5,6,Sim,0,
CUST-01595,2022-04-03,Centro-Oeste,27,Padrão,Mensal,Boleto,51,99.54,0,1,10,65.0,3,Sim,0,
CUST-01596,2024-10-15,Nordeste,18,Básico,Mensal,Débito automático,20,70.81,0,0,8,31.5,27,Não,1,2026-02-20
CUST-01597,2020-11-15,Sudeste,29,Padrão,Anual,Cartão,68,64.69,3,0,5,49.9,9,Não,0,
CUST-01598,2025-07-26,Sudeste,38,Padrão,Mensal,Boleto,11,97.58,2,0,8,69.3,11,Sim,0,
CUST-01599,2023-09-24,Nordeste,18,Padrão,Mensal,Boleto,33,95.85,1,2,9,24.9,2,Sim,0,
CUST-01600,2023-10-01,Sudeste,32,Básico,Mensal,Boleto,33,64.24,3,0,8,36.8,22,Não,1,2026-01-15
CUST-01601,2025-10-06,Centro-Oeste,36,Básico,Mensal,Pix,8,47.78,0,1,10,23.3,8,Não,0,
CUST-01602,2025-10-29,Sudeste,36,Básico,Mensal,Pix,8,74.34,2,2,8,17.5,1,Sim,0,
CUST-01603,2024-11-06,Nordeste,31,Premium,Mensal,Boleto,20,148.67,2,1,7,45.9,5,Não,0,
CUST-01604,2023-08-10,Nordeste,35,Premium,Mensal,Pix,35,152.57,2,0,5,29.8,5,Sim,0,
CUST-01605,2023-12-21,Sudeste,60,Básico,Mensal,Cartão,30,49.7,4,2,10,19.7,14,Sim,1,2026-01-13
CUST-01606,2024-09-15,Sudeste,47,Padrão,Mensal,Pix,21,116.22,2,0,5,19.7,3,Sim,0,
CUST-01607,2024-09-30,Norte,32,Padrão,Anual,Pix,21,69.8,0,0,7,53.4,1,Não,0,
CUST-01608,2026-02-23,Sudeste,38,Premium,Mensal,Pix,4,184.02,1,1,6,46.0,9,Sim,1,2026-04-15
CUST-01609,2025-05-26,Sudeste,39,Básico,Mensal,Débito automático,13,79.63,1,1,4,47.4,7,Sim,0,
CUST-01610,2025-12-14,Sul,30,Padrão,Anual,Pix,6,91.09,2,1,9,24.9,11,Sim,1,2026-03-05
CUST-01611,2024-01-05,Sudeste,30,Padrão,Mensal,Cartão,30,113.38,1,0,8,61.0,17,Sim,0,
CUST-01612,2025-09-23,Nordeste,51,Básico,Mensal,Débito automático,9,60.82,1,0,8,55.8,16,Sim,0,
CUST-01613,2022-05-13,Nordeste,34,Básico,Anual,Cartão,50,82.14,3,0,6,62.9,30,Sim,0,
CUST-01614,2024-05-27,Sudeste,26,Básico,Mensal,Cartão,25,72.31,5,0,8,17.5,22,Sim,1,2026-01-02
CUST-01615,2025-07-02,Centro-Oeste,38,Padrão,Bienal,Débito automático,12,129.7,1,1,7,41.6,10,Não,0,
CUST-01616,2022-10-02,Sudeste,40,Padrão,Mensal,Débito automático,45,77.13,5,0,8,41.5,7,Sim,1,2026-06-10
CUST-01617,2025-09-04,Sudeste,18,Padrão,Anual,Boleto,9,101.68,1,2,10,23.3,7,Não,0,
CUST-01618,2025-09-10,Sul,39,Básico,Anual,Pix,9,39.0,0,0,2,31.7,13,Não,1,2026-02-17
CUST-01619,2025-06-17,Norte,49,Premium,Mensal,Pix,12,151.74,2,1,9,38.8,4,Não,0,
CUST-01620,2022-10-10,Sudeste,44,Básico,Mensal,Boleto,45,90.5,2,0,10,61.6,5,Sim,0,
CUST-01621,2020-11-04,Sudeste,66,Premium,Anual,Débito automático,68,165.55,1,1,10,36.0,10,Sim,1,2026-04-24
CUST-01622,2025-12-28,Sul,54,Básico,Mensal,Cartão,6,72.78,2,0,9,44.3,1,Não,0,
CUST-01623,2020-07-29,Nordeste,56,Premium,Mensal,Débito automático,72,166.2,1,0,10,14.4,4,Não,1,2026-05-14
CUST-01624,2023-07-05,Sudeste,73,Premium,Bienal,Pix,36,165.31,2,2,5,27.6,3,Sim,0,
CUST-01625,2025-01-20,Sudeste,48,Premium,Anual,Cartão,17,151.69,2,0,8,29.2,18,Sim,0,
CUST-01626,2023-08-23,Nordeste,41,Padrão,Bienal,Cartão,34,89.08,3,0,7,57.6,2,Sim,0,
CUST-01627,2022-08-30,Sudeste,51,Básico,Anual,Cartão,46,51.31,2,1,6,15.3,4,Não,1,2026-02-13
CUST-01628,2025-06-01,Sudeste,32,Padrão,Anual,Débito automático,13,60.77,5,2,9,58.3,3,Não,1,2026-04-19
CUST-01629,2022-08-31,Sudeste,40,Padrão,Anual,Pix,46,97.85,0,0,7,17.3,5,Não,0,
CUST-01630,2024-07-09,Sudeste,31,Padrão,Anual,Boleto,24,102.36,1,0,3,23.9,10,Não,1,2026-04-12
CUST-01631,2025-12-24,Sul,44,Premium,Bienal,Cartão,6,150.33,3,0,8,40.4,9,Não,0,
CUST-01632,2023-08-10,Centro-Oeste,31,Básico,Anual,Boleto,35,57.17,2,1,7,30.8,8,Não,0,
CUST-01633,2021-09-03,Nordeste,31,Padrão,Mensal,Pix,58,106.35,1,1,9,28.2,10,Sim,0,
CUST-01634,2023-11-14,Nordeste,44,Premium,Anual,Débito automático,31,171.39,0,0,6,26.7,8,Sim,1,2026-01-01
CUST-01635,2025-09-03,Norte,37,Básico,Mensal,Pix,10,42.23,4,0,3,38.7,0,Sim,1,2026-04-06
CUST-01636,2023-11-06,Sudeste,18,Básico,Bienal,Boleto,32,47.87,2,2,5,38.8,11,Sim,1,2026-01-23
CUST-01637,2024-02-21,Sudeste,22,Básico,Anual,Boleto,28,69.54,0,1,5,25.2,7,Não,0,
CUST-01638,2023-09-23,Centro-Oeste,25,Padrão,Mensal,Pix,33,107.25,0,0,5,27.0,18,Sim,1,2026-05-11
CUST-01639,2025-12-24,Sudeste,28,Premium,Mensal,Débito automático,6,177.82,5,0,6,31.7,2,Sim,1,2026-01-21
CUST-01640,2025-11-03,Nordeste,44,Básico,Mensal,Pix,7,77.24,1,0,9,34.9,6,Sim,0,
CUST-01641,2025-03-05,Nordeste,42,Padrão,Mensal,Débito automático,16,132.81,1,1,4,8.4,8,Sim,0,
CUST-01642,2023-02-04,Sudeste,52,Padrão,Anual,Cartão,41,94.9,0,2,9,22.7,22,Sim,0,
CUST-01643,2023-06-15,Sul,48,Padrão,Anual,Boleto,37,121.1,3,2,4,24.5,1,Sim,0,
CUST-01644,2022-11-09,Sudeste,52,Padrão,Mensal,Débito automático,44,86.12,2,0,6,30.9,7,Não,0,
CUST-01645,2023-09-04,Sudeste,46,Premium,Mensal,Débito automático,34,192.52,3,0,7,38.4,8,Não,0,
CUST-01646,2023-04-01,Sul,42,Básico,Mensal,Pix,39,65.37,3,0,6,23.5,2,Sim,0,
CUST-01647,2024-02-23,Sudeste,52,Básico,Mensal,Pix,28,66.59,2,1,8,29.9,5,Não,1,2026-06-15
CUST-01648,2024-09-11,Nordeste,50,Padrão,Anual,Boleto,21,112.86,2,0,7,11.4,5,Sim,0,
CUST-01649,2023-06-23,Centro-Oeste,44,Padrão,Bienal,Cartão,36,80.02,0,0,7,63.1,3,Sim,0,
CUST-01650,2025-08-26,Nordeste,54,Padrão,Anual,Débito automático,10,83.95,2,0,2,16.2,8,Não,0,
CUST-01651,2025-06-16,Sudeste,18,Básico,Mensal,Cartão,12,60.62,0,2,8,76.6,9,Não,0,
CUST-01652,2025-09-11,Sudeste,36,Básico,Mensal,Cartão,9,63.84,1,0,10,37.0,8,Não,0,
CUST-01653,2024-04-09,Sudeste,35,Premium,Bienal,Boleto,27,188.16,0,5,6,50.1,1,Sim,1,2026-06-12
CUST-01654,2025-08-23,Sudeste,53,Básico,Bienal,Pix,10,45.71,4,0,8,32.4,4,Sim,0,
CUST-01655,2026-03-09,Norte,58,Padrão,Mensal,Pix,3,120.56,2,0,5,39.0,24,Não,1,2026-06-20
CUST-01656,2025-10-22,Sudeste,22,Padrão,Anual,Cartão,8,95.28,2,1,9,38.8,3,Sim,0,
CUST-01657,2021-08-29,Sudeste,56,Básico,Mensal,Débito automático,58,55.09,1,1,8,52.5,1,Sim,1,2026-03-23
CUST-01658,2024-04-07,Centro-Oeste,25,Básico,Mensal,Pix,27,56.71,3,1,6,41.4,5,Não,1,2026-03-22
CUST-01659,2022-10-18,Sudeste,25,Básico,Bienal,Débito automático,45,54.73,2,1,6,15.3,0,Sim,1,2026-04-12
CUST-01660,2025-11-16,Sudeste,36,Padrão,Bienal,Pix,7,105.81,3,1,8,13.0,35,Sim,1,2026-05-30
CUST-01661,2023-09-20,Sudeste,35,Básico,Bienal,Pix,33,53.47,0,3,7,19.3,1,Não,0,
CUST-01662,2025-10-02,Nordeste,20,Padrão,Mensal,Cartão,9,79.25,0,1,5,32.6,3,Não,1,2026-06-06
CUST-01663,2023-10-29,Nordeste,47,Básico,Mensal,Pix,32,55.25,1,0,4,53.6,3,Sim,1,2026-01-25
CUST-01664,2026-04-12,Sudeste,47,Básico,Bienal,Cartão,2,65.39,2,0,8,23.4,8,Sim,1,2026-05-01
CUST-01665,2022-10-26,Centro-Oeste,52,Básico,Anual,Cartão,44,39.37,0,2,5,15.3,1,Sim,0,
CUST-01666,2023-06-20,Centro-Oeste,34,Básico,Mensal,Pix,36,67.15,1,0,7,18.7,43,Não,0,
CUST-01667,2024-06-09,Centro-Oeste,39,Básico,Mensal,Boleto,25,75.53,2,0,8,79.0,6,Sim,0,
CUST-01668,2021-11-15,Sudeste,39,Premium,Mensal,Pix,56,179.72,2,0,5,51.4,1,Não,1,2026-02-18
CUST-01669,2023-01-18,Sudeste,59,Básico,Anual,Pix,41,63.73,1,0,5,18.5,25,Não,0,
CUST-01670,2025-05-23,Centro-Oeste,18,Padrão,Anual,Pix,13,73.73,1,1,10,27.8,8,Sim,0,
CUST-01671,2025-09-16,Sudeste,28,Padrão,Mensal,Pix,9,108.07,1,1,6,34.5,5,Sim,1,2026-05-31
CUST-01672,2020-07-19,Nordeste,39,Padrão,Mensal,Boleto,72,112.54,2,0,9,41.3,1,Não,0,
CUST-01673,2025-04-14,Nordeste,26,Padrão,Mensal,Boleto,14,89.25,1,0,10,106.3,7,Sim,0,
CUST-01674,2024-08-18,Sudeste,36,Básico,Mensal,Boleto,22,57.98,0,0,8,32.7,4,Sim,1,2026-06-16
CUST-01675,2025-07-24,Nordeste,37,Padrão,Mensal,Cartão,11,105.77,0,1,5,21.5,1,Sim,0,
CUST-01676,2023-03-24,Norte,31,Básico,Mensal,Pix,39,84.02,2,1,7,64.4,7,Não,1,2026-04-26
CUST-01677,2025-06-22,Nordeste,40,Padrão,Anual,Boleto,12,95.42,1,0,7,83.8,4,Não,0,
CUST-01678,2024-06-29,Sul,47,Básico,Mensal,Débito automático,24,71.48,2,0,7,30.6,4,Não,0,
CUST-01679,2023-11-16,Centro-Oeste,36,Padrão,Anual,Pix,31,103.43,2,1,9,42.6,15,Sim,0,
CUST-01680,2025-03-17,Sul,34,Padrão,Mensal,Pix,15,101.79,3,1,9,32.3,18,Sim,1,2026-04-22
CUST-01681,2023-11-24,Nordeste,37,Padrão,Mensal,Boleto,31,117.63,4,1,3,43.1,12,Sim,0,
CUST-01682,2021-02-25,Nordeste,39,Básico,Anual,Débito automático,65,47.36,2,0,10,48.8,10,Sim,0,
CUST-01683,2024-02-12,Nordeste,18,Padrão,Anual,Pix,28,102.23,0,0,8,38.5,12,Não,0,
CUST-01684,2023-05-30,Sudeste,45,Padrão,Anual,Cartão,37,99.38,2,0,6,60.5,2,Sim,1,2026-06-19
CUST-01685,2024-12-19,Sudeste,34,Padrão,Mensal,Boleto,18,77.9,0,0,9,38.1,5,Não,1,2026-06-23
CUST-01686,2025-01-22,Sudeste,54,Básico,Mensal,Boleto,17,76.26,2,0,5,21.1,11,Não,0,
CUST-01687,2025-09-19,Sul,46,Básico,Mensal,Cartão,9,70.61,0,1,5,57.9,10,Sim,1,2026-04-26
CUST-01688,2024-05-10,Sul,53,Básico,Mensal,Cartão,26,59.47,1,1,9,60.2,2,Sim,1,2026-04-02
CUST-01689,2022-08-28,Sul,27,Padrão,Mensal,Pix,46,95.34,1,0,7,9.3,7,Sim,1,2026-04-19
CUST-01690,2023-06-21,Sudeste,35,Padrão,Mensal,Boleto,36,99.0,2,1,10,87.9,2,Sim,1,2026-01-18
CUST-01691,2025-01-24,Nordeste,24,Padrão,Mensal,Boleto,17,108.9,1,0,6,20.0,3,Não,1,2026-03-29
CUST-01692,2024-10-25,Centro-Oeste,31,Padrão,Anual,Cartão,20,99.74,4,1,8,30.6,12,Não,1,2026-05-31
CUST-01693,2021-02-23,Sudeste,54,Padrão,Mensal,Cartão,65,89.65,1,0,8,27.5,9,Sim,0,
CUST-01694,2023-09-20,Nordeste,57,Padrão,Bienal,Boleto,33,91.76,2,0,8,22.5,8,Não,1,2026-03-28
CUST-01695,2023-02-25,Nordeste,25,Padrão,Anual,Cartão,40,98.83,3,0,8,40.1,5,Sim,0,
CUST-01696,2022-12-05,Sul,34,Padrão,Mensal,Pix,43,85.94,1,1,8,16.7,8,Não,0,
CUST-01697,2024-12-08,Sudeste,38,Básico,Anual,Pix,18,63.67,2,1,7,35.6,6,Sim,0,
CUST-01698,2025-02-26,Nordeste,46,Premium,Mensal,Cartão,16,147.9,1,1,3,50.6,3,Sim,0,
CUST-01699,2025-02-02,Norte,18,Premium,Bienal,Boleto,17,145.64,1,1,9,33.3,12,Não,0,
CUST-01700,2025-02-22,Nordeste,20,Padrão,Bienal,Cartão,16,143.7,3,0,2,64.7,0,Não,0,
CUST-01701,2021-10-01,Centro-Oeste,45,Premium,Anual,Boleto,57,186.16,1,1,5,16.5,5,Sim,0,
CUST-01702,2024-09-29,Norte,18,Premium,Mensal,Boleto,21,161.02,0,0,6,27.2,18,Sim,1,2026-05-25
CUST-01703,2022-02-25,Sudeste,34,Padrão,Bienal,Pix,52,110.91,1,0,9,21.2,4,Não,0,
CUST-01704,2024-09-04,Nordeste,41,Padrão,Anual,Débito automático,22,113.29,2,0,7,48.4,4,Não,0,
CUST-01705,2024-07-26,Sul,44,Padrão,Anual,Cartão,23,97.94,3,2,10,34.3,1,Não,0,
CUST-01706,2026-01-15,Norte,37,Básico,Mensal,Boleto,5,62.96,3,1,4,28.1,4,Não,0,
CUST-01707,2025-01-09,Sudeste,35,Básico,Bienal,Cartão,17,55.33,3,1,5,51.3,13,Sim,0,
CUST-01708,2021-09-23,Sudeste,49,Padrão,Anual,Débito automático,58,116.58,1,1,2,72.5,21,Não,1,2026-04-01
CUST-01709,2021-09-25,Centro-Oeste,42,Padrão,Mensal,Cartão,57,116.77,1,2,5,42.5,9,Não,1,2026-03-20
CUST-01710,2025-03-07,Sudeste,31,Básico,Bienal,Pix,16,80.87,2,1,6,55.4,3,Sim,1,2026-02-12
CUST-01711,2026-03-20,Nordeste,39,Padrão,Anual,Cartão,3,102.72,1,1,10,8.3,18,Não,0,
CUST-01712,2025-06-21,Sudeste,44,Padrão,Bienal,Pix,12,129.35,1,0,9,43.4,17,Não,0,
CUST-01713,2025-02-18,Norte,60,Padrão,Mensal,Cartão,16,97.93,3,1,8,98.0,9,Sim,1,2026-03-10
CUST-01714,2025-02-15,Centro-Oeste,48,Básico,Mensal,Cartão,16,87.66,2,1,6,43.2,2,Não,0,
CUST-01715,2025-03-01,Sudeste,54,Padrão,Anual,Cartão,16,92.51,2,1,9,44.0,4,Sim,0,
CUST-01716,2024-05-15,Nordeste,32,Básico,Mensal,Cartão,25,40.84,2,0,10,40.0,5,Não,0,
CUST-01717,2025-07-21,Sudeste,33,Básico,Anual,Boleto,11,87.39,6,1,6,31.3,3,Sim,0,
CUST-01718,2024-08-31,Sul,36,Básico,Anual,Pix,22,68.25,4,4,6,28.7,10,Sim,1,2026-03-11
CUST-01719,2024-01-16,Nordeste,37,Básico,Mensal,Cartão,29,66.27,1,4,6,32.8,6,Não,1,2026-01-25
CUST-01720,2025-01-20,Nordeste,27,Básico,Anual,Débito automático,17,53.95,2,0,3,42.0,4,Não,0,
CUST-01721,2024-06-02,Sudeste,54,Padrão,Mensal,Boleto,25,87.17,2,2,10,19.7,6,Não,0,
CUST-01722,2021-03-01,Sudeste,50,Padrão,Anual,Cartão,64,88.5,1,0,6,32.6,1,Sim,0,
CUST-01723,2023-06-07,Nordeste,35,Básico,Anual,Pix,37,60.94,1,1,6,54.8,5,Não,0,
CUST-01724,2023-09-12,Sul,47,Premium,Mensal,Pix,34,156.9,1,0,10,32.9,18,Sim,0,
CUST-01725,2024-12-23,Sul,42,Padrão,Mensal,Pix,18,71.83,1,0,6,28.3,6,Sim,1,2026-06-07
CUST-01726,2025-02-26,Sudeste,48,Premium,Mensal,Débito automático,16,182.71,2,0,10,41.8,3,Não,0,
CUST-01727,2024-08-02,Sudeste,23,Padrão,Mensal,Pix,23,93.12,2,1,3,13.6,3,Não,1,2026-03-17
CUST-01728,2023-10-09,Centro-Oeste,37,Básico,Anual,Débito automático,33,76.34,5,1,8,31.2,2,Sim,0,
CUST-01729,2024-02-20,Sudeste,38,Premium,Mensal,Boleto,28,149.12,2,2,6,18.8,9,Sim,1,2026-03-13
CUST-01730,2024-04-23,Sudeste,46,Premium,Mensal,Débito automático,26,161.17,2,0,4,37.5,4,Não,1,2026-05-06
CUST-01731,2023-02-07,Norte,31,Padrão,Mensal,Pix,41,112.61,1,2,5,26.1,20,Não,1,2026-05-12
CUST-01732,2023-10-15,Sudeste,18,Padrão,Anual,Boleto,32,110.68,1,1,7,42.4,26,Sim,0,
CUST-01733,2023-03-20,Nordeste,26,Padrão,Anual,Boleto,39,95.25,1,0,5,31.5,9,Sim,1,2026-03-23
CUST-01734,2025-06-16,Sudeste,38,Padrão,Mensal,Boleto,12,106.13,1,0,8,45.3,5,Não,0,
CUST-01735,2025-09-27,Centro-Oeste,40,Padrão,Mensal,Cartão,9,108.46,2,1,6,35.6,4,Sim,0,
CUST-01736,2021-05-31,Nordeste,59,Padrão,Mensal,Cartão,61,96.93,2,1,4,18.1,14,Não,1,2026-01-19
CUST-01737,2026-03-07,Centro-Oeste,46,Básico,Mensal,Cartão,3,43.41,3,0,9,19.0,12,Sim,0,
CUST-01738,2025-08-13,Sudeste,40,Básico,Mensal,Cartão,10,50.26,1,0,8,15.8,25,Não,0,
CUST-01739,2024-12-14,Sul,39,Básico,Anual,Débito automático,18,53.69,2,1,3,39.4,5,Sim,0,
CUST-01740,2022-03-05,Nordeste,52,Básico,Mensal,Boleto,52,59.36,3,1,8,27.7,29,Sim,1,2026-02-07
CUST-01741,2025-09-14,Sudeste,32,Básico,Mensal,Cartão,9,81.29,2,1,7,28.5,5,Não,0,
CUST-01742,2026-01-21,Sudeste,37,Premium,Anual,Pix,5,171.7,2,1,6,51.6,10,Sim,1,2026-01-31
CUST-01743,2025-05-13,Sudeste,26,Básico,Anual,Cartão,13,47.58,1,0,6,55.9,2,Sim,1,2026-02-17
CUST-01744,2025-01-15,Norte,56,Básico,Mensal,Boleto,17,84.71,1,1,10,35.8,2,Não,0,
CUST-01745,2024-05-12,Nordeste,44,Básico,Mensal,Débito automático,25,57.9,0,2,8,18.0,3,Sim,0,
CUST-01746,2023-09-11,Nordeste,31,Padrão,Anual,Cartão,34,108.41,2,0,10,36.3,6,Sim,0,
CUST-01747,2023-01-12,Nordeste,38,Padrão,Mensal,Pix,42,85.85,2,3,8,59.4,2,Não,0,
CUST-01748,2025-12-02,Sul,45,Padrão,Anual,Débito automático,7,92.67,0,0,8,22.7,17,Não,0,
CUST-01749,2026-03-31,Sul,36,Premium,Anual,Boleto,3,173.53,3,2,6,51.9,12,Sim,0,
CUST-01750,2024-05-21,Sul,33,Premium,Bienal,Débito automático,25,146.7,3,0,7,56.7,4,Não,0,
CUST-01751,2025-09-26,Nordeste,31,Premium,Mensal,Pix,9,159.77,0,0,9,61.3,1,Não,0,
CUST-01752,2025-03-10,Sudeste,43,Padrão,Mensal,Cartão,15,105.59,1,1,7,37.8,32,Não,0,
CUST-01753,2024-11-20,Centro-Oeste,35,Básico,Anual,Boleto,19,44.68,3,0,10,42.2,20,Sim,0,
CUST-01754,2025-02-14,Nordeste,34,Padrão,Mensal,Cartão,16,74.11,1,0,9,23.7,2,Sim,0,
CUST-01755,2026-02-24,Sudeste,23,Básico,Mensal,Boleto,4,71.7,1,0,5,25.2,4,Não,1,2026-06-14
CUST-01756,2024-05-05,Sul,40,Padrão,Anual,Boleto,26,139.09,0,0,6,31.4,10,Sim,0,
CUST-01757,2020-07-06,Sudeste,37,Básico,Mensal,Cartão,72,65.42,1,0,9,9.5,8,Sim,0,
CUST-01758,2024-08-14,Norte,35,Básico,Anual,Pix,22,68.11,3,2,4,16.1,3,Sim,0,
CUST-01759,2020-07-27,Centro-Oeste,41,Básico,Bienal,Boleto,72,46.62,2,3,7,42.1,11,Sim,0,
CUST-01760,2026-03-17,Centro-Oeste,48,Padrão,Anual,Débito automático,3,119.58,3,1,5,58.0,10,Sim,0,
CUST-01761,2025-05-22,Sudeste,47,Padrão,Mensal,Pix,13,93.73,3,1,7,25.4,9,Não,0,
CUST-01762,2020-12-23,Sudeste,46,Básico,Bienal,Boleto,67,75.29,0,0,5,14.6,15,Não,0,
CUST-01763,2025-06-13,Sudeste,36,Padrão,Anual,Cartão,12,107.5,2,1,9,39.2,3,Sim,0,
CUST-01764,2024-02-23,Sudeste,32,Básico,Mensal,Débito automático,28,67.84,3,1,6,27.0,9,Sim,0,
CUST-01765,2024-07-27,Sudeste,26,Padrão,Anual,Boleto,23,107.31,0,0,8,29.9,2,Não,0,
CUST-01766,2024-12-04,Sudeste,32,Básico,Mensal,Cartão,19,66.86,2,0,4,30.6,9,Não,0,
CUST-01767,2022-12-24,Norte,39,Básico,Mensal,Boleto,42,62.97,3,1,6,23.4,12,Sim,0,
CUST-01768,2024-08-02,Sudeste,30,Padrão,Anual,Boleto,23,112.57,0,2,4,20.1,0,Não,1,2026-05-30
CUST-01769,2023-05-22,Sudeste,40,Padrão,Mensal,Boleto,37,88.84,0,1,10,76.6,14,Não,0,
CUST-01770,2020-11-06,Nordeste,27,Premium,Mensal,Pix,68,155.66,3,3,5,50.0,34,Não,1,2026-06-12
CUST-01771,2022-12-16,Sul,19,Padrão,Anual,Boleto,43,119.55,4,0,7,47.5,31,Não,1,2026-05-18
CUST-01772,2025-08-06,Nordeste,49,Premium,Mensal,Boleto,10,161.42,0,1,8,5.8,2,Sim,0,
CUST-01773,2020-07-15,Nordeste,33,Básico,Mensal,Pix,72,54.44,1,0,6,18.8,1,Sim,1,2026-03-07
CUST-01774,2023-10-04,Centro-Oeste,29,Padrão,Mensal,Cartão,33,113.49,3,1,5,45.8,21,Sim,1,2026-03-19
CUST-01775,2024-10-11,Nordeste,26,Premium,Anual,Débito automático,20,170.72,1,0,7,14.5,1,Não,0,
CUST-01776,2025-09-28,Sul,44,Básico,Bienal,Boleto,9,40.8,0,1,3,33.2,18,Sim,0,
CUST-01777,2024-06-22,Nordeste,55,Padrão,Mensal,Pix,24,109.22,1,1,10,33.8,1,Sim,0,
CUST-01778,2025-06-01,Sul,34,Básico,Anual,Débito automático,13,60.92,0,0,7,26.1,2,Não,0,
CUST-01779,2025-11-13,Sudeste,36,Padrão,Mensal,Cartão,7,108.97,1,1,4,39.9,19,Não,0,
CUST-01780,2025-09-17,Sul,52,Básico,Mensal,Boleto,9,59.15,1,0,7,23.9,10,Sim,0,
CUST-01781,2025-12-04,Sudeste,18,Padrão,Mensal,Pix,6,105.5,0,4,8,23.9,3,Sim,0,
CUST-01782,2026-03-02,Nordeste,63,Padrão,Mensal,Cartão,4,73.37,1,1,5,17.8,14,Sim,0,
CUST-01783,2024-12-24,Sudeste,68,Básico,Mensal,Débito automático,18,46.47,3,0,3,61.5,8,Não,0,
CUST-01784,2024-09-17,Sudeste,18,Básico,Anual,Boleto,21,69.36,0,0,7,19.4,6,Sim,0,
CUST-01785,2023-12-30,Sudeste,38,Básico,Anual,Cartão,30,95.7,3,0,9,25.2,2,Sim,0,
CUST-01786,2023-09-26,Centro-Oeste,30,Básico,Bienal,Débito automático,33,64.14,2,0,8,31.6,2,Não,0,
CUST-01787,2025-02-24,Sudeste,36,Padrão,Bienal,Débito automático,16,89.3,2,2,8,27.1,11,Sim,0,
CUST-01788,2025-01-16,Nordeste,34,Premium,Mensal,Boleto,17,160.9,1,0,9,61.8,2,Não,0,
CUST-01789,2024-04-10,Centro-Oeste,49,Básico,Mensal,Cartão,27,46.49,2,0,10,51.3,4,Sim,0,
CUST-01790,2025-08-24,Sudeste,38,Padrão,Mensal,Cartão,10,116.5,1,1,1,31.0,3,Não,1,2026-03-27
CUST-01791,2023-06-29,Nordeste,28,Padrão,Mensal,Boleto,36,99.67,1,1,4,30.9,21,Sim,1,2026-04-18
CUST-01792,2025-01-03,Sudeste,37,Básico,Anual,Débito automático,18,73.74,2,1,7,21.7,4,Sim,0,
CUST-01793,2023-02-18,Sudeste,45,Básico,Mensal,Cartão,40,56.85,2,1,8,8.0,6,Sim,1,2026-01-02
CUST-01794,2024-05-13,Nordeste,25,Padrão,Mensal,Pix,25,114.99,1,1,4,14.2,1,Sim,0,
CUST-01795,2024-10-30,Centro-Oeste,19,Padrão,Mensal,Cartão,20,76.27,2,0,5,60.7,5,Sim,1,2026-02-25
CUST-01796,2022-06-26,Sudeste,63,Padrão,Bienal,Pix,48,99.34,2,1,10,42.4,2,Sim,0,
CUST-01797,2025-11-07,Sul,31,Padrão,Mensal,Boleto,7,106.55,0,1,6,24.2,5,Não,1,2026-03-20
CUST-01798,2024-01-26,Sudeste,37,Padrão,Anual,Cartão,29,95.24,0,0,8,39.5,4,Sim,0,
CUST-01799,2021-06-03,Sul,34,Premium,Mensal,Boleto,61,164.03,2,0,10,87.7,1,Não,0,
CUST-01800,2024-05-06,Nordeste,46,Premium,Mensal,Boleto,26,163.8,1,1,7,44.9,4,Não,0,
CUST-01801,2024-08-18,Nordeste,60,Premium,Mensal,Pix,22,173.68,4,0,9,17.4,0,Sim,0,
CUST-01802,2023-01-19,Nordeste,46,Básico,Anual,Débito automático,41,67.7,1,0,8,29.2,3,Sim,0,
CUST-01803,2025-03-19,Sudeste,21,Premium,Anual,Cartão,15,164.5,2,0,6,40.4,47,Não,1,2026-06-16
CUST-01804,2024-11-28,Nordeste,22,Padrão,Mensal,Cartão,19,111.31,5,0,6,57.6,10,Não,1,2026-01-29
CUST-01805,2025-09-20,Nordeste,34,Padrão,Mensal,Pix,9,80.06,1,2,10,33.1,8,Sim,0,
CUST-01806,2025-03-11,Nordeste,36,Padrão,Mensal,Pix,15,88.47,1,0,7,29.6,3,Sim,1,2026-04-26
CUST-01807,2023-08-02,Sudeste,18,Premium,Mensal,Cartão,35,139.61,2,2,5,23.9,10,Não,1,2026-02-20
CUST-01808,2024-12-01,Sul,49,Padrão,Mensal,Débito automático,19,106.68,3,3,9,15.1,2,Não,0,
CUST-01809,2025-06-14,Sudeste,26,Padrão,Mensal,Cartão,12,104.79,1,1,1,47.1,20,Sim,1,2026-06-16
CUST-01810,2022-06-13,Sudeste,57,Padrão,Anual,Cartão,49,118.39,2,2,10,29.0,15,Sim,0,
CUST-01811,2022-10-13,Sudeste,61,Padrão,Anual,Boleto,45,103.92,1,0,7,14.9,2,Não,0,
CUST-01812,2020-07-21,Sul,36,Padrão,Anual,Débito automático,72,90.16,1,3,7,22.1,4,Não,0,
CUST-01813,2025-05-31,Nordeste,44,Básico,Anual,Pix,13,60.88,2,1,7,36.6,10,Sim,0,
CUST-01814,2022-10-07,Sudeste,24,Básico,Bienal,Cartão,45,39.0,2,2,10,33.5,4,Sim,0,
CUST-01815,2023-08-17,Nordeste,46,Padrão,Bienal,Pix,34,93.28,2,0,7,43.7,8,Sim,0,
CUST-01816,2024-03-15,Sul,33,Padrão,Mensal,Cartão,27,66.14,0,0,7,25.0,19,Não,1,2026-04-05
CUST-01817,2021-04-17,Nordeste,26,Padrão,Mensal,Pix,63,103.6,1,0,5,31.5,16,Sim,0,
CUST-01818,2024-01-14,Sul,36,Premium,Mensal,Boleto,29,155.09,0,0,6,13.1,4,Sim,0,
CUST-01819,2025-05-02,Sul,33,Padrão,Bienal,Pix,14,97.15,4,1,8,23.1,9,Sim,0,
CUST-01820,2025-01-04,Nordeste,35,Padrão,Mensal,Pix,18,85.96,4,1,8,51.7,0,Não,1,2026-02-17
CUST-01821,2025-12-09,Centro-Oeste,50,Básico,Mensal,Boleto,6,49.64,2,1,10,35.8,2,Sim,0,
CUST-01822,2023-09-19,Sul,30,Padrão,Mensal,Cartão,33,108.7,1,0,5,27.5,9,Não,0,
CUST-01823,2021-04-22,Sul,60,Premium,Anual,Cartão,63,138.9,0,0,5,46.2,7,Sim,0,
CUST-01824,2024-01-01,Sul,23,Padrão,Anual,Boleto,30,106.08,1,1,8,38.0,4,Não,0,
CUST-01825,2024-03-30,Nordeste,58,Premium,Anual,Cartão,27,147.64,2,0,7,53.5,2,Sim,0,
CUST-01826,2023-02-28,Sudeste,27,Premium,Anual,Cartão,40,135.47,3,1,5,16.9,4,Não,0,
CUST-01827,2023-07-10,Sul,39,Básico,Anual,Cartão,36,76.17,4,0,6,39.1,27,Sim,0,
CUST-01828,2022-05-18,Sul,33,Padrão,Mensal,Pix,50,117.61,1,0,9,35.3,7,Sim,0,
CUST-01829,2024-08-06,Centro-Oeste,35,Padrão,Anual,Pix,23,91.45,2,2,4,50.7,3,Sim,0,
CUST-01830,2023-12-10,Sul,49,Padrão,Anual,Pix,31,91.31,2,0,5,22.0,2,Sim,0,
CUST-01831,2024-08-15,Sul,57,Básico,Mensal,Pix,22,55.49,2,0,6,41.2,3,Sim,0,
CUST-01832,2025-10-19,Norte,53,Básico,Bienal,Pix,8,47.66,0,2,6,5.1,3,Sim,0,
CUST-01833,2025-08-06,Sul,34,Básico,Bienal,Cartão,10,50.13,2,0,9,49.2,1,Sim,0,
CUST-01834,2025-04-16,Sudeste,41,Padrão,Anual,Boleto,14,105.3,2,1,6,43.5,4,Não,1,2026-06-18
CUST-01835,2025-10-18,Sudeste,30,Básico,Bienal,Débito automático,8,88.03,2,1,10,18.9,6,Sim,0,
CUST-01836,2024-04-14,Sudeste,27,Padrão,Mensal,Pix,26,94.03,1,0,5,31.6,1,Não,0,
CUST-01837,2023-01-05,Sudeste,25,Padrão,Mensal,Pix,42,113.32,2,0,8,17.2,15,Sim,0,
CUST-01838,2025-02-06,Sul,34,Padrão,Mensal,Boleto,16,103.94,1,1,7,16.7,3,Não,0,
CUST-01839,2026-01-17,Nordeste,42,Premium,Anual,Cartão,5,135.59,1,0,7,35.3,5,Sim,0,
CUST-01840,2025-05-12,Nordeste,18,Padrão,Anual,Cartão,13,98.66,3,3,2,81.0,9,Sim,0,
CUST-01841,2024-11-21,Sudeste,38,Básico,Bienal,Débito automático,19,56.9,0,1,5,48.0,6,Não,0,
CUST-01842,2023-02-22,Sul,57,Premium,Anual,Cartão,40,179.5,1,0,7,46.3,4,Sim,0,
CUST-01843,2024-07-08,Sudeste,52,Premium,Anual,Cartão,24,180.07,3,1,3,38.9,1,Sim,1,2026-04-30
CUST-01844,2024-07-07,Norte,32,Padrão,Mensal,Pix,24,104.28,0,1,1,13.6,15,Não,1,2026-03-25
CUST-01845,2023-10-28,Sudeste,22,Padrão,Mensal,Pix,32,116.0,1,0,5,41.8,3,Sim,0,
CUST-01846,2022-11-06,Nordeste,45,Básico,Mensal,Pix,44,56.95,1,1,8,40.6,3,Não,0,
CUST-01847,2021-06-02,Sudeste,18,Padrão,Anual,Cartão,61,114.67,1,2,8,45.7,3,Não,0,
CUST-01848,2025-02-14,Nordeste,52,Básico,Mensal,Boleto,16,60.4,4,0,5,21.0,11,Sim,0,
CUST-01849,2024-07-14,Sudeste,36,Padrão,Bienal,Cartão,23,114.37,1,0,7,24.9,1,Sim,0,
CUST-01850,2025-02-20,Nordeste,61,Básico,Anual,Débito automático,16,75.79,1,1,8,80.1,2,Não,1,2026-03-25
CUST-01851,2023-12-11,Sudeste,18,Padrão,Mensal,Cartão,31,109.03,2,1,10,6.1,6,Não,0,
CUST-01852,2026-01-25,Centro-Oeste,50,Básico,Bienal,Cartão,5,48.62,1,1,10,16.7,13,Não,1,2026-01-31
CUST-01853,2020-08-28,Sul,38,Básico,Anual,Pix,71,53.11,1,1,9,36.7,6,Sim,0,
CUST-01854,2023-10-08,Nordeste,35,Básico,Anual,Cartão,33,69.53,1,2,6,20.5,9,Não,1,2026-04-18
CUST-01855,2024-01-11,Centro-Oeste,23,Padrão,Mensal,Boleto,30,111.51,2,0,7,29.3,6,Sim,1,2026-05-16
CUST-01856,2025-05-20,Norte,46,Básico,Mensal,Cartão,13,61.22,1,1,7,31.3,5,Sim,0,
CUST-01857,2025-01-04,Sudeste,47,Padrão,Mensal,Pix,18,94.63,1,0,7,41.3,11,Sim,0,
CUST-01858,2025-10-07,Sudeste,60,Básico,Mensal,Cartão,8,61.68,1,0,4,33.8,7,Não,1,2026-06-18
CUST-01859,2025-06-05,Sudeste,51,Padrão,Anual,Pix,13,95.1,0,1,10,9.8,21,Não,0,
CUST-01860,2022-11-10,Sudeste,32,Básico,Bienal,Cartão,44,55.18,3,0,8,21.7,3,Não,0,
CUST-01861,2025-12-08,Sul,27,Premium,Bienal,Cartão,6,186.44,1,1,9,28.0,18,Não,0,
CUST-01862,2020-07-23,Norte,23,Básico,Mensal,Cartão,72,52.34,3,1,8,48.8,3,Sim,1,2026-03-29
CUST-01863,2022-05-08,Norte,57,Básico,Bienal,Boleto,50,66.11,2,1,6,25.0,5,Não,0,
CUST-01864,2023-12-15,Sul,30,Básico,Mensal,Boleto,30,61.14,3,2,4,32.6,2,Sim,0,
CUST-01865,2025-07-02,Nordeste,57,Básico,Mensal,Cartão,12,41.83,3,1,9,36.2,4,Sim,0,
CUST-01866,2023-06-08,Centro-Oeste,45,Padrão,Anual,Cartão,37,81.35,2,2,9,35.4,3,Não,0,
CUST-01867,2023-07-26,Norte,43,Básico,Bienal,Cartão,35,57.86,1,1,8,32.9,3,Sim,0,
CUST-01868,2025-04-04,Sudeste,35,Premium,Bienal,Cartão,15,131.66,1,0,10,19.1,1,Não,0,
CUST-01869,2023-09-20,Sul,47,Padrão,Anual,Pix,33,124.63,2,0,6,25.0,5,Sim,0,
CUST-01870,2024-11-25,Centro-Oeste,39,Básico,Mensal,Pix,19,53.94,5,0,6,47.2,8,Sim,0,
CUST-01871,2026-01-31,Sudeste,35,Padrão,Mensal,Débito automático,5,92.8,3,1,8,51.7,38,Sim,0,
CUST-01872,2025-09-12,Sul,47,Básico,Mensal,Boleto,9,76.12,3,0,6,54.8,8,Sim,0,
CUST-01873,2022-06-06,Norte,37,Básico,Anual,Cartão,49,57.03,1,0,7,23.1,7,Sim,0,
CUST-01874,2025-01-07,Norte,29,Básico,Mensal,Cartão,17,68.11,1,0,9,26.7,3,Não,0,
CUST-01875,2025-04-17,Centro-Oeste,46,Básico,Mensal,Cartão,14,50.98,2,1,6,38.8,5,Sim,0,
CUST-01876,2024-05-01,Nordeste,38,Básico,Mensal,Cartão,26,59.64,0,1,6,70.5,1,Sim,0,
CUST-01877,2026-03-13,Sudeste,45,Premium,Mensal,Pix,3,172.56,3,1,8,91.9,5,Não,0,
CUST-01878,2024-07-10,Sudeste,34,Padrão,Anual,Cartão,24,86.93,1,2,4,23.1,1,Sim,1,2026-05-23
CUST-01879,2024-03-20,Sul,24,Premium,Mensal,Cartão,27,166.39,1,0,7,21.4,5,Não,1,2026-06-18
CUST-01880,2023-06-05,Sul,60,Básico,Mensal,Cartão,37,39.0,2,1,7,15.1,36,Sim,0,
CUST-01881,2025-08-21,Sul,58,Premium,Anual,Boleto,10,176.72,1,2,8,42.3,6,Sim,0,
CUST-01882,2025-03-21,Nordeste,50,Básico,Anual,Cartão,15,51.21,0,1,9,13.9,22,Não,0,
CUST-01883,2024-03-22,Sudeste,34,Básico,Mensal,Débito automático,27,57.8,1,0,7,40.2,35,Sim,0,
CUST-01884,2025-07-29,Nordeste,35,Padrão,Mensal,Pix,11,97.63,1,0,7,40.7,1,Não,1,2026-01-06
CUST-01885,2024-03-07,Sudeste,56,Básico,Bienal,Cartão,28,45.35,1,0,7,65.2,8,Sim,0,
CUST-01886,2024-04-23,Sudeste,35,Padrão,Anual,Pix,26,84.28,2,1,6,21.0,2,Sim,0,
CUST-01887,2026-03-09,Sudeste,31,Padrão,Mensal,Pix,3,106.3,2,0,10,9.8,2,Não,0,
CUST-01888,2022-11-13,Sudeste,61,Padrão,Mensal,Pix,44,106.96,2,0,8,15.8,4,Não,0,
CUST-01889,2025-07-29,Centro-Oeste,38,Padrão,Anual,Pix,11,86.61,1,0,10,28.2,7,Não,0,
CUST-01890,2024-05-12,Sul,60,Básico,Mensal,Cartão,25,66.57,3,0,5,20.8,2,Sim,0,
CUST-01891,2020-07-23,Sudeste,22,Básico,Mensal,Cartão,72,66.81,5,1,10,25.2,7,Sim,0,
CUST-01892,2025-07-01,Nordeste,45,Premium,Bienal,Cartão,12,153.7,2,1,7,46.9,25,Sim,0,
CUST-01893,2023-10-26,Sul,64,Básico,Mensal,Boleto,32,40.89,0,0,9,25.9,9,Não,1,2026-04-18
CUST-01894,2020-07-10,Sudeste,39,Básico,Mensal,Pix,72,58.47,3,0,3,26.6,26,Sim,1,2026-03-07
CUST-01895,2023-07-04,Sudeste,36,Básico,Anual,Boleto,36,64.11,1,0,10,36.2,4,Não,0,
CUST-01896,2022-04-30,Sudeste,25,Premium,Mensal,Débito automático,50,158.18,1,2,8,23.1,3,Sim,1,2026-05-29
CUST-01897,2025-09-27,Nordeste,52,Padrão,Anual,Pix,9,90.71,3,2,10,40.5,2,Sim,0,
CUST-01898,2021-06-10,Sudeste,30,Padrão,Mensal,Débito automático,61,105.54,2,0,9,47.9,10,Sim,0,
CUST-01899,2026-01-16,Sudeste,38,Premium,Mensal,Pix,5,176.71,1,0,3,21.4,2,Não,1,2026-04-14
CUST-01900,2023-09-07,Sudeste,24,Básico,Mensal,Pix,34,48.22,1,0,10,62.8,24,Sim,0,
CUST-01901,2024-07-09,Sul,58,Premium,Bienal,Boleto,24,154.83,1,0,7,14.4,1,Sim,0,
CUST-01902,2024-11-25,Sudeste,53,Básico,Anual,Cartão,19,97.4,1,1,8,16.2,3,Não,0,
CUST-01903,2025-02-23,Centro-Oeste,39,Padrão,Anual,Cartão,16,103.07,1,0,8,26.7,4,Não,0,
CUST-01904,2023-06-24,Sudeste,25,Básico,Mensal,Pix,36,41.26,2,1,7,16.8,2,Sim,0,
CUST-01905,2025-05-30,Sul,57,Premium,Anual,Cartão,13,152.31,1,1,6,36.2,3,Não,0,
CUST-01906,2025-01-25,Sul,35,Premium,Mensal,Cartão,17,148.4,2,0,9,88.1,13,Não,1,2026-06-05
CUST-01907,2023-09-02,Sul,26,Padrão,Anual,Boleto,34,104.33,0,0,5,26.9,6,Sim,1,2026-04-10
CUST-01908,2022-07-09,Sudeste,18,Básico,Mensal,Pix,48,63.31,1,1,7,26.0,13,Sim,1,2026-03-19
CUST-01909,2024-09-03,Nordeste,31,Básico,Anual,Cartão,22,50.09,3,1,10,16.2,17,Não,0,
CUST-01910,2021-05-12,Centro-Oeste,22,Padrão,Mensal,Cartão,62,124.99,3,2,5,97.8,4,Sim,1,2026-02-27
CUST-01911,2024-03-14,Sudeste,32,Básico,Mensal,Débito automático,27,60.19,1,1,7,62.3,9,Não,0,
CUST-01912,2024-05-22,Sudeste,48,Básico,Anual,Débito automático,25,52.62,1,0,10,51.2,4,Não,0,
CUST-01913,2020-07-03,Centro-Oeste,34,Padrão,Mensal,Boleto,72,81.9,1,1,5,29.7,3,Não,0,
CUST-01914,2023-11-19,Sul,43,Padrão,Mensal,Cartão,31,86.47,0,1,3,54.6,4,Sim,0,
CUST-01915,2020-07-05,Sudeste,30,Premium,Bienal,Pix,72,141.56,3,0,3,42.7,21,Sim,0,
CUST-01916,2020-07-04,Sudeste,40,Padrão,Mensal,Cartão,72,96.33,1,0,6,23.2,12,Sim,0,
CUST-01917,2025-08-11,Nordeste,62,Básico,Anual,Boleto,10,46.61,1,2,10,96.4,16,Sim,0,
CUST-01918,2025-06-05,Nordeste,35,Padrão,Anual,Pix,13,109.98,4,2,5,10.8,4,Sim,0,
CUST-01919,2025-12-24,Sul,44,Básico,Anual,Boleto,6,50.82,2,1,6,28.0,1,Não,1,2026-01-09
CUST-01920,2023-04-24,Norte,20,Padrão,Mensal,Pix,38,110.76,0,1,7,21.9,9,Sim,1,2026-05-13
CUST-01921,2023-05-10,Sul,57,Padrão,Mensal,Débito automático,38,105.88,2,1,9,7.1,21,Não,0,
CUST-01922,2025-02-15,Sudeste,33,Básico,Mensal,Pix,16,68.04,1,1,9,6.7,5,Sim,1,2026-05-11
CUST-01923,2026-03-08,Sul,52,Básico,Mensal,Pix,3,71.55,3,0,7,10.7,17,Sim,0,
CUST-01924,2023-10-16,Sudeste,38,Premium,Anual,Pix,32,186.91,5,1,8,70.7,17,Sim,0,
CUST-01925,2025-12-16,Sudeste,46,Padrão,Bienal,Pix,6,87.11,3,0,9,25.1,18,Sim,1,2026-05-12
CUST-01926,2024-09-28,Sudeste,47,Padrão,Mensal,Débito automático,21,110.84,1,0,4,28.7,9,Não,1,2026-02-07
CUST-01927,2023-02-19,Sudeste,34,Padrão,Mensal,Pix,40,104.57,2,1,6,25.5,7,Sim,1,2026-06-07
CUST-01928,2024-03-15,Nordeste,52,Padrão,Anual,Débito automático,27,113.89,2,0,5,26.1,11,Não,1,2026-05-11
CUST-01929,2022-07-09,Sudeste,30,Básico,Mensal,Pix,48,60.55,2,1,6,10.3,17,Não,1,2026-05-19
CUST-01930,2024-11-04,Sul,48,Padrão,Anual,Cartão,20,115.46,3,2,8,38.7,11,Sim,0,
CUST-01931,2025-04-08,Nordeste,34,Premium,Mensal,Cartão,14,140.92,0,0,5,41.3,10,Sim,0,
CUST-01932,2025-06-23,Nordeste,43,Básico,Mensal,Cartão,12,44.94,0,0,10,23.8,3,Sim,0,
CUST-01933,2023-04-03,Nordeste,33,Básico,Anual,Débito automático,39,51.03,1,1,8,48.0,9,Não,0,
CUST-01934,2024-07-28,Nordeste,40,Padrão,Bienal,Cartão,23,97.95,4,1,6,71.4,8,Sim,0,
CUST-01935,2025-06-04,Nordeste,26,Padrão,Mensal,Cartão,13,99.65,1,0,7,11.2,28,Não,0,
CUST-01936,2023-12-12,Sudeste,42,Padrão,Anual,Cartão,31,88.64,2,0,4,29.4,12,Sim,0,
CUST-01937,2026-01-27,Sul,40,Padrão,Mensal,Boleto,5,85.13,2,0,4,38.5,9,Não,1,2026-05-14
CUST-01938,2024-05-30,Sul,33,Padrão,Mensal,Débito automático,25,89.83,1,3,6,12.0,4,Não,0,
CUST-01939,2024-01-25,Sudeste,38,Padrão,Mensal,Boleto,29,75.07,4,1,10,62.8,1,Sim,0,
CUST-01940,2023-11-04,Sudeste,41,Básico,Mensal,Cartão,32,54.97,2,2,4,45.3,3,Não,0,
CUST-01941,2021-04-21,Sudeste,32,Básico,Anual,Pix,63,58.18,2,0,10,45.7,28,Sim,0,
CUST-01942,2024-11-12,Sul,37,Padrão,Mensal,Cartão,19,105.17,2,2,7,62.9,5,Sim,0,
CUST-01943,2024-01-23,Sudeste,27,Premium,Mensal,Débito automático,29,161.34,1,2,8,29.0,9,Não,1,2026-03-26
CUST-01944,2023-09-28,Sudeste,67,Padrão,Mensal,Cartão,33,124.11,0,0,7,29.3,3,Não,1,2026-01-15
CUST-01945,2024-07-29,Nordeste,52,Básico,Anual,Débito automático,23,70.37,2,0,9,33.6,1,Sim,0,
CUST-01946,2025-10-01,Centro-Oeste,42,Premium,Bienal,Boleto,9,169.32,1,1,9,40.3,5,Não,0,
CUST-01947,2023-02-13,Sudeste,53,Padrão,Mensal,Boleto,41,104.11,2,1,7,41.5,16,Não,1,2026-06-23
CUST-01948,2026-03-20,Centro-Oeste,18,Padrão,Mensal,Boleto,3,106.5,1,0,8,19.4,2,Não,0,
CUST-01949,2025-09-12,Sudeste,18,Básico,Bienal,Cartão,9,55.91,8,0,10,15.9,1,Não,1,2026-04-15
CUST-01950,2024-11-29,Centro-Oeste,34,Padrão,Mensal,Cartão,19,100.39,4,0,9,43.3,1,Sim,0,
CUST-01951,2025-09-10,Norte,22,Padrão,Anual,Pix,9,125.9,0,3,6,41.6,3,Sim,1,2026-02-17
CUST-01952,2024-06-05,Sudeste,36,Padrão,Mensal,Cartão,25,98.02,1,0,7,55.2,6,Não,0,
CUST-01953,2022-03-30,Nordeste,41,Básico,Bienal,Boleto,51,40.35,1,0,5,50.2,3,Não,0,
CUST-01954,2020-07-17,Norte,50,Padrão,Mensal,Pix,72,108.76,1,1,10,13.8,9,Não,0,
CUST-01955,2024-08-02,Centro-Oeste,25,Básico,Mensal,Débito automático,23,71.25,2,0,8,16.1,6,Sim,0,
CUST-01956,2023-12-04,Norte,44,Premium,Mensal,Débito automático,31,161.16,1,3,4,20.8,2,Não,0,
CUST-01957,2024-06-03,Sul,39,Básico,Mensal,Cartão,25,39.0,2,0,5,35.9,32,Sim,1,2026-06-14
CUST-01958,2024-08-25,Sudeste,43,Padrão,Mensal,Cartão,22,117.01,2,1,7,60.4,4,Sim,0,
CUST-01959,2024-08-22,Centro-Oeste,33,Padrão,Bienal,Pix,22,102.22,1,0,10,35.9,4,Sim,0,
CUST-01960,2020-09-16,Nordeste,56,Básico,Mensal,Cartão,70,54.66,1,1,7,31.2,6,Não,0,
CUST-01961,2026-03-01,Nordeste,38,Básico,Mensal,Boleto,4,75.63,3,0,8,16.6,6,Não,1,2026-05-05
CUST-01962,2022-11-11,Sudeste,60,Básico,Mensal,Boleto,44,39.0,4,0,6,30.4,6,Sim,1,2026-04-07
CUST-01963,2025-07-03,Sul,30,Padrão,Mensal,Boleto,12,100.57,1,0,8,45.2,7,Não,0,
CUST-01964,2024-11-02,Sudeste,48,Premium,Mensal,Pix,20,151.43,0,0,10,26.5,19,Sim,0,
CUST-01965,2025-09-04,Nordeste,38,Padrão,Mensal,Débito automático,9,119.89,0,1,9,24.4,12,Sim,0,
CUST-01966,2025-10-15,Sudeste,35,Premium,Anual,Pix,8,162.4,1,0,2,52.9,5,Sim,0,
CUST-01967,2022-07-05,Nordeste,47,Básico,Anual,Débito automático,48,46.89,3,0,7,40.7,18,Sim,0,
CUST-01968,2025-04-17,Centro-Oeste,35,Padrão,Mensal,Boleto,14,114.94,1,0,5,50.0,3,Sim,0,
CUST-01969,2024-07-07,Sul,18,Premium,Anual,Boleto,24,124.57,1,0,9,21.3,3,Não,0,
CUST-01970,2023-09-08,Sul,18,Premium,Mensal,Cartão,34,166.11,0,0,7,69.0,20,Sim,0,
CUST-01971,2021-05-10,Sudeste,54,Básico,Mensal,Boleto,62,41.31,1,2,10,23.8,29,Sim,0,
CUST-01972,2025-10-30,Norte,54,Padrão,Bienal,Cartão,8,92.53,2,0,6,28.5,4,Sim,0,
CUST-01973,2021-02-23,Nordeste,62,Premium,Bienal,Pix,65,155.63,1,2,7,43.2,8,Sim,0,
CUST-01974,2024-01-19,Sudeste,39,Padrão,Mensal,Pix,29,111.74,0,1,7,24.0,2,Sim,1,2026-01-29
CUST-01975,2024-02-27,Sudeste,23,Padrão,Mensal,Cartão,28,129.85,2,3,9,37.8,1,Não,0,
CUST-01976,2024-11-14,Sudeste,34,Básico,Mensal,Cartão,19,39.0,0,0,5,38.4,7,Sim,0,
CUST-01977,2025-01-11,Sul,39,Básico,Mensal,Cartão,17,65.25,1,0,5,29.6,3,Não,1,2026-03-27
CUST-01978,2025-12-16,Norte,27,Padrão,Anual,Boleto,6,129.83,3,1,6,39.4,1,Sim,1,2026-01-14
CUST-01979,2021-12-26,Nordeste,59,Padrão,Mensal,Boleto,54,90.98,0,0,8,26.0,12,Sim,1,2026-06-19
CUST-01980,2025-10-17,Sudeste,66,Básico,Bienal,Débito automático,8,50.11,2,0,9,40.6,12,Não,1,2026-01-05
CUST-01981,2025-04-02,Centro-Oeste,45,Básico,Anual,Boleto,15,62.3,1,0,7,45.4,16,Sim,0,
CUST-01982,2022-07-17,Sudeste,39,Padrão,Mensal,Pix,48,110.6,2,2,8,33.1,1,Sim,0,
CUST-01983,2024-08-10,Centro-Oeste,23,Padrão,Anual,Boleto,22,108.21,3,0,8,48.2,6,Sim,0,
CUST-01984,2025-08-09,Sudeste,58,Padrão,Anual,Pix,10,93.98,1,1,7,21.7,3,Não,0,
CUST-01985,2022-12-29,Nordeste,40,Padrão,Mensal,Cartão,42,87.76,2,0,7,33.6,2,Sim,0,
CUST-01986,2025-01-25,Centro-Oeste,36,Básico,Mensal,Débito automático,17,77.43,3,0,9,73.7,13,Não,0,
CUST-01987,2025-03-10,Sudeste,45,Premium,Anual,Débito automático,15,148.16,1,0,10,33.2,7,Não,0,
CUST-01988,2025-10-27,Nordeste,32,Padrão,Bienal,Cartão,8,72.17,3,0,9,29.8,6,Não,0,
CUST-01989,2025-02-21,Norte,41,Básico,Mensal,Boleto,16,39.0,1,3,10,18.0,14,Sim,0,
CUST-01990,2024-11-25,Sudeste,22,Padrão,Anual,Cartão,19,90.93,1,0,10,22.6,6,Sim,0,
CUST-01991,2023-10-10,Sudeste,52,Padrão,Anual,Débito automático,33,119.9,1,2,6,31.9,2,Não,0,
CUST-01992,2025-06-01,Nordeste,38,Padrão,Bienal,Boleto,13,82.36,5,0,9,53.3,1,Não,0,
CUST-01993,2021-12-03,Sudeste,53,Padrão,Mensal,Cartão,55,120.31,2,2,10,46.9,7,Sim,0,
CUST-01994,2022-06-14,Sudeste,37,Padrão,Mensal,Boleto,49,117.3,1,0,9,61.9,2,Sim,0,
CUST-01995,2022-05-30,Sul,37,Padrão,Anual,Pix,49,102.15,4,0,6,20.2,5,Sim,0,
CUST-01996,2024-03-30,Nordeste,24,Básico,Mensal,Cartão,27,39.0,1,1,5,38.5,5,Sim,0,
CUST-01997,2023-02-19,Sudeste,48,Básico,Mensal,Boleto,40,42.42,2,0,10,33.3,15,Não,0,
CUST-01998,2023-05-11,Sudeste,28,Básico,Anual,Boleto,38,50.13,3,0,8,34.6,2,Não,0,
CUST-01999,2022-09-08,Centro-Oeste,33,Padrão,Mensal,Pix,46,123.23,0,1,8,45.3,9,Não,0,
CUST-02000,2022-06-14,Sul,39,Padrão,Anual,Boleto,49,91.03,3,0,7,43.0,8,Não,0,
CUST-02001,2023-04-06,Centro-Oeste,40,Padrão,Mensal,Cartão,39,88.18,1,1,10,41.6,8,Não,0,
CUST-02002,2023-04-03,Sul,19,Básico,Anual,Cartão,39,61.64,1,0,9,43.0,9,Sim,0,
CUST-02003,2023-05-25,Norte,36,Padrão,Mensal,Boleto,37,79.27,1,0,7,10.9,6,Sim,0,
CUST-02004,2023-03-27,Nordeste,49,Básico,Anual,Cartão,39,58.66,1,1,9,75.1,10,Sim,0,
CUST-02005,2024-06-07,Sudeste,34,Padrão,Mensal,Pix,25,87.82,3,0,7,34.1,0,Sim,0,
CUST-02006,2025-03-23,Centro-Oeste,36,Padrão,Mensal,Débito automático,15,136.63,5,0,9,46.5,10,Sim,0,
CUST-02007,2025-08-30,Sul,41,Básico,Bienal,Boleto,10,46.15,0,1,10,95.9,16,Sim,0,
CUST-02008,2025-10-04,Sudeste,37,Básico,Anual,Pix,8,86.02,1,0,10,53.4,39,Sim,0,
CUST-02009,2025-08-02,Sudeste,27,Padrão,Mensal,Pix,11,83.04,2,1,3,24.5,28,Sim,0,
CUST-02010,2022-08-18,Nordeste,39,Padrão,Mensal,Débito automático,47,102.68,2,1,8,31.1,2,Não,1,2026-05-29
CUST-02011,2021-07-19,Sudeste,51,Básico,Anual,Débito automático,60,66.0,1,2,10,53.5,5,Não,0,
CUST-02012,2023-05-02,Sudeste,26,Premium,Bienal,Cartão,38,160.98,1,0,6,60.7,5,Sim,0,
CUST-02013,2024-01-25,Sudeste,35,Premium,Mensal,Pix,29,160.13,2,0,10,33.5,26,Não,1,2026-02-03
CUST-02014,2025-12-20,Sul,22,Padrão,Bienal,Cartão,6,111.06,1,1,8,13.4,27,Sim,0,
CUST-02015,2024-08-18,Sudeste,50,Básico,Mensal,Cartão,22,64.84,2,0,9,21.1,15,Não,1,2026-04-19
CUST-02016,2025-04-01,Sul,38,Padrão,Anual,Cartão,15,96.58,2,1,9,26.3,6,Sim,0,
CUST-02017,2025-03-29,Sudeste,29,Básico,Mensal,Pix,15,49.56,2,1,4,38.0,6,Não,0,
CUST-02018,2024-04-11,Sudeste,40,Premium,Mensal,Boleto,27,156.68,2,0,9,39.7,18,Sim,0,
CUST-02019,2023-04-30,Nordeste,25,Padrão,Bienal,Débito automático,38,96.51,3,0,8,47.2,3,Não,0,
CUST-02020,2024-06-10,Sudeste,27,Básico,Mensal,Pix,25,56.23,1,0,6,52.1,14,Sim,0,
CUST-02021,2020-07-08,Nordeste,21,Básico,Bienal,Pix,72,60.07,3,1,10,7.5,1,Não,0,
CUST-02022,2024-02-20,Sudeste,26,Padrão,Mensal,Cartão,28,79.27,1,0,3,28.0,3,Não,1,2026-05-17
CUST-02023,2026-01-10,Sudeste,55,Premium,Mensal,Cartão,5,144.61,1,0,6,51.7,23,Não,0,
CUST-02024,2020-09-12,Sudeste,30,Padrão,Bienal,Cartão,70,110.64,1,0,10,65.5,11,Sim,0,
CUST-02025,2024-06-13,Sul,45,Padrão,Anual,Débito automático,24,67.49,5,0,9,41.3,6,Sim,1,2026-04-22
CUST-02026,2021-07-08,Sudeste,29,Padrão,Mensal,Cartão,60,115.76,3,1,6,18.6,5,Sim,1,2026-02-14
CUST-02027,2025-10-09,Nordeste,48,Premium,Anual,Boleto,8,151.18,3,1,6,35.7,1,Sim,0,
CUST-02028,2025-05-29,Sudeste,27,Padrão,Mensal,Cartão,13,122.37,1,0,7,56.7,7,Sim,1,2026-01-22
CUST-02029,2025-07-27,Sul,39,Padrão,Anual,Pix,11,116.17,0,0,8,15.3,26,Sim,0,
CUST-02030,2022-09-02,Sul,40,Padrão,Mensal,Débito automático,46,94.42,2,0,6,19.1,6,Sim,0,
CUST-02031,2022-01-01,Sudeste,67,Premium,Mensal,Débito automático,54,155.87,3,0,7,19.4,2,Sim,0,
CUST-02032,2023-08-06,Sul,47,Básico,Mensal,Cartão,35,81.31,1,0,8,4.5,1,Sim,0,
CUST-02033,2023-12-29,Sudeste,32,Padrão,Anual,Débito automático,30,116.83,3,1,7,42.9,3,Não,0,
CUST-02034,2026-01-03,Sudeste,47,Básico,Bienal,Cartão,5,72.62,0,1,6,22.1,9,Não,0,
CUST-02035,2025-04-18,Sudeste,65,Padrão,Anual,Boleto,14,115.02,4,1,5,5.8,3,Sim,1,2026-03-07
CUST-02036,2025-03-07,Nordeste,19,Padrão,Mensal,Cartão,16,83.77,2,0,7,56.9,5,Sim,0,
CUST-02037,2025-11-30,Norte,29,Básico,Mensal,Pix,7,61.87,1,0,7,32.4,16,Não,0,
CUST-02038,2024-07-11,Sudeste,36,Padrão,Mensal,Boleto,23,88.21,0,2,5,75.7,4,Não,0,
CUST-02039,2023-07-23,Sul,34,Básico,Anual,Boleto,35,43.41,0,0,8,46.0,19,Não,0,
CUST-02040,2022-11-19,Nordeste,35,Premium,Mensal,Débito automático,43,161.29,3,2,10,32.9,3,Sim,0,
CUST-02041,2023-05-22,Sudeste,23,Premium,Anual,Cartão,37,153.21,1,0,8,49.0,8,Não,0,
CUST-02042,2024-10-10,Nordeste,56,Padrão,Mensal,Débito automático,20,96.67,2,0,8,20.9,7,Sim,1,2026-02-13
CUST-02043,2025-01-19,Nordeste,22,Padrão,Bienal,Cartão,17,92.0,2,0,9,38.9,3,Sim,0,
CUST-02044,2024-09-13,Centro-Oeste,37,Básico,Mensal,Cartão,21,41.44,2,0,7,38.5,7,Sim,0,
CUST-02045,2024-09-01,Norte,52,Premium,Mensal,Cartão,22,182.76,3,0,9,31.1,22,Não,1,2026-04-26
CUST-02046,2025-08-24,Sudeste,39,Padrão,Bienal,Cartão,10,101.18,3,0,3,16.5,7,Sim,0,
CUST-02047,2025-01-19,Sul,27,Básico,Bienal,Cartão,17,39.0,0,1,6,37.8,14,Não,0,
CUST-02048,2025-03-11,Sul,23,Premium,Anual,Boleto,15,161.55,4,0,5,37.0,7,Não,1,2026-02-07
CUST-02049,2021-02-22,Sudeste,36,Básico,Anual,Cartão,65,80.3,4,1,10,23.9,1,Não,0,
CUST-02050,2022-10-12,Sudeste,30,Padrão,Anual,Pix,45,112.42,1,0,9,15.7,3,Não,0,
CUST-02051,2023-08-05,Norte,41,Básico,Mensal,Cartão,35,51.74,5,0,5,22.2,3,Sim,0,
CUST-02052,2025-06-25,Sudeste,22,Padrão,Mensal,Boleto,12,92.07,2,0,5,68.1,0,Não,0,
CUST-02053,2023-02-26,Sul,49,Básico,Anual,Cartão,40,45.6,0,0,4,24.9,10,Não,0,
CUST-02054,2025-04-07,Centro-Oeste,40,Básico,Anual,Cartão,14,48.61,3,0,8,37.7,4,Não,0,
CUST-02055,2023-03-03,Sudeste,41,Padrão,Mensal,Boleto,40,89.75,1,0,8,36.6,1,Sim,0,
CUST-02056,2024-10-31,Sul,56,Premium,Mensal,Débito automático,20,138.44,3,1,6,30.6,1,Sim,1,2026-06-21
CUST-02057,2022-05-19,Norte,34,Básico,Anual,Débito automático,50,52.78,2,0,6,69.7,12,Sim,0,
CUST-02058,2025-10-24,Sul,30,Padrão,Mensal,Pix,8,103.82,0,1,7,44.5,2,Não,0,
CUST-02059,2023-04-17,Sudeste,32,Padrão,Anual,Débito automático,39,93.2,2,0,10,42.1,4,Sim,0,
CUST-02060,2022-01-29,Sudeste,37,Premium,Anual,Pix,53,162.04,0,0,7,33.3,7,Sim,0,
CUST-02061,2024-10-05,Norte,38,Básico,Mensal,Débito automático,21,81.71,3,0,10,24.8,24,Sim,1,2026-06-21
CUST-02062,2024-10-15,Sudeste,29,Padrão,Mensal,Cartão,20,124.7,1,0,7,33.9,26,Não,1,2026-04-21
CUST-02063,2024-06-25,Sul,18,Premium,Mensal,Cartão,24,158.05,3,3,9,45.0,8,Não,0,
CUST-02064,2023-08-05,Sudeste,32,Básico,Mensal,Cartão,35,71.32,3,0,9,49.5,9,Sim,0,
CUST-02065,2025-02-16,Sudeste,43,Padrão,Anual,Boleto,16,96.67,0,0,7,45.2,5,Não,0,
CUST-02066,2025-04-12,Norte,41,Premium,Anual,Cartão,14,152.17,7,0,9,9.9,13,Sim,0,
CUST-02067,2020-08-14,Sul,53,Básico,Anual,Cartão,71,43.36,2,1,10,13.4,1,Sim,0,
CUST-02068,2024-11-21,Norte,62,Padrão,Mensal,Pix,19,100.21,2,0,7,29.1,5,Sim,0,
CUST-02069,2024-08-09,Sudeste,48,Básico,Anual,Débito automático,23,74.18,1,0,7,13.2,7,Sim,0,
CUST-02070,2024-12-18,Sul,56,Padrão,Mensal,Pix,18,81.16,1,1,9,20.3,10,Sim,0,
CUST-02071,2023-05-19,Centro-Oeste,48,Premium,Anual,Boleto,37,154.98,2,0,10,17.3,5,Não,1,2026-05-20
CUST-02072,2025-03-11,Sul,60,Padrão,Mensal,Cartão,15,94.31,1,1,4,29.8,23,Sim,0,
CUST-02073,2024-08-29,Sudeste,61,Padrão,Mensal,Débito automático,22,102.46,1,1,5,33.4,11,Sim,0,
CUST-02074,2022-08-08,Centro-Oeste,50,Padrão,Mensal,Cartão,47,102.68,2,0,10,16.2,9,Sim,0,
CUST-02075,2022-11-22,Sudeste,47,Básico,Mensal,Cartão,43,66.52,4,1,6,60.1,4,Sim,1,2026-02-17
CUST-02076,2024-12-03,Sul,37,Básico,Bienal,Pix,19,85.56,0,2,10,39.1,3,Sim,0,
CUST-02077,2024-06-06,Norte,39,Básico,Mensal,Cartão,25,46.81,1,0,6,32.6,21,Sim,0,
CUST-02078,2025-06-10,Sudeste,35,Básico,Mensal,Boleto,12,46.04,1,0,6,48.1,2,Não,0,
CUST-02079,2024-06-04,Sudeste,46,Padrão,Anual,Boleto,25,102.46,5,1,10,32.1,7,Não,0,
CUST-02080,2020-07-14,Sudeste,30,Básico,Mensal,Cartão,72,79.34,1,1,9,40.4,1,Sim,0,
CUST-02081,2023-01-28,Sudeste,37,Básico,Mensal,Cartão,41,39.0,0,1,5,25.2,7,Sim,0,
CUST-02082,2025-06-07,Sudeste,18,Padrão,Mensal,Cartão,12,103.64,1,2,9,21.1,11,Não,1,2026-01-10
CUST-02083,2025-11-05,Nordeste,60,Básico,Mensal,Cartão,7,56.18,1,0,6,17.6,14,Sim,1,2026-02-28
CUST-02084,2025-06-17,Sudeste,36,Básico,Anual,Débito automático,12,70.96,3,1,8,34.3,31,Sim,0,
CUST-02085,2025-09-06,Nordeste,44,Básico,Mensal,Boleto,9,67.79,3,1,7,38.3,3,Não,1,2026-04-25
CUST-02086,2024-09-06,Sudeste,56,Básico,Mensal,Cartão,22,59.68,0,1,7,81.5,14,Sim,0,
CUST-02087,2022-06-09,Sudeste,43,Padrão,Mensal,Cartão,49,105.83,2,1,6,9.7,6,Sim,0,
CUST-02088,2024-08-30,Sudeste,56,Padrão,Bienal,Boleto,22,89.78,1,0,4,32.3,18,Sim,0,
CUST-02089,2025-03-09,Nordeste,24,Premium,Bienal,Boleto,15,170.2,2,1,6,48.8,6,Sim,1,2026-04-18
CUST-02090,2024-11-14,Sul,68,Padrão,Mensal,Débito automático,19,118.41,2,1,9,20.4,3,Não,0,
CUST-02091,2023-09-04,Sudeste,52,Padrão,Anual,Cartão,34,100.4,1,0,8,54.3,25,Não,0,
CUST-02092,2024-04-03,Centro-Oeste,42,Premium,Mensal,Pix,27,153.29,1,1,6,48.8,17,Sim,1,2026-03-13
CUST-02093,2025-05-12,Sul,56,Padrão,Mensal,Cartão,13,96.97,2,1,10,56.1,6,Sim,0,
CUST-02094,2023-01-23,Sudeste,25,Padrão,Anual,Boleto,41,110.06,2,1,8,41.5,4,Sim,0,
CUST-02095,2025-07-19,Centro-Oeste,36,Padrão,Bienal,Pix,11,98.41,0,0,9,21.3,3,Não,0,
CUST-02096,2024-04-14,Sudeste,56,Básico,Mensal,Boleto,26,42.2,1,0,5,33.1,12,Não,0,
CUST-02097,2025-01-24,Sudeste,18,Básico,Anual,Cartão,17,72.33,3,0,10,51.3,19,Sim,0,
CUST-02098,2024-09-25,Sul,46,Básico,Anual,Boleto,21,45.24,3,2,8,22.4,11,Sim,0,
CUST-02099,2025-07-17,Sudeste,45,Padrão,Anual,Cartão,11,104.94,4,1,10,13.5,9,Não,0,
CUST-02100,2024-05-17,Sudeste,63,Básico,Anual,Débito automático,25,39.0,3,1,6,16.3,3,Sim,0,
CUST-02101,2025-08-20,Nordeste,20,Padrão,Mensal,Cartão,10,100.51,2,0,4,45.1,1,Sim,0,
CUST-02102,2025-02-28,Sudeste,58,Premium,Bienal,Boleto,16,158.04,1,2,5,23.4,2,Não,0,
CUST-02103,2024-10-10,Nordeste,32,Padrão,Mensal,Cartão,20,71.46,0,0,10,38.9,11,Não,0,
CUST-02104,2025-05-24,Norte,34,Básico,Mensal,Boleto,13,63.66,2,1,5,47.9,4,Não,0,
CUST-02105,2021-11-24,Sul,24,Padrão,Mensal,Boleto,55,83.58,1,2,10,26.3,3,Sim,0,
CUST-02106,2025-02-13,Nordeste,26,Básico,Anual,Pix,16,60.19,5,0,6,18.5,6,Sim,0,
CUST-02107,2024-12-07,Nordeste,44,Premium,Mensal,Cartão,19,153.24,5,0,8,19.6,20,Sim,1,2026-05-20
CUST-02108,2024-07-05,Norte,26,Padrão,Mensal,Pix,24,78.27,1,2,8,76.3,1,Sim,0,
CUST-02109,2025-11-01,Sudeste,48,Padrão,Anual,Cartão,8,84.36,3,3,7,20.3,5,Sim,0,
CUST-02110,2026-01-21,Sudeste,31,Padrão,Mensal,Boleto,5,85.48,1,1,7,40.2,9,Sim,1,2026-02-12
CUST-02111,2024-10-27,Sul,24,Padrão,Mensal,Cartão,20,112.75,2,0,5,10.4,1,Não,1,2026-06-14
CUST-02112,2025-12-23,Sul,33,Padrão,Mensal,Cartão,6,110.7,3,1,10,50.0,14,Sim,0,
CUST-02113,2023-12-30,Sudeste,43,Básico,Anual,Cartão,30,89.72,1,0,8,39.0,13,Não,0,
CUST-02114,2023-11-15,Nordeste,36,Básico,Mensal,Cartão,31,51.83,1,0,4,29.8,7,Sim,1,2026-02-25
CUST-02115,2024-01-04,Sudeste,39,Básico,Mensal,Cartão,30,51.38,2,0,5,32.0,3,Não,0,
CUST-02116,2023-04-03,Centro-Oeste,47,Padrão,Mensal,Boleto,39,100.89,2,0,9,120.0,40,Sim,1,2026-05-26
CUST-02117,2024-10-16,Sudeste,52,Premium,Bienal,Cartão,20,154.03,1,1,7,36.0,7,Não,0,
CUST-02118,2021-11-14,Sudeste,35,Padrão,Anual,Débito automático,56,90.84,2,0,4,14.0,1,Sim,0,
CUST-02119,2024-02-17,Sudeste,26,Padrão,Mensal,Boleto,28,99.76,0,2,10,43.0,3,Não,0,
CUST-02120,2022-02-12,Sudeste,40,Premium,Bienal,Pix,53,168.85,1,3,2,70.8,7,Sim,0,
CUST-02121,2023-04-24,Sudeste,45,Básico,Anual,Débito automático,38,39.0,4,2,6,4.6,1,Não,0,
CUST-02122,2024-09-27,Sudeste,21,Básico,Anual,Pix,21,50.99,0,1,7,22.2,2,Não,0,
CUST-02123,2024-03-07,Sudeste,28,Premium,Mensal,Pix,28,139.36,4,0,6,32.3,2,Sim,0,
CUST-02124,2023-09-06,Sudeste,30,Premium,Mensal,Cartão,34,156.85,3,0,9,58.9,6,Não,0,
CUST-02125,2026-01-17,Sudeste,37,Padrão,Anual,Boleto,5,105.06,0,0,8,67.6,2,Sim,0,
CUST-02126,2025-10-24,Sudeste,30,Básico,Mensal,Cartão,8,74.64,2,0,8,8.9,6,Sim,0,
CUST-02127,2021-04-26,Sudeste,47,Premium,Mensal,Pix,63,152.93,3,1,7,47.6,12,Não,0,
CUST-02128,2023-09-02,Sudeste,20,Padrão,Mensal,Cartão,34,100.49,2,0,9,64.8,33,Sim,0,
CUST-02129,2022-09-10,Sudeste,20,Padrão,Mensal,Pix,46,75.45,1,1,7,11.4,3,Não,1,2026-04-13
CUST-02130,2024-10-18,Sudeste,35,Básico,Anual,Pix,20,46.95,1,2,4,40.6,7,Sim,0,
CUST-02131,2021-12-28,Sudeste,37,Padrão,Mensal,Cartão,54,101.9,1,1,9,65.0,5,Não,0,
CUST-02132,2024-10-01,Nordeste,22,Premium,Anual,Cartão,21,139.97,2,1,10,27.8,8,Sim,0,
CUST-02133,2023-08-20,Norte,32,Premium,Anual,Boleto,34,176.32,2,0,8,80.0,2,Sim,0,
CUST-02134,2021-08-08,Centro-Oeste,34,Padrão,Mensal,Cartão,59,106.33,3,0,8,38.0,14,Sim,0,
CUST-02135,2023-07-04,Sul,34,Padrão,Mensal,Cartão,36,86.34,0,0,7,26.7,17,Sim,0,
CUST-02136,2025-07-13,Sul,41,Padrão,Mensal,Cartão,11,78.25,3,0,5,40.7,10,Não,1,2026-01-24
CUST-02137,2024-09-03,Sudeste,31,Padrão,Mensal,Débito automático,22,88.93,0,0,6,52.8,2,Não,0,
CUST-02138,2024-02-06,Nordeste,57,Padrão,Anual,Boleto,29,86.41,2,2,9,57.6,21,Sim,0,
CUST-02139,2023-08-04,Nordeste,45,Básico,Anual,Pix,35,41.96,1,0,8,23.1,6,Não,0,
CUST-02140,2022-05-01,Centro-Oeste,29,Básico,Anual,Débito automático,50,39.3,7,0,10,16.3,21,Sim,0,
CUST-02141,2023-07-28,Centro-Oeste,40,Padrão,Bienal,Boleto,35,95.77,2,1,9,40.5,5,Não,0,
CUST-02142,2024-07-22,Sul,40,Básico,Mensal,Boleto,23,69.25,4,1,7,45.2,4,Sim,0,
CUST-02143,2024-11-28,Nordeste,54,Básico,Anual,Boleto,19,49.04,2,1,9,15.4,3,Sim,0,
CUST-02144,2024-10-29,Nordeste,32,Premium,Mensal,Débito automático,20,165.23,1,1,7,28.7,1,Sim,0,
CUST-02145,2025-02-05,Sudeste,48,Padrão,Mensal,Boleto,17,94.41,2,4,4,63.3,15,Sim,0,
CUST-02146,2025-02-18,Centro-Oeste,40,Básico,Mensal,Cartão,16,67.57,0,0,10,28.3,3,Sim,0,
CUST-02147,2022-10-08,Sudeste,57,Básico,Mensal,Cartão,45,47.99,1,2,8,55.4,13,Sim,0,
CUST-02148,2024-04-12,Norte,54,Padrão,Anual,Cartão,26,102.93,3,0,10,24.2,0,Sim,0,
CUST-02149,2025-01-18,Nordeste,41,Padrão,Anual,Pix,17,100.68,4,0,6,55.4,1,Sim,0,
CUST-02150,2024-06-25,Sudeste,36,Padrão,Mensal,Débito automático,24,118.07,0,0,9,32.6,15,Sim,0,
CUST-02151,2024-12-14,Nordeste,45,Padrão,Mensal,Boleto,18,106.82,1,0,6,29.4,5,Sim,0,
CUST-02152,2025-12-08,Sudeste,37,Básico,Anual,Boleto,6,62.58,3,1,6,33.7,9,Sim,0,
CUST-02153,2023-07-11,Nordeste,59,Padrão,Anual,Boleto,36,78.42,0,0,10,21.7,7,Sim,0,
CUST-02154,2022-07-31,Nordeste,40,Básico,Mensal,Débito automático,47,51.65,2,0,3,15.6,2,Não,1,2026-02-06
CUST-02155,2023-01-17,Sul,34,Padrão,Mensal,Boleto,42,87.79,1,0,7,27.8,10,Não,1,2026-02-28
CUST-02156,2023-02-23,Centro-Oeste,33,Básico,Mensal,Cartão,40,47.49,1,1,10,45.2,2,Sim,0,
CUST-02157,2025-08-31,Sudeste,24,Básico,Anual,Pix,10,59.22,4,1,4,12.0,23,Sim,0,
CUST-02158,2022-01-20,Sudeste,46,Básico,Anual,Pix,54,62.37,1,1,6,58.1,11,Não,0,
CUST-02159,2025-02-24,Sudeste,29,Premium,Mensal,Cartão,16,162.92,1,1,9,29.4,17,Sim,0,
CUST-02160,2025-09-06,Sudeste,52,Básico,Mensal,Cartão,9,76.66,2,0,5,45.9,2,Não,1,2026-01-03
CUST-02161,2026-03-25,Sul,23,Básico,Mensal,Cartão,3,65.77,3,1,8,27.5,4,Sim,0,
CUST-02162,2024-03-07,Sudeste,41,Básico,Anual,Cartão,28,41.81,2,0,6,43.6,16,Sim,0,
CUST-02163,2021-12-15,Sudeste,53,Padrão,Mensal,Cartão,55,101.84,2,1,10,45.0,3,Sim,0,
CUST-02164,2022-05-13,Sudeste,18,Padrão,Anual,Débito automático,50,107.18,4,1,10,62.8,10,Sim,0,
CUST-02165,2024-06-06,Centro-Oeste,63,Premium,Bienal,Pix,25,176.67,3,2,6,12.2,5,Não,0,
CUST-02166,2022-09-29,Sudeste,34,Padrão,Mensal,Boleto,45,96.84,0,0,1,31.4,22,Sim,0,
CUST-02167,2020-07-25,Centro-Oeste,41,Padrão,Mensal,Cartão,72,96.98,0,0,8,52.9,0,Sim,0,
CUST-02168,2024-11-27,Sudeste,46,Padrão,Mensal,Débito automático,19,114.1,2,0,10,32.0,29,Não,1,2026-05-01
CUST-02169,2023-09-27,Sudeste,48,Básico,Mensal,Boleto,33,61.5,3,0,9,29.5,5,Sim,0,
CUST-02170,2021-12-10,Sul,42,Premium,Bienal,Débito automático,55,136.62,3,0,8,28.1,2,Sim,0,
CUST-02171,2025-09-26,Sudeste,51,Premium,Bienal,Pix,9,133.62,2,0,8,34.3,4,Sim,1,2026-03-06
CUST-02172,2025-08-23,Sudeste,45,Básico,Mensal,Boleto,10,84.77,2,2,7,44.5,6,Não,0,
CUST-02173,2021-05-29,Sul,60,Padrão,Bienal,Pix,61,75.01,2,0,6,29.6,12,Não,1,2026-02-03
CUST-02174,2022-09-22,Sudeste,45,Básico,Mensal,Pix,45,56.66,1,1,7,53.3,37,Sim,1,2026-05-26
CUST-02175,2025-04-26,Sudeste,63,Padrão,Mensal,Boleto,14,111.36,3,0,7,37.5,5,Sim,1,2026-04-03
CUST-02176,2025-07-26,Sul,50,Padrão,Anual,Cartão,11,74.3,2,3,9,30.6,5,Sim,0,
CUST-02177,2025-08-30,Sudeste,18,Premium,Mensal,Cartão,10,143.86,0,1,6,34.3,5,Sim,1,2026-03-26
CUST-02178,2024-03-07,Nordeste,70,Básico,Mensal,Débito automático,28,41.55,1,1,6,52.6,3,Não,0,
CUST-02179,2025-03-20,Sudeste,32,Padrão,Anual,Cartão,15,124.22,3,0,8,23.4,19,Não,0,
CUST-02180,2025-04-02,Norte,57,Padrão,Mensal,Boleto,15,127.25,1,1,6,28.3,6,Não,0,
CUST-02181,2025-08-10,Nordeste,39,Básico,Bienal,Cartão,10,48.72,2,1,4,24.4,4,Sim,0,
CUST-02182,2024-06-08,Norte,52,Padrão,Mensal,Pix,25,107.11,0,1,9,28.6,17,Não,1,2026-06-19
CUST-02183,2025-09-27,Centro-Oeste,31,Padrão,Mensal,Cartão,9,103.31,1,0,5,33.3,2,Não,0,
CUST-02184,2023-06-19,Sudeste,47,Padrão,Bienal,Pix,36,95.07,2,0,8,52.4,4,Não,0,
CUST-02185,2022-03-29,Sul,36,Premium,Mensal,Boleto,51,136.23,2,0,8,44.5,18,Sim,0,
CUST-02186,2024-01-20,Sudeste,58,Básico,Mensal,Débito automático,29,91.3,1,0,10,32.9,13,Não,0,
CUST-02187,2022-09-23,Nordeste,44,Básico,Mensal,Cartão,45,39.0,0,0,10,32.3,9,Não,0,
CUST-02188,2024-08-21,Sul,50,Básico,Mensal,Cartão,22,61.97,2,1,10,41.1,21,Não,1,2026-01-05
CUST-02189,2025-05-17,Sudeste,18,Básico,Mensal,Boleto,13,49.93,3,1,6,27.5,20,Sim,1,2026-01-18
CUST-02190,2024-11-14,Centro-Oeste,38,Padrão,Mensal,Cartão,19,113.11,1,0,7,23.0,1,Sim,0,
CUST-02191,2025-11-16,Sudeste,44,Premium,Mensal,Cartão,7,170.84,1,2,8,41.3,22,Não,0,
CUST-02192,2025-02-18,Sul,42,Padrão,Mensal,Pix,16,85.3,2,0,7,23.4,6,Não,1,2026-03-04
CUST-02193,2024-09-23,Nordeste,51,Padrão,Anual,Boleto,21,87.94,2,0,8,20.5,3,Não,1,2026-03-09
CUST-02194,2024-06-14,Sudeste,35,Básico,Bienal,Cartão,24,39.0,0,1,10,85.0,1,Sim,0,
CUST-02195,2022-09-01,Sul,40,Básico,Mensal,Cartão,46,61.73,2,1,8,10.8,14,Sim,0,
CUST-02196,2021-10-17,Nordeste,53,Premium,Bienal,Débito automático,57,168.95,0,0,9,9.5,7,Sim,1,2026-06-13
CUST-02197,2024-02-26,Sudeste,18,Padrão,Anual,Débito automático,28,92.82,2,0,5,31.7,6,Sim,0,
CUST-02198,2025-07-16,Sul,46,Básico,Bienal,Boleto,11,55.57,0,2,8,43.2,14,Sim,0,
CUST-02199,2025-07-27,Sudeste,35,Premium,Anual,Boleto,11,185.71,1,0,4,30.1,33,Sim,0,
CUST-02200,2025-02-11,Nordeste,28,Padrão,Mensal,Débito automático,16,112.11,3,1,10,27.6,7,Sim,0,
CUST-02201,2025-05-04,Sudeste,43,Básico,Mensal,Boleto,14,77.87,1,3,7,73.3,2,Sim,0,
CUST-02202,2024-03-11,Norte,54,Padrão,Bienal,Boleto,28,67.61,2,0,4,24.3,6,Sim,0,
CUST-02203,2025-07-19,Centro-Oeste,51,Padrão,Mensal,Pix,11,106.66,3,0,7,33.5,16,Sim,1,2026-04-30
CUST-02204,2021-10-20,Sudeste,37,Básico,Bienal,Cartão,57,62.52,1,1,8,28.8,21,Sim,0,
CUST-02205,2023-01-05,Sudeste,50,Premium,Anual,Boleto,42,141.47,1,0,5,36.0,26,Sim,0,
CUST-02206,2022-07-27,Sul,49,Padrão,Mensal,Boleto,47,84.39,1,1,5,29.3,12,Não,1,2026-01-10
CUST-02207,2025-03-15,Nordeste,38,Padrão,Mensal,Cartão,15,95.94,1,1,6,40.2,2,Sim,0,
CUST-02208,2025-08-04,Sul,31,Premium,Bienal,Boleto,11,140.21,1,0,9,33.7,13,Não,0,
CUST-02209,2025-03-14,Sudeste,31,Padrão,Mensal,Boleto,15,87.82,2,0,3,27.0,7,Sim,0,
CUST-02210,2024-04-17,Sudeste,49,Padrão,Anual,Cartão,26,92.54,2,0,8,16.6,3,Sim,0,
CUST-02211,2024-06-30,Norte,38,Básico,Bienal,Boleto,24,67.03,0,0,7,6.2,7,Não,0,
CUST-02212,2022-01-05,Sul,26,Básico,Mensal,Cartão,54,49.1,1,0,10,42.2,13,Não,0,
CUST-02213,2021-07-26,Centro-Oeste,19,Padrão,Mensal,Boleto,60,92.74,1,2,8,20.7,6,Não,0,
CUST-02214,2024-03-25,Sul,49,Básico,Mensal,Débito automático,27,73.34,0,1,10,33.7,0,Não,0,
CUST-02215,2025-10-31,Centro-Oeste,32,Padrão,Anual,Débito automático,8,74.3,1,0,8,16.6,5,Não,0,
CUST-02216,2024-10-22,Sudeste,43,Básico,Mensal,Débito automático,20,62.18,5,1,5,48.5,21,Sim,1,2026-01-03
CUST-02217,2020-07-26,Sudeste,54,Básico,Mensal,Boleto,72,64.45,3,1,8,47.5,3,Não,1,2026-04-13
CUST-02218,2025-10-10,Centro-Oeste,23,Padrão,Mensal,Pix,8,104.84,3,2,8,21.6,6,Não,1,2026-05-16
CUST-02219,2024-02-04,Norte,38,Básico,Mensal,Boleto,29,51.98,0,1,6,44.4,0,Sim,0,
CUST-02220,2025-04-16,Sudeste,37,Padrão,Mensal,Cartão,14,84.09,0,1,6,48.3,8,Sim,0,
CUST-02221,2020-07-19,Sudeste,44,Padrão,Mensal,Pix,72,120.27,2,0,2,59.7,4,Não,0,
CUST-02222,2023-12-06,Sul,54,Básico,Anual,Pix,31,47.01,4,0,9,17.3,26,Não,0,
CUST-02223,2025-04-06,Sudeste,23,Básico,Mensal,Pix,15,43.36,2,1,7,27.4,8,Sim,0,
CUST-02224,2024-12-14,Sudeste,46,Padrão,Anual,Pix,18,99.28,3,0,6,31.7,0,Sim,0,
CUST-02225,2026-01-10,Centro-Oeste,51,Básico,Bienal,Pix,5,48.65,3,1,5,28.6,1,Sim,0,
CUST-02226,2024-01-22,Sudeste,37,Padrão,Anual,Cartão,29,113.71,4,1,6,64.6,16,Não,0,
CUST-02227,2024-02-11,Nordeste,37,Padrão,Anual,Cartão,29,95.29,1,0,8,40.7,16,Sim,0,
CUST-02228,2025-10-08,Sudeste,44,Padrão,Mensal,Pix,8,115.53,2,2,8,20.2,9,Sim,0,
CUST-02229,2023-06-27,Sudeste,43,Padrão,Mensal,Cartão,36,105.28,3,1,7,73.2,0,Não,0,
CUST-02230,2021-07-01,Nordeste,46,Premium,Mensal,Débito automático,60,153.57,0,0,5,42.9,10,Sim,1,2026-05-27
CUST-02231,2025-08-13,Sudeste,46,Básico,Mensal,Cartão,10,74.6,3,1,7,27.9,8,Sim,1,2026-02-21
CUST-02232,2023-08-06,Nordeste,27,Premium,Anual,Boleto,35,149.89,2,0,5,13.5,4,Não,0,
CUST-02233,2023-07-02,Sudeste,51,Padrão,Mensal,Cartão,36,94.52,1,0,7,29.5,29,Não,1,2026-02-07
CUST-02234,2024-03-26,Norte,53,Padrão,Mensal,Débito automático,27,106.41,1,2,9,58.0,17,Sim,1,2026-02-13
CUST-02235,2024-03-11,Nordeste,41,Básico,Anual,Boleto,28,62.17,2,1,6,33.1,0,Não,0,
CUST-02236,2025-01-14,Centro-Oeste,21,Básico,Mensal,Débito automático,17,49.57,1,1,10,28.6,6,Sim,0,
CUST-02237,2026-01-17,Sudeste,38,Premium,Mensal,Débito automático,5,137.49,1,5,6,40.7,4,Não,1,2026-03-31
CUST-02238,2024-01-02,Sudeste,41,Básico,Mensal,Boleto,30,58.74,1,1,4,30.6,8,Sim,0,
CUST-02239,2023-02-02,Sudeste,25,Premium,Mensal,Cartão,41,148.82,1,1,7,45.7,0,Sim,0,
CUST-02240,2025-06-06,Sul,35,Padrão,Mensal,Pix,12,99.42,4,0,6,49.7,6,Sim,0,
CUST-02241,2025-03-25,Sudeste,22,Padrão,Mensal,Cartão,15,93.11,2,0,10,21.4,4,Sim,1,2026-03-30
CUST-02242,2025-05-18,Sudeste,46,Padrão,Mensal,Débito automático,13,88.95,0,0,6,54.2,13,Sim,0,
CUST-02243,2023-11-04,Sudeste,41,Básico,Anual,Débito automático,32,55.25,1,2,4,21.4,12,Não,0,
CUST-02244,2024-01-16,Sudeste,19,Padrão,Bienal,Cartão,29,97.97,1,0,7,9.8,16,Sim,0,
CUST-02245,2025-06-12,Sudeste,43,Premium,Anual,Boleto,12,168.73,1,0,7,35.7,6,Não,0,
CUST-02246,2024-07-21,Sudeste,38,Básico,Mensal,Cartão,23,64.92,1,0,5,66.0,17,Sim,1,2026-04-09
CUST-02247,2024-06-12,Sudeste,45,Premium,Anual,Boleto,24,188.32,3,1,8,34.8,6,Sim,0,
CUST-02248,2023-12-12,Nordeste,34,Premium,Anual,Pix,31,160.98,1,0,8,13.7,2,Sim,0,
CUST-02249,2024-12-31,Sudeste,29,Básico,Bienal,Pix,18,49.58,0,3,7,36.9,1,Não,0,
CUST-02250,2022-05-30,Sudeste,30,Padrão,Mensal,Débito automático,49,96.67,2,1,7,46.6,2,Sim,0,
CUST-02251,2023-12-13,Sul,33,Básico,Mensal,Cartão,31,66.96,4,0,6,47.1,10,Não,0,
CUST-02252,2022-07-14,Nordeste,39,Padrão,Mensal,Boleto,48,113.05,3,0,6,53.6,4,Sim,0,
CUST-02253,2024-01-11,Sudeste,41,Premium,Anual,Boleto,30,177.78,1,0,4,36.3,4,Sim,1,2026-04-25
CUST-02254,2023-10-21,Sul,37,Premium,Mensal,Cartão,32,144.76,3,2,10,49.9,2,Sim,1,2026-02-16
CUST-02255,2025-11-30,Norte,34,Premium,Bienal,Pix,7,176.93,3,0,10,20.2,0,Sim,0,
CUST-02256,2024-02-04,Sul,35,Básico,Mensal,Cartão,29,58.36,1,0,5,45.3,17,Não,0,
CUST-02257,2024-08-04,Centro-Oeste,69,Padrão,Anual,Pix,23,86.02,1,1,6,26.9,16,Não,0,
CUST-02258,2022-04-19,Nordeste,30,Básico,Mensal,Débito automático,51,56.15,4,0,5,59.6,0,Não,0,
CUST-02259,2022-08-18,Sudeste,32,Premium,Mensal,Cartão,47,175.95,4,1,9,35.9,18,Sim,0,
CUST-02260,2021-12-03,Sudeste,75,Básico,Mensal,Cartão,55,65.4,2,0,5,9.5,10,Sim,0,
CUST-02261,2025-03-14,Nordeste,44,Básico,Anual,Pix,15,42.03,0,1,9,28.3,6,Não,0,
CUST-02262,2024-06-28,Norte,22,Básico,Mensal,Cartão,24,42.14,3,0,8,50.2,10,Não,0,
CUST-02263,2021-09-07,Sul,49,Básico,Mensal,Cartão,58,41.75,1,0,7,34.5,14,Sim,0,
CUST-02264,2025-04-06,Sudeste,28,Básico,Anual,Boleto,15,48.76,0,0,10,13.4,10,Sim,0,
CUST-02265,2022-04-15,Sul,50,Básico,Bienal,Pix,51,60.08,2,2,6,19.2,3,Sim,0,
CUST-02266,2022-06-24,Sudeste,36,Premium,Anual,Débito automático,48,143.23,0,0,7,78.8,0,Não,0,
CUST-02267,2024-06-19,Nordeste,34,Padrão,Anual,Pix,24,93.0,1,0,5,39.9,8,Sim,0,
CUST-02268,2020-12-12,Sul,58,Básico,Mensal,Pix,67,78.63,2,1,2,36.7,11,Sim,1,2026-05-20
CUST-02269,2022-05-25,Nordeste,46,Padrão,Bienal,Pix,49,121.65,1,0,9,30.6,4,Sim,0,
CUST-02270,2025-09-16,Centro-Oeste,51,Padrão,Mensal,Cartão,9,120.71,0,0,6,39.5,6,Não,0,
CUST-02271,2021-05-30,Nordeste,44,Padrão,Bienal,Pix,61,73.87,4,2,10,42.0,6,Não,0,
CUST-02272,2024-06-29,Nordeste,34,Básico,Anual,Boleto,24,82.43,4,0,6,15.5,3,Sim,0,
CUST-02273,2023-10-24,Nordeste,46,Padrão,Mensal,Débito automático,32,100.28,6,1,7,28.1,5,Não,0,
CUST-02274,2023-11-03,Centro-Oeste,54,Padrão,Mensal,Cartão,32,100.09,2,0,8,22.4,12,Sim,0,
CUST-02275,2023-06-12,Centro-Oeste,41,Básico,Anual,Pix,37,73.4,2,0,6,16.2,9,Sim,0,
CUST-02276,2021-08-21,Sudeste,61,Padrão,Anual,Boleto,59,108.85,2,0,4,10.6,2,Sim,1,2026-01-13
CUST-02277,2023-12-10,Sul,49,Padrão,Anual,Cartão,31,72.84,1,0,5,82.4,13,Não,0,
CUST-02278,2024-08-07,Sudeste,42,Padrão,Bienal,Boleto,23,90.43,3,1,5,100.7,19,Não,0,
CUST-02279,2025-06-21,Centro-Oeste,42,Básico,Mensal,Cartão,12,53.88,2,0,7,81.5,1,Não,0,
CUST-02280,2024-12-22,Nordeste,41,Padrão,Mensal,Débito automático,18,80.38,2,1,9,50.2,3,Não,0,
CUST-02281,2022-07-28,Sudeste,24,Padrão,Mensal,Pix,47,112.96,2,1,6,38.0,2,Sim,0,
CUST-02282,2022-01-03,Sudeste,38,Básico,Mensal,Cartão,54,79.15,1,0,7,25.9,6,Não,0,
CUST-02283,2024-12-04,Sudeste,42,Básico,Anual,Boleto,19,58.85,3,0,8,28.4,11,Não,0,
CUST-02284,2023-01-01,Nordeste,34,Básico,Bienal,Cartão,42,63.18,1,1,5,17.1,4,Não,0,
CUST-02285,2025-01-18,Sudeste,43,Básico,Mensal,Boleto,17,58.84,0,1,8,31.8,12,Sim,0,
CUST-02286,2025-12-03,Sudeste,39,Básico,Anual,Boleto,6,60.39,1,0,9,12.8,7,Não,0,
CUST-02287,2025-10-31,Centro-Oeste,48,Básico,Anual,Pix,8,74.65,0,1,8,35.9,5,Sim,0,
CUST-02288,2022-05-01,Nordeste,47,Padrão,Mensal,Cartão,50,74.28,3,0,7,17.7,4,Sim,0,
CUST-02289,2025-12-19,Sudeste,41,Padrão,Anual,Pix,6,105.81,2,1,5,51.9,11,Sim,1,2026-04-21
CUST-02290,2023-03-23,Sudeste,23,Padrão,Anual,Pix,39,99.17,2,1,7,27.1,2,Sim,0,
CUST-02291,2024-01-02,Norte,60,Padrão,Mensal,Boleto,30,89.01,1,1,6,58.5,3,Não,0,
CUST-02292,2022-03-23,Nordeste,37,Padrão,Mensal,Boleto,52,91.95,0,0,6,58.8,7,Não,1,2026-02-27
CUST-02293,2024-02-22,Nordeste,38,Premium,Mensal,Pix,28,184.65,2,0,7,44.1,6,Não,1,2026-06-22
CUST-02294,2023-08-13,Sudeste,35,Padrão,Anual,Boleto,35,80.41,3,1,7,63.4,2,Sim,0,
CUST-02295,2024-01-28,Sudeste,33,Padrão,Mensal,Boleto,29,96.64,5,1,9,35.0,5,Sim,0,
CUST-02296,2023-11-10,Sudeste,58,Básico,Mensal,Boleto,32,81.81,1,1,6,56.7,3,Não,0,
CUST-02297,2024-06-08,Nordeste,56,Padrão,Bienal,Cartão,25,81.22,1,0,8,39.8,9,Sim,0,
CUST-02298,2023-07-27,Sudeste,44,Padrão,Anual,Pix,35,92.61,1,0,6,58.6,3,Não,0,
CUST-02299,2024-10-02,Sudeste,38,Padrão,Anual,Pix,21,99.59,0,0,5,37.4,2,Sim,0,
CUST-02300,2022-09-22,Nordeste,46,Padrão,Bienal,Boleto,45,104.78,3,1,8,55.4,4,Não,0,
CUST-02301,2024-03-14,Norte,40,Premium,Mensal,Boleto,27,157.88,3,1,8,53.6,1,Sim,0,
CUST-02302,2022-12-12,Nordeste,37,Premium,Mensal,Débito automático,43,146.46,1,1,6,37.1,2,Sim,0,
CUST-02303,2025-03-31,Sul,43,Padrão,Anual,Cartão,15,105.26,2,1,1,22.0,13,Sim,0,
CUST-02304,2024-11-11,Sul,34,Premium,Mensal,Boleto,19,157.59,1,1,9,55.7,2,Não,1,2026-02-11
CUST-02305,2025-10-26,Sul,42,Premium,Mensal,Débito automático,8,167.79,3,1,9,37.1,6,Sim,1,2026-05-11
CUST-02306,2023-11-07,Sudeste,41,Básico,Anual,Cartão,32,71.93,3,2,10,57.2,6,Sim,0,
CUST-02307,2023-12-05,Sul,46,Padrão,Mensal,Cartão,31,78.19,0,0,10,26.2,14,Sim,0,
CUST-02308,2025-01-16,Sul,32,Básico,Mensal,Cartão,17,73.46,2,0,7,12.9,4,Sim,1,2026-05-04
CUST-02309,2024-04-12,Sul,48,Básico,Mensal,Pix,26,55.44,0,0,6,11.4,8,Sim,0,
CUST-02310,2025-07-04,Centro-Oeste,28,Básico,Anual,Pix,12,70.55,2,0,3,21.7,14,Sim,0,
CUST-02311,2022-07-16,Norte,32,Padrão,Mensal,Cartão,48,105.91,3,0,7,56.6,10,Não,0,
CUST-02312,2022-08-11,Sudeste,33,Básico,Mensal,Pix,47,84.96,1,2,6,27.8,13,Sim,0,
CUST-02313,2024-05-23,Sudeste,26,Básico,Bienal,Boleto,25,59.09,1,2,5,43.3,12,Não,1,2026-05-22
CUST-02314,2024-08-24,Sudeste,51,Básico,Bienal,Débito automático,22,53.35,0,2,4,42.4,20,Sim,1,2026-03-10
CUST-02315,2025-11-04,Sudeste,27,Padrão,Mensal,Boleto,7,91.82,0,1,5,9.7,3,Não,0,
CUST-02316,2022-12-31,Sudeste,31,Premium,Mensal,Débito automático,42,144.48,0,0,4,44.9,21,Sim,1,2026-04-06
CUST-02317,2025-04-22,Sudeste,54,Premium,Anual,Pix,14,170.31,2,1,9,44.1,2,Sim,0,
CUST-02318,2022-11-09,Nordeste,32,Padrão,Mensal,Boleto,44,83.58,0,0,9,22.1,1,Sim,0,
CUST-02319,2025-10-24,Sul,37,Básico,Mensal,Pix,8,70.19,4,0,6,39.7,12,Sim,1,2026-05-31
CUST-02320,2025-06-22,Centro-Oeste,27,Premium,Mensal,Débito automático,12,155.87,2,0,10,63.3,3,Não,0,
CUST-02321,2025-08-31,Sudeste,49,Básico,Mensal,Débito automático,10,39.0,3,0,7,34.7,5,Não,0,
CUST-02322,2025-06-03,Sudeste,49,Premium,Mensal,Boleto,13,179.84,2,0,10,50.9,8,Não,0,
CUST-02323,2020-07-11,Sudeste,48,Padrão,Mensal,Pix,72,51.74,0,0,8,31.5,4,Sim,0,
CUST-02324,2024-07-29,Sudeste,45,Padrão,Anual,Cartão,23,97.86,1,1,8,80.6,7,Sim,0,
CUST-02325,2023-05-16,Sudeste,40,Básico,Mensal,Cartão,38,62.28,0,2,8,20.2,7,Sim,1,2026-02-08
CUST-02326,2025-07-25,Norte,33,Básico,Mensal,Cartão,11,39.0,1,0,6,37.4,1,Sim,0,
CUST-02327,2025-03-10,Sudeste,29,Padrão,Mensal,Cartão,15,105.18,2,1,4,14.7,2,Sim,0,
CUST-02328,2020-07-31,Sudeste,54,Padrão,Anual,Pix,72,89.62,0,1,8,42.0,23,Não,1,2026-03-05
CUST-02329,2024-07-13,Sul,48,Premium,Mensal,Cartão,23,155.52,1,0,7,11.2,11,Sim,1,2026-02-20
CUST-02330,2024-02-25,Sul,31,Padrão,Mensal,Débito automático,28,117.8,1,0,10,32.7,11,Sim,0,
CUST-02331,2023-09-13,Sul,39,Padrão,Anual,Boleto,34,101.0,3,1,9,68.5,4,Sim,0,
CUST-02332,2020-12-30,Sudeste,35,Básico,Anual,Débito automático,66,54.09,4,0,5,50.7,1,Sim,0,
CUST-02333,2026-03-11,Nordeste,25,Padrão,Anual,Pix,3,96.61,4,0,7,16.2,7,Não,0,
CUST-02334,2022-05-06,Sudeste,41,Básico,Mensal,Cartão,50,83.87,3,1,6,60.3,7,Sim,0,
CUST-02335,2021-11-09,Sudeste,34,Padrão,Mensal,Cartão,56,104.66,0,3,7,32.3,12,Sim,0,
CUST-02336,2023-07-15,Nordeste,28,Padrão,Mensal,Débito automático,36,86.63,1,1,4,30.3,7,Não,1,2026-06-13
CUST-02337,2024-09-15,Centro-Oeste,21,Padrão,Mensal,Cartão,21,92.16,0,0,9,29.0,15,Não,0,
CUST-02338,2023-12-11,Sudeste,20,Padrão,Mensal,Boleto,31,82.34,2,1,6,27.8,1,Sim,0,
CUST-02339,2025-07-21,Sul,35,Básico,Mensal,Cartão,11,52.68,1,2,8,19.5,2,Sim,1,2026-01-23
CUST-02340,2026-01-08,Sudeste,38,Premium,Mensal,Pix,5,181.51,3,0,6,27.1,7,Sim,1,2026-01-31
CUST-02341,2024-03-08,Sudeste,28,Padrão,Bienal,Cartão,28,96.67,3,1,6,31.8,11,Sim,0,
CUST-02342,2026-04-13,Sudeste,47,Padrão,Mensal,Pix,2,80.28,6,1,8,10.3,4,Sim,1,2026-05-01
CUST-02343,2025-01-31,Nordeste,38,Padrão,Mensal,Cartão,17,105.03,5,0,3,23.4,1,Sim,0,
CUST-02344,2025-06-17,Sudeste,46,Premium,Bienal,Débito automático,12,153.5,2,1,9,46.9,8,Não,0,
CUST-02345,2024-09-13,Nordeste,37,Básico,Anual,Cartão,21,66.86,1,2,10,31.7,11,Não,1,2026-06-18
CUST-02346,2024-08-14,Sudeste,30,Padrão,Anual,Cartão,22,95.61,1,0,10,50.8,16,Sim,0,
CUST-02347,2025-09-12,Centro-Oeste,40,Padrão,Anual,Cartão,9,119.23,1,1,6,13.7,1,Não,0,
CUST-02348,2023-08-11,Centro-Oeste,24,Básico,Mensal,Débito automático,35,46.25,1,0,8,13.4,13,Sim,0,
CUST-02349,2022-01-05,Sudeste,45,Padrão,Anual,Boleto,54,82.69,0,1,6,38.1,3,Não,0,
CUST-02350,2025-07-06,Sudeste,28,Básico,Mensal,Boleto,11,72.13,1,0,4,21.6,14,Não,0,
CUST-02351,2025-08-09,Sudeste,50,Básico,Bienal,Pix,10,39.0,5,1,7,22.8,31,Não,0,
CUST-02352,2024-06-22,Centro-Oeste,35,Básico,Mensal,Débito automático,24,56.59,1,0,4,27.0,6,Não,1,2026-02-26
CUST-02353,2026-01-09,Sudeste,52,Premium,Anual,Cartão,5,170.21,4,1,8,23.6,3,Não,1,2026-01-31
CUST-02354,2024-06-11,Sul,26,Padrão,Mensal,Boleto,24,68.28,1,1,9,28.5,6,Sim,0,
CUST-02355,2022-04-24,Sudeste,31,Básico,Mensal,Boleto,50,59.91,3,0,10,41.2,10,Sim,0,
CUST-02356,2025-08-17,Nordeste,44,Básico,Mensal,Cartão,10,39.0,1,0,8,99.1,1,Não,0,
CUST-02357,2021-04-17,Sul,53,Básico,Anual,Cartão,63,39.0,2,1,6,23.8,6,Sim,1,2026-05-08
CUST-02358,2024-12-13,Sul,59,Básico,Mensal,Pix,18,44.08,2,2,7,56.8,4,Sim,0,
CUST-02359,2024-10-25,Norte,39,Padrão,Bienal,Cartão,20,96.43,0,1,7,8.5,2,Não,0,
CUST-02360,2025-02-19,Sudeste,61,Básico,Mensal,Cartão,16,49.12,3,0,10,30.3,7,Não,0,
CUST-02361,2023-02-16,Centro-Oeste,36,Básico,Anual,Pix,41,74.5,0,0,10,34.6,16,Sim,0,
CUST-02362,2024-04-04,Sudeste,52,Básico,Anual,Cartão,27,60.15,2,0,7,23.4,3,Sim,0,
CUST-02363,2024-12-06,Sul,28,Padrão,Mensal,Boleto,19,92.15,0,1,9,28.9,9,Sim,0,
CUST-02364,2025-04-09,Centro-Oeste,44,Padrão,Anual,Pix,14,80.66,2,0,6,32.4,10,Não,0,
CUST-02365,2023-12-22,Nordeste,18,Padrão,Anual,Boleto,30,102.14,4,3,8,19.5,8,Sim,1,2026-04-15
CUST-02366,2021-11-09,Nordeste,26,Padrão,Anual,Pix,56,127.82,5,0,6,39.3,4,Não,1,2026-04-26
CUST-02367,2024-10-23,Sudeste,45,Premium,Mensal,Pix,20,149.16,2,0,8,37.3,2,Sim,0,
CUST-02368,2024-05-02,Sudeste,23,Padrão,Anual,Pix,26,90.8,2,0,5,31.0,15,Sim,0,
CUST-02369,2025-11-12,Sudeste,44,Premium,Mensal,Débito automático,7,144.15,3,1,4,29.9,3,Sim,1,2026-04-21
CUST-02370,2024-04-15,Sul,50,Padrão,Mensal,Pix,26,115.58,1,0,4,47.2,12,Não,0,
CUST-02371,2020-07-08,Sul,33,Básico,Mensal,Boleto,72,71.98,1,0,8,44.2,5,Sim,0,
CUST-02372,2025-09-20,Sudeste,27,Padrão,Anual,Boleto,9,92.75,1,2,5,23.8,5,Sim,0,
CUST-02373,2023-11-21,Sudeste,33,Padrão,Bienal,Boleto,31,90.61,1,1,6,57.5,9,Sim,0,
CUST-02374,2025-01-27,Sudeste,27,Padrão,Mensal,Cartão,17,85.79,5,0,9,37.9,2,Sim,0,
CUST-02375,2025-11-25,Sudeste,38,Básico,Mensal,Cartão,7,54.95,3,1,9,29.2,6,Não,0,
CUST-02376,2024-12-14,Sudeste,40,Padrão,Mensal,Pix,18,113.28,2,0,5,57.8,3,Sim,0,
CUST-02377,2020-07-13,Centro-Oeste,35,Premium,Mensal,Boleto,72,159.58,0,0,2,12.7,14,Sim,0,
CUST-02378,2023-12-03,Sul,59,Básico,Anual,Boleto,31,77.03,4,1,5,23.1,21,Sim,0,
CUST-02379,2024-02-08,Sudeste,30,Básico,Anual,Boleto,29,48.92,1,1,8,59.3,13,Sim,0,
CUST-02380,2025-08-24,Nordeste,56,Básico,Anual,Cartão,10,39.0,2,1,9,38.7,20,Sim,0,
CUST-02381,2022-08-13,Centro-Oeste,27,Padrão,Anual,Boleto,47,135.47,1,1,5,41.3,1,Sim,0,
CUST-02382,2021-07-30,Sudeste,40,Premium,Mensal,Pix,59,162.0,2,0,3,31.9,5,Não,1,2026-04-30
CUST-02383,2021-10-04,Sudeste,53,Padrão,Mensal,Débito automático,57,109.9,1,1,5,21.3,7,Sim,0,
CUST-02384,2022-09-27,Sudeste,53,Premium,Mensal,Boleto,45,147.97,2,1,6,31.2,2,Não,1,2026-04-26
CUST-02385,2025-05-12,Sudeste,34,Padrão,Bienal,Pix,13,79.92,1,0,10,45.7,11,Sim,0,
CUST-02386,2025-08-28,Nordeste,46,Padrão,Anual,Boleto,10,101.17,1,1,7,31.5,14,Sim,0,
CUST-02387,2026-02-26,Norte,44,Básico,Mensal,Pix,4,39.0,2,0,8,45.6,10,Não,0,
CUST-02388,2025-08-02,Sudeste,33,Básico,Mensal,Cartão,11,55.26,4,1,9,39.6,3,Sim,0,
CUST-02389,2024-01-02,Nordeste,46,Padrão,Mensal,Pix,30,113.31,0,0,6,22.6,2,Sim,0,
CUST-02390,2025-07-23,Sudeste,61,Básico,Bienal,Cartão,11,65.28,1,0,7,39.6,15,Sim,0,
CUST-02391,2022-06-11,Sul,45,Básico,Mensal,Cartão,49,62.57,1,0,8,48.8,4,Sim,0,
CUST-02392,2022-02-07,Nordeste,46,Premium,Mensal,Boleto,53,183.41,0,0,8,19.1,19,Sim,0,
CUST-02393,2022-04-14,Sudeste,47,Padrão,Mensal,Pix,51,104.25,0,0,7,27.6,2,Sim,0,
CUST-02394,2025-12-26,Sudeste,21,Básico,Anual,Boleto,6,39.0,2,0,9,29.9,16,Não,1,2026-04-20
CUST-02395,2024-02-01,Sul,45,Padrão,Anual,Pix,29,96.91,3,2,9,36.9,3,Sim,0,
CUST-02396,2024-03-13,Norte,27,Padrão,Mensal,Boleto,27,125.95,3,1,7,70.9,3,Não,0,
CUST-02397,2022-04-15,Sudeste,32,Premium,Anual,Boleto,51,154.67,1,1,9,21.8,1,Não,0,
CUST-02398,2025-11-24,Sudeste,65,Padrão,Mensal,Boleto,7,125.1,0,1,8,29.3,2,Não,1,2026-03-16
CUST-02399,2024-05-05,Sudeste,36,Básico,Anual,Pix,26,73.33,8,0,10,22.7,10,Não,0,
CUST-02400,2025-11-28,Sul,30,Básico,Mensal,Débito automático,7,53.28,3,1,9,12.7,11,Sim,0,
CUST-02401,2022-09-08,Sul,53,Básico,Anual,Pix,46,43.87,1,2,8,43.5,60,Não,1,2026-04-09
CUST-02402,2026-04-28,Nordeste,28,Padrão,Mensal,Boleto,2,103.76,1,0,6,69.2,11,Não,0,
CUST-02403,2020-07-12,Nordeste,34,Padrão,Anual,Pix,72,116.79,2,1,5,45.6,13,Sim,1,2026-05-06
CUST-02404,2023-08-12,Centro-Oeste,54,Padrão,Mensal,Cartão,35,76.9,2,1,8,20.2,3,Sim,0,
CUST-02405,2024-06-15,Nordeste,40,Padrão,Mensal,Boleto,24,100.69,1,0,4,20.2,3,Sim,0,
CUST-02406,2025-03-28,Sudeste,20,Básico,Mensal,Pix,15,39.0,1,2,10,28.9,6,Sim,0,
CUST-02407,2022-03-13,Sul,46,Básico,Mensal,Cartão,52,54.25,2,1,3,23.7,6,Sim,0,
CUST-02408,2025-11-27,Sudeste,34,Básico,Anual,Pix,7,39.0,1,0,5,21.3,8,Sim,0,
CUST-02409,2026-04-16,Sudeste,57,Padrão,Mensal,Cartão,2,106.87,2,2,9,50.6,1,Não,0,
CUST-02410,2023-08-26,Norte,32,Padrão,Mensal,Débito automático,34,89.35,0,0,7,52.0,20,Sim,0,
CUST-02411,2024-08-03,Nordeste,52,Premium,Anual,Boleto,23,175.21,3,0,7,27.2,17,Sim,0,
CUST-02412,2023-12-24,Norte,60,Básico,Mensal,Cartão,30,51.43,1,0,6,51.6,1,Não,0,
CUST-02413,2024-03-16,Sudeste,29,Padrão,Anual,Boleto,27,90.16,1,0,7,51.4,4,Sim,1,2026-01-25
CUST-02414,2023-06-13,Sul,37,Básico,Mensal,Pix,37,39.0,2,1,9,19.4,11,Não,0,
CUST-02415,2024-06-19,Sul,44,Padrão,Bienal,Boleto,24,104.47,0,1,5,31.7,14,Não,0,
CUST-02416,2024-12-13,Sudeste,29,Básico,Anual,Pix,18,65.89,3,0,7,14.4,22,Não,0,
CUST-02417,2024-05-12,Sudeste,42,Padrão,Mensal,Cartão,25,112.16,0,0,7,22.1,5,Sim,0,
CUST-02418,2023-01-25,Sul,36,Básico,Mensal,Cartão,41,68.17,1,1,7,58.8,3,Sim,0,
CUST-02419,2022-12-01,Sudeste,36,Básico,Anual,Boleto,43,64.62,2,0,9,67.8,2,Sim,0,
CUST-02420,2023-12-01,Norte,40,Padrão,Anual,Boleto,31,107.34,3,0,8,39.7,1,Não,0,
CUST-02421,2026-03-03,Sudeste,40,Básico,Mensal,Boleto,3,68.76,4,0,7,51.7,18,Não,1,2026-04-23
CUST-02422,2024-02-01,Sudeste,41,Padrão,Mensal,Cartão,29,111.71,0,0,4,24.7,1,Sim,1,2026-06-11
CUST-02423,2025-12-07,Nordeste,32,Básico,Mensal,Boleto,6,39.0,1,3,10,24.3,18,Sim,0,
CUST-02424,2022-11-13,Sudeste,32,Premium,Anual,Pix,44,152.53,1,0,5,42.7,5,Sim,0,
CUST-02425,2023-02-10,Centro-Oeste,38,Básico,Anual,Boleto,41,39.0,0,1,10,29.3,10,Sim,0,
CUST-02426,2025-06-22,Nordeste,38,Padrão,Mensal,Cartão,12,103.65,1,0,5,10.4,9,Sim,0,
CUST-02427,2023-07-02,Sudeste,34,Premium,Mensal,Boleto,36,181.82,0,0,8,28.6,1,Sim,1,2026-04-27
CUST-02428,2024-04-28,Nordeste,43,Padrão,Anual,Débito automático,26,111.55,4,1,8,56.0,3,Não,0,
CUST-02429,2025-04-25,Nordeste,18,Básico,Bienal,Cartão,14,50.5,2,0,7,31.6,17,Não,0,
CUST-02430,2023-07-04,Nordeste,30,Padrão,Mensal,Boleto,36,106.08,2,0,8,52.6,6,Sim,1,2026-06-03
CUST-02431,2021-04-28,Nordeste,36,Básico,Mensal,Pix,62,63.89,2,0,7,12.4,29,Sim,1,2026-01-14
CUST-02432,2025-01-02,Nordeste,29,Padrão,Mensal,Cartão,18,102.26,1,0,10,33.0,3,Sim,0,
CUST-02433,2023-10-19,Sul,59,Padrão,Anual,Cartão,32,80.75,0,2,8,27.1,9,Não,0,
CUST-02434,2025-08-01,Sudeste,39,Padrão,Mensal,Boleto,11,117.41,2,0,7,16.1,2,Sim,1,2026-05-02
CUST-02435,2025-03-20,Nordeste,41,Premium,Mensal,Cartão,15,142.51,2,2,8,32.0,13,Sim,0,
CUST-02436,2024-05-16,Norte,33,Básico,Anual,Cartão,25,53.87,1,0,9,28.3,7,Não,0,
CUST-02437,2025-05-25,Sul,39,Básico,Mensal,Débito automático,13,72.43,4,1,8,63.3,10,Sim,0,
CUST-02438,2025-06-01,Nordeste,24,Padrão,Mensal,Pix,13,93.77,0,1,7,56.8,14,Não,0,
CUST-02439,2025-08-16,Sul,37,Padrão,Mensal,Boleto,10,100.11,0,0,4,29.4,7,Não,0,
CUST-02440,2022-01-27,Nordeste,28,Básico,Mensal,Pix,53,60.67,1,1,10,30.6,5,Sim,0,
CUST-02441,2023-01-15,Norte,36,Padrão,Mensal,Pix,42,99.92,1,0,8,23.2,6,Sim,0,
CUST-02442,2024-06-21,Sudeste,18,Padrão,Mensal,Boleto,24,100.61,3,1,6,17.9,12,Não,1,2026-01-10
CUST-02443,2022-10-20,Sudeste,25,Premium,Mensal,Cartão,44,161.99,0,0,8,35.7,13,Sim,0,
CUST-02444,2022-08-30,Sul,57,Padrão,Mensal,Cartão,46,100.05,1,1,10,11.4,6,Sim,0,
CUST-02445,2024-08-22,Sul,49,Básico,Bienal,Boleto,22,46.46,3,0,9,26.1,2,Não,0,
CUST-02446,2025-07-24,Sul,55,Básico,Bienal,Débito automático,11,39.0,0,3,10,17.5,15,Não,0,
CUST-02447,2023-10-26,Sudeste,56,Padrão,Mensal,Pix,32,112.97,0,0,9,40.6,10,Não,0,
CUST-02448,2022-01-18,Sudeste,47,Básico,Anual,Débito automático,54,73.61,1,0,3,48.3,2,Sim,0,
CUST-02449,2023-04-01,Sul,34,Básico,Mensal,Boleto,39,63.72,2,0,10,31.1,6,Sim,0,
CUST-02450,2021-07-14,Sul,27,Básico,Anual,Pix,60,63.61,3,0,3,28.1,6,Sim,0,
CUST-02451,2022-09-26,Nordeste,53,Padrão,Anual,Pix,45,86.19,2,1,10,50.6,7,Sim,0,
CUST-02452,2020-07-13,Nordeste,40,Premium,Anual,Cartão,72,124.86,2,1,9,23.4,5,Não,0,
CUST-02453,2023-10-03,Nordeste,69,Básico,Anual,Pix,33,55.52,1,0,10,49.6,14,Sim,0,
CUST-02454,2024-10-24,Nordeste,35,Básico,Mensal,Cartão,20,39.0,2,0,8,38.6,9,Sim,0,
CUST-02455,2023-02-10,Nordeste,63,Padrão,Mensal,Pix,41,101.58,2,1,8,32.0,5,Sim,1,2026-02-28
CUST-02456,2021-11-27,Sul,37,Básico,Mensal,Cartão,55,77.26,0,0,10,62.0,15,Não,0,
CUST-02457,2024-01-22,Sul,55,Premium,Mensal,Débito automático,29,150.37,2,1,5,50.0,6,Sim,1,2026-02-19
CUST-02458,2022-09-16,Sudeste,59,Padrão,Anual,Pix,46,91.18,1,0,7,15.7,14,Não,0,
CUST-02459,2024-12-24,Sudeste,27,Padrão,Mensal,Pix,18,84.92,1,1,7,26.5,16,Não,1,2026-01-12
CUST-02460,2022-09-28,Sul,33,Premium,Mensal,Pix,45,159.62,1,1,6,18.4,5,Sim,0,
CUST-02461,2020-07-16,Centro-Oeste,27,Padrão,Anual,Cartão,72,98.53,2,1,6,28.6,0,Não,0,
CUST-02462,2024-11-21,Nordeste,24,Básico,Anual,Pix,19,44.73,1,2,7,54.2,7,Não,1,2026-05-12
CUST-02463,2024-01-04,Sudeste,47,Padrão,Anual,Boleto,30,111.78,1,1,9,46.3,10,Sim,1,2026-02-12
CUST-02464,2023-04-30,Sul,37,Padrão,Mensal,Boleto,38,136.83,2,0,10,16.4,14,Não,0,
CUST-02465,2024-07-26,Sudeste,40,Padrão,Anual,Pix,23,115.66,0,1,7,24.0,1,Não,0,
CUST-02466,2024-12-02,Nordeste,46,Premium,Mensal,Boleto,19,157.45,5,2,6,27.1,13,Não,1,2026-03-20
CUST-02467,2024-03-26,Nordeste,18,Básico,Anual,Cartão,27,57.28,3,0,1,38.2,2,Não,0,
CUST-02468,2022-05-03,Sul,54,Padrão,Mensal,Boleto,50,91.81,1,0,10,40.3,29,Sim,0,
CUST-02469,2025-11-11,Sul,35,Básico,Mensal,Cartão,7,51.52,4,1,4,11.8,7,Não,0,
CUST-02470,2025-05-21,Sudeste,45,Básico,Bienal,Débito automático,13,72.41,1,1,8,56.0,18,Não,1,2026-02-01
CUST-02471,2024-07-28,Sul,46,Padrão,Mensal,Débito automático,23,113.02,0,1,8,27.9,24,Não,0,
CUST-02472,2022-07-22,Centro-Oeste,55,Padrão,Mensal,Boleto,47,82.63,0,2,9,52.1,17,Sim,0,
CUST-02473,2024-05-06,Nordeste,38,Padrão,Mensal,Cartão,26,104.13,1,1,5,16.0,21,Sim,0,
CUST-02474,2025-02-17,Sul,18,Básico,Bienal,Pix,16,74.56,2,0,8,13.7,15,Não,0,
CUST-02475,2021-03-12,Sudeste,40,Básico,Anual,Boleto,64,54.1,0,0,10,39.3,12,Sim,0,
CUST-02476,2023-12-28,Sudeste,41,Padrão,Mensal,Pix,30,96.04,3,0,8,25.3,10,Sim,0,
CUST-02477,2024-11-26,Sudeste,27,Padrão,Mensal,Pix,19,108.74,0,0,5,29.2,8,Sim,1,2026-05-14
CUST-02478,2023-06-11,Sudeste,41,Padrão,Mensal,Pix,37,109.14,0,2,4,28.3,21,Não,1,2026-01-28
CUST-02479,2023-07-10,Sudeste,35,Padrão,Anual,Cartão,36,105.01,1,1,10,37.8,7,Não,0,
CUST-02480,2024-01-08,Norte,23,Premium,Mensal,Pix,30,162.56,0,0,6,36.3,9,Sim,0,
CUST-02481,2025-04-06,Sul,47,Padrão,Mensal,Cartão,15,104.44,3,0,7,43.1,15,Sim,0,
CUST-02482,2022-09-06,Sudeste,32,Básico,Mensal,Boleto,46,55.11,1,1,10,59.8,18,Sim,0,
CUST-02483,2020-08-21,Sudeste,34,Padrão,Bienal,Pix,71,83.35,1,0,9,79.0,5,Não,1,2026-05-06
CUST-02484,2023-08-25,Sudeste,33,Padrão,Mensal,Cartão,34,77.21,1,1,10,52.6,13,Sim,0,
CUST-02485,2025-10-12,Nordeste,54,Premium,Mensal,Cartão,8,167.34,3,0,10,47.2,12,Sim,1,2026-01-08
CUST-02486,2020-07-28,Sudeste,39,Padrão,Bienal,Débito automático,72,100.51,3,0,4,32.1,2,Não,1,2026-06-22
CUST-02487,2023-05-29,Nordeste,40,Padrão,Mensal,Pix,37,105.38,6,0,10,7.3,12,Não,0,
CUST-02488,2025-06-09,Nordeste,34,Padrão,Mensal,Boleto,12,87.4,0,0,10,24.7,21,Sim,0,
CUST-02489,2022-09-22,Sudeste,45,Padrão,Mensal,Boleto,45,100.44,2,0,6,39.8,2,Sim,0,
CUST-02490,2021-12-28,Sul,55,Premium,Mensal,Boleto,54,160.1,1,2,9,12.1,4,Sim,0,
CUST-02491,2024-03-25,Norte,47,Premium,Mensal,Pix,27,176.91,2,0,9,42.0,7,Sim,0,
CUST-02492,2026-01-01,Sudeste,47,Básico,Mensal,Boleto,6,70.92,1,2,6,14.5,1,Sim,1,2026-03-19
CUST-02493,2023-11-24,Sudeste,46,Básico,Mensal,Cartão,31,48.64,4,1,9,23.5,12,Não,1,2026-05-17
CUST-02494,2025-06-12,Centro-Oeste,22,Padrão,Mensal,Pix,12,106.06,0,0,6,27.8,3,Sim,1,2026-03-10
CUST-02495,2023-04-27,Centro-Oeste,28,Padrão,Anual,Cartão,38,88.54,0,0,10,20.3,2,Não,0,
CUST-02496,2025-02-08,Sul,37,Premium,Mensal,Débito automático,16,122.42,1,0,7,23.7,13,Não,0,
CUST-02497,2023-08-03,Sul,30,Básico,Anual,Pix,35,83.16,1,1,8,41.3,7,Sim,0,
CUST-02498,2024-10-20,Sudeste,26,Premium,Mensal,Cartão,20,153.75,1,0,4,44.4,3,Não,0,
CUST-02499,2023-10-31,Nordeste,18,Padrão,Mensal,Boleto,32,113.55,3,2,8,45.1,4,Sim,0,
CUST-02500,2022-08-30,Sul,23,Básico,Mensal,Cartão,46,49.74,1,0,10,44.0,18,Sim,0,
CUST-02501,2022-09-05,Sudeste,36,Básico,Mensal,Pix,46,47.7,3,1,5,51.7,8,Sim,0,
CUST-02502,2025-05-01,Nordeste,38,Padrão,Anual,Débito automático,14,91.35,1,1,6,50.6,9,Não,1,2026-04-17
CUST-02503,2024-10-02,Norte,29,Básico,Mensal,Boleto,21,62.54,3,0,6,55.3,2,Não,1,2026-01-23
CUST-02504,2024-08-24,Nordeste,40,Padrão,Anual,Boleto,22,101.47,0,1,5,40.3,6,Sim,0,
CUST-02505,2023-12-13,Sudeste,34,Padrão,Bienal,Pix,31,105.97,1,2,4,52.9,12,Não,0,
CUST-02506,2021-11-10,Sudeste,52,Padrão,Mensal,Pix,56,92.05,0,1,9,66.7,2,Sim,0,
CUST-02507,2024-07-07,Norte,37,Básico,Bienal,Cartão,24,59.57,1,0,4,18.4,2,Não,0,
CUST-02508,2023-07-07,Norte,47,Premium,Mensal,Pix,36,147.2,0,0,3,44.6,3,Sim,1,2026-06-05
CUST-02509,2024-08-08,Sul,41,Padrão,Mensal,Pix,23,119.57,1,0,6,15.7,14,Sim,0,
CUST-02510,2025-02-21,Nordeste,22,Padrão,Mensal,Cartão,16,80.6,1,0,7,37.9,2,Sim,0,
CUST-02511,2025-10-07,Sul,38,Padrão,Anual,Cartão,8,87.49,2,1,8,22.5,7,Sim,0,
CUST-02512,2024-12-07,Sudeste,24,Padrão,Anual,Cartão,19,93.07,1,0,5,52.6,1,Sim,0,
CUST-02513,2025-08-10,Sudeste,38,Premium,Bienal,Cartão,10,192.45,3,0,6,42.7,2,Sim,0,
CUST-02514,2025-07-28,Sudeste,30,Padrão,Anual,Cartão,11,109.74,5,1,8,46.4,12,Sim,1,2026-03-09
CUST-02515,2023-09-23,Sudeste,44,Padrão,Mensal,Pix,33,87.05,1,0,9,27.3,15,Sim,0,
CUST-02516,2023-08-05,Centro-Oeste,23,Básico,Bienal,Pix,35,70.51,2,1,10,63.3,5,Sim,0,
CUST-02517,2022-07-13,Sudeste,39,Básico,Bienal,Pix,48,66.22,0,2,8,30.1,1,Não,0,
CUST-02518,2026-01-26,Sudeste,46,Padrão,Anual,Cartão,5,102.83,3,2,4,21.6,7,Sim,0,
CUST-02519,2022-12-01,Sul,50,Básico,Mensal,Pix,43,68.74,3,1,5,27.0,8,Não,1,2026-01-22
CUST-02520,2026-04-27,Sudeste,30,Padrão,Anual,Boleto,2,99.81,1,0,10,20.9,2,Sim,0,
CUST-02521,2025-02-23,Sudeste,39,Premium,Mensal,Cartão,16,161.39,3,0,10,25.5,5,Não,0,
CUST-02522,2024-07-24,Sul,41,Padrão,Bienal,Cartão,23,77.26,1,2,7,29.8,2,Não,0,
CUST-02523,2025-03-07,Sudeste,58,Básico,Bienal,Pix,16,79.2,1,1,7,59.4,1,Não,0,
CUST-02524,2024-04-13,Nordeste,21,Padrão,Anual,Cartão,26,92.73,2,1,5,14.9,5,Não,0,
CUST-02525,2023-12-14,Centro-Oeste,28,Básico,Mensal,Cartão,30,41.68,4,0,10,24.8,3,Não,0,
CUST-02526,2026-04-15,Sudeste,73,Padrão,Mensal,Pix,2,91.94,2,1,5,44.7,17,Não,0,
CUST-02527,2023-07-13,Centro-Oeste,36,Padrão,Bienal,Pix,36,92.5,2,0,10,34.6,14,Não,0,
CUST-02528,2024-12-15,Centro-Oeste,18,Padrão,Anual,Boleto,18,87.78,1,1,7,45.2,7,Sim,0,
CUST-02529,2022-12-26,Nordeste,32,Padrão,Anual,Débito automático,42,109.89,4,0,5,69.5,2,Sim,0,
CUST-02530,2022-12-08,Nordeste,18,Padrão,Bienal,Pix,43,112.64,2,0,3,32.4,16,Sim,0,
CUST-02531,2024-02-13,Nordeste,42,Básico,Mensal,Pix,28,39.0,1,0,7,20.6,9,Não,1,2026-05-29
CUST-02532,2022-08-21,Nordeste,49,Básico,Bienal,Débito automático,46,51.79,1,1,7,31.9,9,Sim,0,
CUST-02533,2025-06-05,Nordeste,28,Padrão,Mensal,Pix,13,92.8,2,0,6,26.9,5,Não,0,
CUST-02534,2025-02-25,Sudeste,33,Premium,Mensal,Débito automático,16,156.59,2,1,7,26.5,14,Sim,0,
CUST-02535,2026-01-19,Norte,50,Básico,Mensal,Boleto,5,82.89,2,0,10,20.9,4,Não,0,
CUST-02536,2023-05-19,Sul,18,Básico,Mensal,Cartão,37,47.61,0,1,8,55.1,1,Sim,0,
CUST-02537,2024-05-07,Nordeste,23,Básico,Mensal,Cartão,26,80.87,1,2,8,14.6,2,Não,0,
CUST-02538,2024-07-15,Sudeste,36,Padrão,Anual,Cartão,23,96.95,2,0,9,49.9,27,Não,0,
CUST-02539,2024-08-31,Sudeste,30,Básico,Mensal,Boleto,22,81.0,2,0,5,44.9,3,Não,0,
CUST-02540,2024-10-13,Sul,35,Padrão,Anual,Cartão,20,94.65,2,0,9,12.3,20,Não,0,
CUST-02541,2025-07-29,Sul,24,Básico,Mensal,Boleto,11,53.01,2,1,9,38.5,3,Não,1,2026-03-17
CUST-02542,2025-09-05,Sul,42,Padrão,Anual,Pix,9,98.68,3,0,10,16.9,7,Sim,0,
CUST-02543,2020-08-06,Sudeste,37,Básico,Mensal,Boleto,71,77.09,3,1,4,31.6,17,Sim,0,
CUST-02544,2023-07-20,Sudeste,46,Padrão,Anual,Boleto,35,101.22,1,1,5,31.3,10,Não,0,
CUST-02545,2024-08-04,Sul,41,Básico,Anual,Cartão,23,61.93,2,1,5,23.0,6,Sim,0,
CUST-02546,2024-09-11,Sudeste,41,Padrão,Mensal,Cartão,21,107.91,2,0,8,30.6,6,Sim,0,
CUST-02547,2023-11-04,Norte,22,Premium,Mensal,Pix,32,146.68,3,1,8,60.3,12,Sim,0,
CUST-02548,2022-03-09,Sudeste,45,Básico,Mensal,Boleto,52,63.71,1,0,8,15.2,5,Sim,0,
CUST-02549,2024-03-07,Sudeste,35,Premium,Mensal,Boleto,28,150.21,1,2,3,29.2,26,Não,0,
CUST-02550,2020-07-25,Sudeste,37,Básico,Mensal,Pix,72,79.6,1,3,10,15.4,1,Sim,0,
CUST-02551,2023-05-07,Sul,52,Padrão,Mensal,Boleto,38,104.86,1,1,8,79.6,3,Não,0,
CUST-02552,2024-12-18,Sul,30,Padrão,Anual,Pix,18,108.7,1,0,8,23.6,3,Sim,0,
CUST-02553,2025-09-23,Nordeste,55,Básico,Mensal,Cartão,9,39.0,0,2,8,22.4,6,Sim,0,
CUST-02554,2022-04-09,Norte,56,Padrão,Mensal,Débito automático,51,108.89,2,0,6,85.7,8,Não,0,
CUST-02555,2025-07-02,Sudeste,48,Básico,Mensal,Pix,12,56.51,1,1,8,41.7,4,Não,0,
CUST-02556,2023-01-15,Nordeste,27,Padrão,Mensal,Boleto,42,78.88,3,1,7,51.6,12,Sim,0,
CUST-02557,2023-09-18,Sudeste,18,Padrão,Mensal,Pix,33,100.33,2,1,7,9.6,2,Não,1,2026-06-20
CUST-02558,2025-11-06,Sudeste,52,Premium,Anual,Pix,7,137.74,0,2,8,49.0,2,Não,0,
CUST-02559,2023-11-13,Sul,40,Básico,Anual,Cartão,32,67.55,0,1,7,24.9,12,Sim,0,
CUST-02560,2023-07-16,Sudeste,30,Premium,Mensal,Pix,36,179.08,2,0,4,44.7,8,Não,0,
CUST-02561,2024-10-17,Nordeste,53,Básico,Mensal,Cartão,20,39.0,2,0,7,46.8,3,Sim,0,
CUST-02562,2024-11-28,Nordeste,29,Padrão,Mensal,Boleto,19,98.58,1,1,10,12.6,7,Sim,0,
CUST-02563,2024-09-17,Nordeste,34,Básico,Anual,Cartão,21,56.69,0,0,6,15.9,3,Sim,0,
CUST-02564,2022-05-22,Sul,45,Básico,Mensal,Cartão,50,39.0,0,1,7,18.2,14,Sim,1,2026-01-26
CUST-02565,2024-12-10,Sul,26,Básico,Anual,Pix,18,71.83,4,0,9,47.1,6,Sim,0,
CUST-02566,2026-01-20,Sudeste,38,Padrão,Anual,Pix,5,107.76,1,0,10,16.2,1,Não,0,
CUST-02567,2024-04-12,Sudeste,52,Básico,Anual,Pix,26,87.37,5,0,7,12.8,19,Sim,0,
CUST-02568,2026-01-28,Sudeste,42,Padrão,Mensal,Boleto,5,105.95,3,0,5,19.5,17,Não,0,
CUST-02569,2023-11-27,Nordeste,54,Premium,Bienal,Boleto,31,146.69,2,1,9,10.6,10,Sim,0,
CUST-02570,2025-07-13,Norte,53,Básico,Mensal,Pix,11,66.2,1,0,5,31.9,3,Não,0,
CUST-02571,2024-08-18,Sudeste,39,Básico,Mensal,Pix,22,76.99,2,1,8,23.2,0,Não,0,
CUST-02572,2025-07-15,Sul,18,Básico,Bienal,Cartão,11,52.49,1,0,8,19.6,10,Não,0,
CUST-02573,2021-05-31,Nordeste,26,Básico,Anual,Pix,61,70.93,1,1,6,58.1,14,Sim,0,
CUST-02574,2023-11-13,Nordeste,48,Padrão,Mensal,Débito automático,32,66.03,3,0,7,31.7,2,Não,0,
CUST-02575,2025-07-25,Sul,20,Padrão,Mensal,Pix,11,119.65,2,0,9,35.4,10,Sim,0,
CUST-02576,2024-03-08,Nordeste,35,Básico,Mensal,Débito automático,28,70.21,1,2,9,30.4,3,Não,0,
CUST-02577,2025-09-19,Nordeste,43,Básico,Anual,Cartão,9,39.0,3,0,7,39.7,11,Não,0,
CUST-02578,2024-09-04,Centro-Oeste,57,Padrão,Mensal,Boleto,22,104.36,0,1,7,54.5,2,Não,1,2026-06-02
CUST-02579,2022-02-28,Sudeste,32,Básico,Mensal,Boleto,52,39.0,2,3,5,32.6,12,Sim,0,
CUST-02580,2023-09-21,Centro-Oeste,31,Padrão,Mensal,Boleto,33,90.44,2,0,7,44.0,7,Sim,0,
CUST-02581,2025-06-23,Sudeste,38,Premium,Bienal,Boleto,12,168.5,1,1,6,32.8,1,Não,1,2026-01-07
CUST-02582,2025-10-16,Centro-Oeste,43,Básico,Mensal,Cartão,8,57.1,0,1,7,24.9,2,Sim,0,
CUST-02583,2023-07-12,Sudeste,37,Padrão,Mensal,Boleto,36,116.59,1,1,10,38.8,13,Não,0,
CUST-02584,2020-11-14,Sudeste,52,Padrão,Bienal,Pix,68,99.89,1,0,5,63.8,4,Não,0,
CUST-02585,2024-07-29,Sudeste,29,Padrão,Mensal,Pix,23,98.48,1,0,10,49.9,1,Não,0,
CUST-02586,2022-03-27,Sul,40,Padrão,Anual,Cartão,51,114.38,2,0,8,15.6,6,Sim,0,
CUST-02587,2023-10-08,Sudeste,44,Padrão,Anual,Cartão,33,94.27,3,0,7,39.9,4,Sim,0,
CUST-02588,2023-07-09,Sudeste,34,Padrão,Mensal,Débito automático,36,98.65,3,0,5,19.6,8,Sim,1,2026-03-18
CUST-02589,2025-09-22,Sul,49,Padrão,Anual,Cartão,9,100.49,0,2,8,36.5,18,Não,0,
CUST-02590,2024-09-30,Sudeste,41,Padrão,Bienal,Pix,21,98.05,0,1,10,14.1,4,Não,0,
CUST-02591,2024-07-31,Nordeste,48,Padrão,Mensal,Cartão,23,115.24,0,1,2,35.1,2,Sim,1,2026-02-01
CUST-02592,2026-03-09,Centro-Oeste,41,Padrão,Mensal,Boleto,3,89.66,3,0,3,21.3,2,Sim,0,
CUST-02593,2025-03-18,Nordeste,44,Padrão,Anual,Boleto,15,87.38,0,2,7,33.4,19,Não,0,
CUST-02594,2025-03-06,Sudeste,31,Premium,Mensal,Débito automático,16,144.14,2,0,8,26.8,1,Não,0,
CUST-02595,2025-06-25,Sudeste,31,Básico,Mensal,Pix,12,39.0,2,1,9,28.9,8,Não,1,2026-03-22
CUST-02596,2024-09-18,Centro-Oeste,54,Básico,Mensal,Cartão,21,79.77,2,0,8,65.0,5,Não,0,
CUST-02597,2023-01-26,Sudeste,47,Básico,Anual,Cartão,41,46.39,2,0,4,36.5,11,Sim,0,
CUST-02598,2023-01-31,Sudeste,27,Básico,Anual,Cartão,41,55.66,1,0,8,29.9,8,Sim,0,
CUST-02599,2021-10-19,Norte,41,Padrão,Bienal,Pix,57,120.81,0,2,7,57.9,7,Não,0,
CUST-02600,2022-10-06,Norte,18,Básico,Mensal,Débito automático,45,57.01,1,1,9,50.6,15,Sim,0,
CUST-02601,2024-01-11,Sudeste,32,Padrão,Bienal,Cartão,30,106.2,3,0,6,22.1,9,Sim,0,
CUST-02602,2021-09-23,Nordeste,51,Padrão,Mensal,Pix,58,79.11,1,0,4,63.0,6,Sim,0,
CUST-02603,2025-01-08,Sul,37,Básico,Anual,Boleto,17,78.58,1,0,6,14.6,11,Sim,0,
CUST-02604,2024-07-05,Nordeste,40,Básico,Anual,Pix,24,57.3,2,2,8,21.3,6,Não,0,
CUST-02605,2020-08-21,Sudeste,18,Padrão,Mensal,Boleto,71,84.74,3,1,8,37.9,7,Não,1,2026-02-24
CUST-02606,2025-01-26,Sudeste,34,Padrão,Mensal,Pix,17,84.73,0,0,7,39.3,1,Sim,1,2026-01-23
CUST-02607,2026-03-16,Nordeste,43,Padrão,Mensal,Cartão,3,122.66,2,1,6,61.0,21,Não,1,2026-04-01
CUST-02608,2025-10-14,Sudeste,45,Básico,Mensal,Pix,8,50.79,2,2,7,30.3,10,Sim,1,2026-01-10
CUST-02609,2024-08-10,Nordeste,51,Básico,Anual,Pix,22,45.05,0,1,10,62.5,10,Não,0,
CUST-02610,2025-06-29,Sudeste,36,Básico,Mensal,Boleto,12,52.94,1,0,10,89.2,8,Não,0,
CUST-02611,2025-11-29,Centro-Oeste,37,Básico,Anual,Cartão,7,59.64,1,1,8,24.3,24,Sim,0,
CUST-02612,2022-12-19,Nordeste,23,Premium,Mensal,Pix,42,161.13,1,1,9,32.3,13,Não,0,
CUST-02613,2023-10-14,Sul,37,Básico,Mensal,Débito automático,33,65.22,0,0,6,21.7,0,Não,1,2026-02-25
CUST-02614,2026-02-03,Nordeste,24,Básico,Anual,Pix,4,62.29,0,0,10,22.6,8,Sim,0,
CUST-02615,2022-06-26,Sudeste,18,Premium,Mensal,Cartão,48,168.06,1,0,6,34.3,11,Sim,1,2026-02-07
CUST-02616,2020-07-08,Sul,26,Padrão,Bienal,Débito automático,72,95.18,1,0,4,26.4,25,Não,1,2026-06-08
CUST-02617,2025-03-28,Sudeste,57,Padrão,Bienal,Cartão,15,128.01,2,2,10,22.6,3,Não,0,
CUST-02618,2023-08-25,Centro-Oeste,36,Padrão,Mensal,Boleto,34,92.16,2,1,7,25.1,4,Não,0,
CUST-02619,2025-07-24,Nordeste,42,Premium,Mensal,Cartão,11,177.93,3,2,10,24.1,8,Sim,0,
CUST-02620,2024-03-19,Centro-Oeste,33,Básico,Mensal,Débito automático,27,50.61,2,0,9,36.7,6,Não,0,
CUST-02621,2023-08-22,Centro-Oeste,18,Básico,Anual,Cartão,34,39.01,3,1,4,17.8,3,Sim,0,
CUST-02622,2024-08-18,Norte,50,Premium,Mensal,Pix,22,135.66,1,1,7,47.0,2,Não,1,2026-04-25
CUST-02623,2025-05-23,Sudeste,18,Padrão,Bienal,Débito automático,13,103.26,2,1,5,50.0,12,Não,0,
CUST-02624,2025-01-22,Norte,32,Premium,Bienal,Pix,17,175.27,2,1,10,7.3,4,Sim,0,
CUST-02625,2026-03-01,Sul,38,Básico,Mensal,Cartão,4,42.89,0,0,7,48.2,11,Sim,0,
CUST-02626,2024-06-07,Sudeste,42,Premium,Anual,Cartão,25,146.72,3,0,6,25.7,5,Não,1,2026-05-03
CUST-02627,2021-03-02,Sul,30,Básico,Mensal,Cartão,64,64.41,1,1,3,25.8,4,Não,1,2026-03-25
CUST-02628,2025-10-28,Sudeste,18,Padrão,Mensal,Cartão,8,98.96,1,1,10,37.8,12,Não,0,
CUST-02629,2021-10-28,Sudeste,29,Premium,Mensal,Pix,56,150.8,0,1,6,25.7,2,Sim,1,2026-02-01
CUST-02630,2024-10-13,Sudeste,30,Básico,Anual,Pix,20,41.09,1,0,7,35.4,3,Não,0,
CUST-02631,2026-03-02,Sudeste,30,Básico,Mensal,Débito automático,4,63.33,3,1,8,34.9,8,Não,1,2026-05-07
CUST-02632,2022-12-21,Sul,51,Padrão,Bienal,Boleto,42,108.14,1,1,5,32.5,8,Não,0,
CUST-02633,2024-05-22,Centro-Oeste,24,Premium,Mensal,Débito automático,25,165.88,3,0,4,46.2,12,Não,1,2026-02-14
CUST-02634,2025-08-21,Nordeste,43,Básico,Anual,Pix,10,59.37,5,2,8,35.2,10,Não,0,
CUST-02635,2025-05-05,Sul,41,Premium,Bienal,Pix,14,144.22,1,0,5,16.7,11,Sim,0,
CUST-02636,2025-02-14,Sudeste,51,Básico,Anual,Pix,16,63.4,1,2,7,43.0,8,Não,0,
CUST-02637,2024-08-25,Sul,37,Padrão,Mensal,Pix,22,102.36,0,0,5,14.1,3,Não,0,
CUST-02638,2024-03-19,Sudeste,48,Básico,Mensal,Cartão,27,40.61,3,1,4,68.6,8,Não,0,
CUST-02639,2024-02-28,Nordeste,37,Premium,Mensal,Boleto,28,154.77,1,2,4,20.6,7,Sim,0,
CUST-02640,2023-03-01,Sudeste,44,Básico,Mensal,Boleto,40,64.13,0,1,7,20.9,4,Sim,0,
CUST-02641,2024-06-02,Nordeste,21,Padrão,Bienal,Cartão,25,97.9,0,2,9,64.7,16,Não,0,
CUST-02642,2023-12-11,Nordeste,18,Básico,Mensal,Pix,31,39.0,3,1,9,30.1,9,Sim,0,
CUST-02643,2024-05-13,Sul,44,Premium,Mensal,Cartão,25,150.04,1,2,7,28.0,1,Não,1,2026-04-10
CUST-02644,2026-05-30,Centro-Oeste,44,Padrão,Anual,Pix,1,89.1,0,1,10,5.2,0,Sim,0,
CUST-02645,2025-10-28,Sudeste,45,Básico,Mensal,Pix,8,66.83,5,3,6,27.0,22,Não,1,2026-01-28
CUST-02646,2025-07-29,Centro-Oeste,33,Básico,Bienal,Débito automático,11,95.38,4,3,9,30.5,35,Sim,1,2026-02-05
CUST-02647,2024-06-28,Nordeste,57,Padrão,Mensal,Pix,24,100.88,0,1,6,61.6,2,Sim,1,2026-01-22
CUST-02648,2024-05-03,Nordeste,33,Padrão,Mensal,Pix,26,82.23,2,0,6,25.7,4,Sim,0,
CUST-02649,2024-11-07,Nordeste,44,Padrão,Anual,Boleto,20,96.75,2,0,9,62.4,2,Sim,0,
CUST-02650,2023-09-09,Centro-Oeste,46,Padrão,Mensal,Débito automático,34,99.15,1,0,8,36.6,12,Sim,0,
CUST-02651,2023-05-18,Norte,60,Padrão,Bienal,Boleto,37,109.59,1,0,8,56.0,0,Não,0,
CUST-02652,2024-09-25,Sudeste,35,Padrão,Mensal,Pix,21,116.39,2,0,4,25.9,5,Não,1,2026-01-16
CUST-02653,2023-03-12,Nordeste,31,Padrão,Mensal,Pix,40,118.47,1,1,9,52.6,3,Sim,0,
CUST-02654,2024-11-20,Nordeste,21,Básico,Mensal,Boleto,19,66.52,1,2,9,19.9,12,Não,1,2026-01-20
CUST-02655,2024-02-07,Sul,58,Básico,Mensal,Boleto,29,58.99,2,3,6,36.7,1,Não,1,2026-03-13
CUST-02656,2026-04-27,Centro-Oeste,44,Básico,Anual,Débito automático,2,79.77,2,1,8,19.3,13,Sim,0,
CUST-02657,2024-08-29,Sudeste,44,Padrão,Mensal,Pix,22,94.13,2,1,9,24.0,0,Sim,0,
CUST-02658,2023-01-28,Sul,75,Básico,Mensal,Boleto,41,59.76,0,3,6,18.8,2,Não,0,
CUST-02659,2026-04-23,Sudeste,43,Padrão,Bienal,Cartão,2,95.59,1,0,6,54.3,1,Não,1,2026-05-25
CUST-02660,2024-06-17,Sudeste,23,Básico,Mensal,Cartão,24,39.0,3,4,6,35.8,11,Não,1,2026-05-05
CUST-02661,2025-08-23,Centro-Oeste,37,Padrão,Anual,Cartão,10,116.8,2,0,2,47.2,4,Não,1,2026-05-06
CUST-02662,2024-02-12,Sudeste,27,Básico,Mensal,Cartão,28,68.46,2,0,8,47.7,10,Sim,0,
CUST-02663,2024-10-14,Sudeste,34,Padrão,Anual,Pix,20,65.82,0,0,9,18.1,3,Sim,0,
CUST-02664,2023-12-20,Sudeste,34,Básico,Mensal,Pix,30,73.02,0,0,8,40.5,3,Sim,0,
CUST-02665,2025-05-23,Sul,32,Básico,Anual,Boleto,13,54.75,2,0,8,73.4,3,Não,0,
CUST-02666,2024-09-17,Nordeste,22,Básico,Mensal,Pix,21,72.84,0,2,9,30.4,13,Sim,1,2026-02-24
CUST-02667,2025-08-31,Centro-Oeste,58,Padrão,Mensal,Cartão,10,100.06,2,1,7,37.9,5,Sim,0,
CUST-02668,2025-03-04,Sudeste,43,Padrão,Mensal,Boleto,16,80.0,1,1,4,56.1,13,Sim,0,
CUST-02669,2024-05-09,Sul,36,Básico,Mensal,Cartão,26,59.37,0,0,7,28.3,13,Não,0,
CUST-02670,2026-01-10,Sul,48,Padrão,Bienal,Cartão,5,86.42,3,1,10,50.0,23,Sim,0,
CUST-02671,2024-08-30,Nordeste,45,Padrão,Mensal,Débito automático,22,81.88,1,1,8,43.2,2,Não,1,2026-02-26
CUST-02672,2025-10-13,Sul,42,Padrão,Bienal,Cartão,8,111.14,2,0,6,34.2,16,Não,0,
CUST-02673,2024-11-27,Sudeste,47,Padrão,Mensal,Pix,19,104.48,1,1,9,38.2,11,Não,1,2026-01-18
CUST-02674,2025-11-20,Sul,41,Básico,Mensal,Boleto,7,79.97,3,0,8,19.6,4,Não,1,2026-01-08
CUST-02675,2020-07-27,Sul,47,Padrão,Mensal,Pix,72,93.48,0,2,7,81.6,9,Sim,0,
CUST-02676,2023-01-18,Sul,48,Padrão,Mensal,Pix,41,85.52,3,0,7,30.0,3,Sim,0,
CUST-02677,2024-11-03,Sul,41,Padrão,Anual,Boleto,20,107.94,1,0,6,38.8,2,Sim,0,
CUST-02678,2021-11-16,Nordeste,36,Básico,Mensal,Pix,56,47.33,1,2,8,17.0,20,Sim,0,
CUST-02679,2025-04-09,Nordeste,57,Padrão,Anual,Pix,14,94.66,2,1,5,43.9,1,Sim,0,
CUST-02680,2022-06-27,Sudeste,33,Básico,Mensal,Débito automático,48,66.35,2,1,8,32.2,2,Não,1,2026-04-23
CUST-02681,2023-11-17,Nordeste,44,Padrão,Mensal,Cartão,31,97.24,2,0,9,37.2,7,Não,0,
CUST-02682,2025-04-18,Centro-Oeste,44,Básico,Mensal,Pix,14,52.16,1,0,8,26.8,10,Sim,0,
CUST-02683,2023-08-08,Sudeste,32,Básico,Anual,Cartão,35,39.36,1,1,8,43.8,14,Não,0,
CUST-02684,2023-01-08,Sul,29,Padrão,Mensal,Cartão,42,112.12,1,1,7,47.5,0,Sim,1,2026-02-19
CUST-02685,2024-08-20,Sudeste,35,Premium,Bienal,Débito automático,22,153.84,3,0,8,25.8,5,Sim,0,
CUST-02686,2023-03-21,Nordeste,33,Básico,Mensal,Boleto,39,67.65,2,1,6,20.6,5,Não,0,
CUST-02687,2023-05-18,Sudeste,22,Padrão,Mensal,Cartão,37,105.8,3,0,7,21.2,10,Sim,0,
CUST-02688,2024-03-04,Nordeste,31,Padrão,Anual,Pix,28,114.28,0,4,5,57.3,1,Não,0,
CUST-02689,2025-12-02,Sudeste,42,Premium,Anual,Cartão,7,155.7,3,0,7,24.6,14,Não,1,2026-05-07
CUST-02690,2024-03-09,Sul,54,Padrão,Anual,Boleto,28,94.13,2,0,3,53.3,2,Não,0,
CUST-02691,2026-04-21,Norte,46,Básico,Mensal,Pix,2,43.48,3,0,7,34.8,7,Não,1,2026-05-01
CUST-02692,2024-08-12,Sudeste,18,Básico,Anual,Débito automático,22,51.4,0,0,8,28.4,10,Sim,0,
CUST-02693,2023-09-25,Centro-Oeste,47,Padrão,Mensal,Cartão,33,103.78,2,1,7,12.4,2,Sim,1,2026-01-29
CUST-02694,2025-08-23,Norte,32,Básico,Bienal,Pix,10,47.56,3,0,9,72.9,9,Sim,0,
CUST-02695,2023-02-25,Centro-Oeste,44,Premium,Mensal,Débito automático,40,163.42,2,0,10,33.5,11,Não,0,
CUST-02696,2025-02-28,Sudeste,39,Premium,Anual,Débito automático,16,179.54,2,1,7,27.5,3,Não,0,
CUST-02697,2025-08-04,Nordeste,37,Premium,Mensal,Cartão,11,152.77,3,0,5,34.5,4,Não,0,
CUST-02698,2023-07-08,Sudeste,38,Básico,Anual,Pix,36,40.6,1,1,9,37.2,3,Não,0,
CUST-02699,2021-10-02,Sudeste,39,Padrão,Anual,Débito automático,57,93.21,2,0,9,24.2,9,Não,0,
CUST-02700,2024-06-06,Centro-Oeste,55,Padrão,Anual,Boleto,25,79.08,1,0,8,29.0,9,Não,1,2026-03-28
CUST-02701,2021-12-30,Nordeste,39,Básico,Mensal,Boleto,54,77.68,2,1,6,19.0,18,Não,1,2026-02-10
CUST-02702,2025-04-14,Sul,52,Básico,Mensal,Boleto,14,60.19,0,0,8,24.6,9,Sim,0,
CUST-02703,2025-06-15,Sudeste,50,Básico,Anual,Débito automático,12,48.8,2,0,6,32.3,12,Não,0,
CUST-02704,2022-09-11,Nordeste,47,Básico,Anual,Pix,46,51.16,1,1,6,17.0,8,Não,1,2026-05-13
CUST-02705,2023-09-22,Nordeste,18,Premium,Anual,Cartão,33,142.45,1,1,8,30.4,1,Sim,0,
CUST-02706,2025-11-02,Sul,52,Premium,Mensal,Pix,8,173.16,2,1,5,29.1,16,Não,1,2026-03-21
CUST-02707,2021-07-22,Centro-Oeste,34,Básico,Mensal,Boleto,60,84.72,0,0,9,25.5,3,Não,0,
CUST-02708,2024-08-10,Sudeste,48,Padrão,Mensal,Pix,22,78.08,1,0,8,49.5,13,Sim,0,
CUST-02709,2024-07-12,Sudeste,27,Básico,Anual,Cartão,23,73.61,1,1,7,19.3,4,Não,0,
CUST-02710,2021-01-06,Nordeste,25,Básico,Mensal,Boleto,66,55.56,3,0,7,34.6,9,Sim,0,
CUST-02711,2021-12-11,Norte,63,Básico,Mensal,Pix,55,76.74,4,1,5,24.7,22,Sim,0,
CUST-02712,2022-02-20,Sudeste,28,Padrão,Anual,Débito automático,53,73.33,0,2,5,35.5,12,Não,0,
CUST-02713,2025-04-19,Sudeste,53,Padrão,Mensal,Pix,14,102.16,1,1,10,34.9,9,Sim,0,
CUST-02714,2024-02-13,Sudeste,40,Premium,Bienal,Boleto,28,153.29,2,0,7,83.6,4,Não,0,
CUST-02715,2023-10-15,Centro-Oeste,34,Premium,Mensal,Pix,32,168.23,1,0,4,99.3,3,Sim,1,2026-05-09
CUST-02716,2025-07-09,Sudeste,38,Básico,Mensal,Cartão,11,59.86,1,0,9,23.1,1,Sim,0,
CUST-02717,2025-10-04,Sul,23,Padrão,Mensal,Pix,8,99.31,0,2,5,31.6,1,Não,0,
CUST-02718,2024-09-21,Norte,39,Básico,Mensal,Cartão,21,57.52,2,2,8,22.8,9,Não,0,
CUST-02719,2023-03-18,Sudeste,26,Básico,Anual,Boleto,40,80.87,3,0,10,34.6,10,Sim,0,
CUST-02720,2026-04-16,Sul,34,Padrão,Mensal,Boleto,2,96.55,0,1,7,23.4,13,Sim,0,
CUST-02721,2024-07-08,Sul,50,Básico,Mensal,Cartão,24,71.1,2,0,10,22.8,11,Sim,1,2026-04-09
CUST-02722,2025-09-21,Nordeste,42,Básico,Mensal,Pix,9,67.8,0,1,9,27.1,2,Sim,0,
CUST-02723,2022-12-29,Sudeste,21,Básico,Anual,Débito automático,42,71.44,0,1,10,27.6,8,Não,0,
CUST-02724,2024-01-23,Sudeste,49,Básico,Anual,Cartão,29,44.79,0,1,8,10.1,32,Não,1,2026-02-10
CUST-02725,2025-09-14,Sudeste,39,Premium,Mensal,Débito automático,9,168.9,2,0,6,28.4,18,Sim,1,2026-06-07
CUST-02726,2022-12-16,Nordeste,32,Básico,Mensal,Cartão,43,63.72,2,0,3,74.6,10,Sim,0,
CUST-02727,2024-02-08,Nordeste,48,Padrão,Mensal,Cartão,29,82.35,1,0,5,23.3,10,Sim,0,
CUST-02728,2024-10-11,Sudeste,37,Premium,Anual,Pix,20,156.03,1,0,6,49.3,5,Sim,0,
CUST-02729,2020-07-30,Sudeste,25,Padrão,Mensal,Cartão,72,131.12,4,0,9,40.9,4,Não,1,2026-03-23
CUST-02730,2024-10-08,Centro-Oeste,61,Padrão,Mensal,Débito automático,21,93.51,5,0,10,27.0,14,Não,0,
CUST-02731,2025-03-01,Sudeste,39,Premium,Anual,Boleto,16,153.85,2,0,5,21.5,5,Sim,0,
CUST-02732,2023-08-14,Sudeste,38,Básico,Mensal,Boleto,35,65.31,1,1,10,18.6,11,Sim,0,
CUST-02733,2021-05-24,Sul,34,Básico,Anual,Boleto,62,51.43,0,0,5,21.5,3,Sim,0,
CUST-02734,2026-04-06,Sudeste,53,Padrão,Mensal,Boleto,2,100.97,0,0,5,16.6,17,Sim,0,
CUST-02735,2022-06-30,Sudeste,33,Padrão,Bienal,Boleto,48,92.72,1,1,4,12.6,9,Sim,0,
CUST-02736,2023-06-26,Sul,20,Padrão,Mensal,Boleto,36,104.63,0,0,8,20.5,8,Sim,0,
CUST-02737,2021-11-10,Sudeste,31,Básico,Mensal,Boleto,56,58.13,3,0,6,51.4,5,Sim,0,
CUST-02738,2022-05-09,Sul,55,Padrão,Mensal,Pix,50,126.33,3,0,10,43.3,9,Sim,0,
CUST-02739,2023-12-03,Nordeste,49,Padrão,Mensal,Pix,31,99.64,1,1,5,25.3,12,Sim,0,
CUST-02740,2023-08-09,Sul,36,Premium,Anual,Pix,35,155.88,2,0,9,54.4,10,Sim,0,
CUST-02741,2024-05-27,Sudeste,55,Básico,Mensal,Pix,25,73.41,0,0,5,21.6,7,Não,0,
CUST-02742,2021-09-08,Centro-Oeste,48,Básico,Mensal,Cartão,58,39.52,0,0,9,15.0,1,Não,0,
CUST-02743,2025-04-26,Sudeste,36,Premium,Anual,Pix,14,182.68,1,1,7,70.9,10,Não,0,
CUST-02744,2024-05-21,Nordeste,37,Padrão,Mensal,Pix,25,85.16,1,0,8,36.1,4,Sim,0,
CUST-02745,2023-02-19,Sudeste,43,Básico,Anual,Cartão,40,75.69,1,3,6,41.2,9,Sim,0,
CUST-02746,2022-12-14,Nordeste,29,Básico,Anual,Boleto,43,79.39,0,1,6,22.5,1,Sim,0,
CUST-02747,2022-12-05,Sudeste,39,Padrão,Mensal,Boleto,43,91.64,1,0,8,23.8,1,Sim,0,
CUST-02748,2023-09-20,Sudeste,43,Padrão,Anual,Cartão,33,92.98,2,1,10,25.6,26,Sim,0,
CUST-02749,2022-11-21,Sul,19,Padrão,Anual,Débito automático,43,97.47,2,0,5,43.1,9,Não,0,
CUST-02750,2023-08-13,Sudeste,37,Premium,Anual,Débito automático,35,167.7,1,0,6,6.1,21,Sim,0,
CUST-02751,2021-01-10,Sudeste,35,Básico,Mensal,Débito automático,66,45.03,0,0,6,18.8,0,Não,0,
CUST-02752,2025-05-12,Nordeste,51,Básico,Mensal,Cartão,13,57.47,2,1,4,20.6,8,Sim,1,2026-05-15
CUST-02753,2022-11-23,Centro-Oeste,18,Padrão,Bienal,Pix,43,94.61,0,1,4,45.8,15,Sim,0,
CUST-02754,2024-07-21,Sudeste,34,Premium,Anual,Pix,23,142.88,0,0,6,95.4,8,Não,0,
CUST-02755,2024-04-01,Centro-Oeste,33,Básico,Mensal,Boleto,27,44.37,1,0,6,29.4,7,Não,0,
CUST-02756,2020-10-23,Nordeste,51,Padrão,Mensal,Boleto,69,100.8,0,0,10,18.4,7,Não,0,
CUST-02757,2020-11-28,Centro-Oeste,38,Básico,Anual,Boleto,68,60.55,1,0,9,17.7,1,Sim,0,
CUST-02758,2021-09-13,Nordeste,61,Básico,Anual,Boleto,58,48.3,3,2,5,33.9,19,Sim,1,2026-04-02
CUST-02759,2025-02-04,Nordeste,47,Premium,Bienal,Débito automático,17,160.11,1,0,9,58.9,12,Não,0,
CUST-02760,2025-02-17,Sul,34,Básico,Bienal,Pix,16,49.94,3,2,5,48.9,2,Sim,0,
CUST-02761,2025-10-02,Nordeste,42,Básico,Mensal,Débito automático,9,77.3,0,1,7,38.3,4,Sim,0,
CUST-02762,2021-06-19,Centro-Oeste,35,Padrão,Anual,Boleto,61,97.56,1,1,8,17.2,3,Não,0,
CUST-02763,2025-07-20,Sudeste,49,Básico,Mensal,Cartão,11,74.37,3,0,10,34.1,21,Sim,0,
CUST-02764,2024-10-29,Sudeste,23,Padrão,Mensal,Boleto,20,75.3,1,0,8,14.4,35,Sim,1,2026-05-14
CUST-02765,2025-01-28,Sudeste,29,Padrão,Mensal,Cartão,17,103.52,2,0,4,63.3,2,Sim,1,2026-04-30
CUST-02766,2025-02-13,Norte,44,Básico,Bienal,Cartão,16,67.35,1,0,9,22.6,1,Não,0,
CUST-02767,2026-01-18,Sul,54,Padrão,Mensal,Débito automático,5,97.07,2,1,9,26.6,4,Não,0,
CUST-02768,2024-12-06,Nordeste,18,Básico,Mensal,Pix,19,51.46,1,0,9,54.9,4,Não,0,
CUST-02769,2024-03-09,Centro-Oeste,55,Básico,Mensal,Pix,28,56.85,1,0,5,26.0,5,Sim,0,
CUST-02770,2025-08-14,Norte,37,Padrão,Mensal,Débito automático,10,109.39,1,0,7,64.8,8,Sim,0,
CUST-02771,2025-04-27,Sudeste,18,Básico,Mensal,Pix,14,42.05,2,2,7,3.9,0,Sim,0,
CUST-02772,2021-12-13,Nordeste,18,Premium,Mensal,Cartão,55,168.81,2,0,10,21.2,14,Não,1,2026-05-16
CUST-02773,2025-06-17,Centro-Oeste,21,Premium,Mensal,Cartão,12,163.46,0,0,8,43.8,1,Não,1,2026-06-16
CUST-02774,2024-08-02,Sudeste,39,Premium,Mensal,Pix,23,155.35,2,0,10,47.4,0,Não,0,
CUST-02775,2024-06-10,Nordeste,38,Básico,Anual,Cartão,25,55.95,2,1,6,21.9,18,Não,0,
CUST-02776,2025-04-28,Sudeste,47,Básico,Anual,Cartão,14,59.87,1,2,7,16.3,6,Sim,0,
CUST-02777,2022-09-01,Nordeste,32,Premium,Anual,Boleto,46,182.22,5,0,6,38.8,14,Sim,1,2026-05-06
CUST-02778,2021-12-27,Sul,26,Padrão,Mensal,Cartão,54,103.87,3,1,9,30.0,13,Não,0,
CUST-02779,2025-10-08,Sudeste,34,Padrão,Mensal,Pix,8,85.8,1,1,9,7.8,1,Sim,0,
CUST-02780,2025-01-11,Sudeste,39,Premium,Mensal,Cartão,17,152.91,3,0,8,16.8,2,Sim,0,
CUST-02781,2025-05-06,Sudeste,42,Básico,Bienal,Pix,14,42.98,2,0,7,44.1,2,Sim,0,
CUST-02782,2024-10-23,Sudeste,30,Básico,Mensal,Boleto,20,39.0,2,0,8,37.7,11,Sim,0,
CUST-02783,2024-05-27,Nordeste,50,Padrão,Mensal,Pix,25,82.73,1,0,4,23.7,2,Sim,0,
CUST-02784,2026-01-25,Sudeste,32,Padrão,Bienal,Cartão,5,100.68,3,2,6,15.5,2,Sim,1,2026-03-03
CUST-02785,2024-06-18,Sudeste,29,Básico,Bienal,Cartão,24,76.84,0,0,6,41.7,8,Sim,1,2026-03-23
CUST-02786,2026-02-04,Nordeste,32,Padrão,Mensal,Cartão,4,112.94,0,1,7,51.9,2,Não,0,
CUST-02787,2020-10-23,Nordeste,52,Padrão,Anual,Cartão,69,82.83,2,0,6,38.7,7,Não,0,
CUST-02788,2022-04-15,Sul,37,Básico,Mensal,Pix,51,47.83,1,1,5,18.8,10,Sim,0,
CUST-02789,2026-03-22,Norte,31,Básico,Mensal,Cartão,3,45.86,2,0,4,23.6,3,Não,1,2026-05-06
CUST-02790,2024-02-27,Sudeste,50,Padrão,Mensal,Cartão,28,62.86,1,3,8,75.0,4,Sim,0,
CUST-02791,2025-12-06,Centro-Oeste,65,Padrão,Bienal,Cartão,6,96.65,1,1,4,32.7,13,Sim,1,2026-06-09
CUST-02792,2023-01-03,Sudeste,42,Premium,Mensal,Boleto,42,170.25,1,0,9,80.2,0,Não,0,
CUST-02793,2024-12-14,Nordeste,54,Básico,Anual,Pix,18,55.47,2,1,8,24.0,8,Não,1,2026-01-24
CUST-02794,2022-07-03,Norte,51,Premium,Mensal,Pix,48,141.25,1,1,9,29.5,7,Sim,0,
CUST-02795,2022-11-07,Centro-Oeste,32,Padrão,Anual,Pix,44,87.17,1,1,5,15.1,9,Não,1,2026-03-16
CUST-02796,2024-10-19,Sul,39,Padrão,Anual,Pix,20,94.4,3,1,10,17.5,0,Sim,0,
CUST-02797,2024-08-07,Nordeste,24,Básico,Anual,Cartão,23,69.78,1,0,10,15.3,19,Sim,0,
CUST-02798,2025-04-16,Sudeste,37,Básico,Bienal,Pix,14,56.44,1,0,7,18.5,10,Sim,0,
CUST-02799,2025-11-26,Nordeste,31,Padrão,Anual,Pix,7,107.89,1,0,8,41.6,15,Não,1,2026-04-01
CUST-02800,2024-06-18,Nordeste,34,Básico,Anual,Pix,24,57.86,1,0,7,73.7,17,Sim,1,2026-01-07
CUST-02801,2023-05-05,Norte,30,Básico,Mensal,Cartão,38,62.32,2,0,9,32.8,25,Sim,1,2026-06-21
CUST-02802,2024-05-02,Sul,36,Premium,Bienal,Débito automático,26,145.84,3,0,9,11.1,7,Sim,1,2026-03-01
CUST-02803,2024-09-02,Sudeste,45,Básico,Mensal,Boleto,22,49.4,0,1,3,28.8,10,Sim,0,
CUST-02804,2023-07-21,Sul,38,Premium,Mensal,Cartão,35,141.42,1,0,5,26.7,0,Não,1,2026-06-19
CUST-02805,2024-08-28,Sudeste,18,Padrão,Mensal,Débito automático,22,107.42,3,0,8,45.5,4,Não,0,
CUST-02806,2024-02-23,Sudeste,30,Premium,Mensal,Cartão,28,154.92,2,1,9,16.6,5,Sim,0,
CUST-02807,2024-11-15,Sudeste,21,Básico,Anual,Cartão,19,39.0,3,0,7,29.1,12,Não,1,2026-01-12
CUST-02808,2024-06-11,Nordeste,42,Padrão,Mensal,Cartão,24,105.74,0,0,4,56.9,1,Sim,0,
CUST-02809,2025-09-21,Sudeste,45,Padrão,Mensal,Débito automático,9,112.64,4,0,8,75.8,18,Não,0,
CUST-02810,2025-03-21,Sudeste,42,Premium,Bienal,Cartão,15,147.64,2,3,10,34.6,5,Não,0,
CUST-02811,2020-12-11,Sudeste,30,Básico,Bienal,Boleto,67,65.72,0,0,2,39.9,36,Sim,0,
CUST-02812,2025-09-09,Centro-Oeste,42,Básico,Mensal,Boleto,9,56.06,2,0,9,40.7,3,Não,0,
CUST-02813,2020-09-19,Nordeste,33,Premium,Bienal,Pix,70,129.35,3,4,10,23.4,3,Sim,0,
CUST-02814,2024-04-08,Sudeste,25,Básico,Mensal,Pix,27,86.34,3,0,9,45.1,1,Não,0,
CUST-02815,2025-11-15,Sudeste,48,Padrão,Mensal,Cartão,7,96.15,3,1,7,22.0,13,Sim,1,2026-06-06
CUST-02816,2022-12-17,Sul,49,Básico,Bienal,Boleto,43,61.82,2,0,9,32.3,6,Sim,1,2026-03-21
CUST-02817,2025-10-18,Sudeste,50,Básico,Anual,Pix,8,50.26,2,1,7,10.6,7,Sim,0,
CUST-02818,2023-03-13,Sul,32,Padrão,Anual,Pix,40,94.86,1,0,8,16.3,4,Sim,0,
CUST-02819,2023-11-09,Sul,53,Padrão,Mensal,Cartão,32,101.26,0,1,7,25.9,14,Não,0,
CUST-02820,2024-05-04,Centro-Oeste,33,Padrão,Mensal,Boleto,26,84.4,1,0,7,28.6,8,Não,0,
CUST-02821,2024-01-09,Sudeste,47,Padrão,Mensal,Boleto,30,122.72,0,0,6,23.0,2,Sim,0,
CUST-02822,2023-11-18,Nordeste,33,Padrão,Bienal,Pix,31,110.73,0,0,6,29.2,4,Sim,0,
CUST-02823,2024-09-28,Sudeste,36,Premium,Mensal,Pix,21,166.24,0,0,10,12.9,25,Sim,0,
CUST-02824,2020-07-24,Norte,18,Básico,Mensal,Cartão,72,57.02,5,0,6,10.8,9,Não,1,2026-05-01
CUST-02825,2021-10-07,Norte,35,Básico,Mensal,Pix,57,48.34,1,1,3,47.0,6,Não,0,
CUST-02826,2023-01-14,Nordeste,40,Básico,Anual,Cartão,42,73.42,1,0,10,47.5,20,Sim,0,
CUST-02827,2024-11-20,Sul,34,Padrão,Mensal,Boleto,19,107.55,1,1,6,21.2,13,Não,0,
CUST-02828,2025-01-04,Sudeste,60,Básico,Anual,Cartão,18,53.41,2,1,7,32.0,9,Sim,0,
CUST-02829,2023-12-12,Nordeste,25,Padrão,Mensal,Cartão,31,83.82,4,0,6,23.6,7,Sim,0,
CUST-02830,2025-01-03,Nordeste,32,Padrão,Mensal,Cartão,18,76.94,1,3,7,25.7,12,Não,1,2026-03-29
CUST-02831,2024-08-21,Sudeste,28,Padrão,Mensal,Cartão,22,99.4,0,0,6,30.4,2,Sim,1,2026-01-28
CUST-02832,2022-12-29,Sul,32,Premium,Mensal,Pix,42,155.52,3,0,10,26.8,11,Sim,1,2026-01-01
CUST-02833,2021-09-21,Sul,51,Padrão,Anual,Boleto,58,115.6,1,2,7,50.0,8,Não,1,2026-03-22
CUST-02834,2023-12-02,Nordeste,57,Padrão,Anual,Pix,31,112.89,0,0,5,39.6,17,Não,1,2026-06-06
CUST-02835,2024-01-17,Nordeste,31,Básico,Mensal,Pix,29,59.54,2,1,1,26.1,4,Sim,1,2026-01-10
CUST-02836,2025-12-27,Nordeste,30,Padrão,Mensal,Pix,6,97.86,1,1,9,35.0,6,Sim,0,
CUST-02837,2023-02-12,Nordeste,25,Básico,Mensal,Pix,41,42.87,0,0,6,45.2,5,Não,0,
CUST-02838,2022-11-17,Sudeste,55,Premium,Bienal,Débito automático,44,173.85,2,1,8,21.8,2,Sim,0,
CUST-02839,2022-05-15,Sudeste,52,Padrão,Bienal,Boleto,50,98.21,0,3,5,54.1,3,Sim,0,
CUST-02840,2020-07-03,Sudeste,38,Básico,Anual,Boleto,72,67.47,1,1,7,24.4,5,Sim,0,
CUST-02841,2024-12-14,Nordeste,22,Básico,Mensal,Débito automático,18,75.48,5,0,7,69.5,2,Sim,0,
CUST-02842,2021-04-23,Sul,23,Padrão,Mensal,Débito automático,63,91.08,2,0,9,35.4,5,Sim,0,
CUST-02843,2021-07-29,Sul,41,Premium,Bienal,Pix,59,147.41,4,0,7,4.9,5,Sim,0,
CUST-02844,2024-01-26,Sudeste,46,Básico,Mensal,Pix,29,93.56,4,0,5,13.7,2,Sim,0,
CUST-02845,2025-10-06,Sudeste,18,Básico,Anual,Boleto,8,67.32,1,0,10,18.9,32,Não,0,
CUST-02846,2021-12-07,Sul,35,Padrão,Bienal,Cartão,55,95.1,3,0,8,17.1,10,Não,0,
CUST-02847,2021-03-07,Sudeste,58,Premium,Anual,Pix,64,176.36,1,2,5,39.2,8,Sim,1,2026-03-13
CUST-02848,2025-07-23,Sudeste,36,Premium,Anual,Débito automático,11,154.68,1,1,7,21.0,9,Não,0,
CUST-02849,2023-05-17,Nordeste,57,Básico,Mensal,Pix,38,63.56,2,1,8,35.3,4,Sim,0,
CUST-02850,2024-03-24,Sudeste,47,Padrão,Bienal,Cartão,27,91.04,3,0,8,37.9,13,Sim,0,
CUST-02851,2024-05-08,Sudeste,26,Padrão,Mensal,Pix,26,98.76,1,2,8,29.1,17,Não,1,2026-03-10
CUST-02852,2025-11-22,Sul,35,Padrão,Bienal,Cartão,7,95.16,0,1,8,58.8,7,Sim,0,
CUST-02853,2022-01-21,Nordeste,37,Padrão,Mensal,Pix,54,88.47,2,1,9,36.5,11,Sim,0,
CUST-02854,2024-11-04,Sudeste,28,Padrão,Anual,Pix,20,102.4,1,0,9,11.2,2,Sim,0,
CUST-02855,2020-07-25,Nordeste,27,Padrão,Bienal,Pix,72,90.06,3,0,9,36.6,16,Não,0,
CUST-02856,2024-08-01,Norte,57,Básico,Mensal,Pix,23,67.06,1,0,3,28.6,10,Não,1,2026-04-13
CUST-02857,2024-12-09,Nordeste,27,Básico,Mensal,Cartão,18,54.74,4,1,3,91.9,13,Não,1,2026-05-25
CUST-02858,2024-11-08,Sul,52,Básico,Mensal,Pix,19,39.0,1,2,5,8.7,6,Sim,0,
CUST-02859,2024-07-29,Nordeste,34,Básico,Anual,Cartão,23,67.69,2,1,7,53.0,7,Sim,0,
CUST-02860,2024-07-20,Sul,39,Padrão,Anual,Pix,23,107.93,1,0,6,41.3,9,Sim,0,
CUST-02861,2021-12-25,Sudeste,46,Premium,Mensal,Boleto,54,190.55,1,2,5,26.3,14,Sim,0,
CUST-02862,2024-07-31,Sul,32,Premium,Anual,Cartão,23,159.25,2,2,8,22.0,2,Não,1,2026-05-08
CUST-02863,2021-07-23,Sudeste,46,Básico,Bienal,Débito automático,60,61.57,2,1,5,50.8,16,Não,0,
CUST-02864,2022-02-17,Sudeste,18,Básico,Bienal,Boleto,53,65.7,1,0,2,35.4,22,Sim,0,
CUST-02865,2022-06-05,Sudeste,44,Padrão,Anual,Cartão,49,113.28,1,2,4,6.8,6,Não,0,
CUST-02866,2022-11-29,Sudeste,18,Padrão,Bienal,Pix,43,112.4,1,0,6,65.7,6,Sim,0,
CUST-02867,2025-07-05,Sudeste,36,Básico,Anual,Cartão,12,63.46,1,0,7,31.1,18,Sim,0,
CUST-02868,2022-10-09,Sul,49,Padrão,Mensal,Cartão,45,98.54,1,0,9,57.0,32,Sim,1,2026-03-13
CUST-02869,2022-02-16,Norte,46,Básico,Bienal,Débito automático,53,70.8,1,0,8,31.8,2,Não,0,
CUST-02870,2021-05-20,Sudeste,23,Básico,Mensal,Boleto,62,57.96,1,0,3,24.7,8,Não,0,
CUST-02871,2025-11-15,Nordeste,25,Padrão,Bienal,Boleto,7,80.95,3,1,10,33.7,1,Não,0,
CUST-02872,2022-03-10,Sul,31,Padrão,Anual,Boleto,52,77.98,1,1,7,73.2,2,Sim,0,
CUST-02873,2025-11-06,Sudeste,41,Padrão,Anual,Débito automático,7,94.89,0,0,7,27.4,12,Não,0,
CUST-02874,2023-03-10,Sudeste,18,Padrão,Mensal,Débito automático,40,100.68,1,2,7,19.7,7,Não,1,2026-01-14
CUST-02875,2023-06-29,Sudeste,39,Premium,Mensal,Cartão,36,193.61,3,0,5,33.0,11,Sim,1,2026-03-06
CUST-02876,2025-04-27,Sudeste,43,Básico,Mensal,Cartão,14,57.32,1,1,8,59.2,9,Não,1,2026-04-25
CUST-02877,2024-02-03,Sudeste,36,Padrão,Anual,Pix,29,99.65,0,1,3,24.6,7,Sim,0,
CUST-02878,2024-06-03,Sudeste,45,Básico,Anual,Pix,25,53.34,0,1,10,105.3,16,Sim,0,
CUST-02879,2023-05-25,Sul,42,Padrão,Mensal,Pix,37,107.66,0,1,7,10.4,19,Sim,1,2026-01-07
CUST-02880,2024-02-23,Sudeste,33,Padrão,Mensal,Cartão,28,102.92,2,1,8,38.2,6,Sim,0,
CUST-02881,2023-08-19,Sudeste,18,Padrão,Anual,Boleto,34,90.06,2,0,8,31.0,2,Não,0,
CUST-02882,2024-08-14,Sudeste,41,Básico,Mensal,Cartão,22,44.84,3,1,6,22.1,10,Sim,0,
CUST-02883,2020-07-15,Sul,28,Padrão,Mensal,Boleto,72,93.37,1,0,10,67.5,2,Sim,0,
CUST-02884,2023-08-29,Sudeste,32,Básico,Mensal,Pix,34,47.19,3,0,6,36.7,1,Sim,0,
CUST-02885,2024-11-11,Sul,45,Premium,Anual,Cartão,19,155.76,0,1,5,61.9,3,Sim,0,
CUST-02886,2024-12-12,Sudeste,56,Básico,Anual,Débito automático,18,60.98,2,3,7,19.9,3,Sim,0,
CUST-02887,2022-11-05,Sudeste,39,Premium,Anual,Pix,44,151.98,3,3,4,30.7,12,Não,0,
CUST-02888,2020-07-12,Norte,46,Padrão,Mensal,Boleto,72,119.36,1,1,6,16.0,23,Sim,0,
CUST-02889,2021-10-12,Sudeste,22,Padrão,Mensal,Débito automático,57,115.23,1,0,8,60.4,19,Sim,0,
CUST-02890,2024-03-25,Sudeste,42,Padrão,Anual,Cartão,27,95.79,2,0,9,21.8,4,Não,0,
CUST-02891,2025-12-09,Sudeste,38,Padrão,Bienal,Cartão,6,85.5,2,0,7,17.7,7,Sim,0,
CUST-02892,2025-04-08,Norte,54,Padrão,Mensal,Cartão,14,98.58,0,1,5,53.6,5,Sim,1,2026-04-30
CUST-02893,2025-01-31,Nordeste,33,Padrão,Anual,Cartão,17,97.13,2,0,6,62.6,16,Sim,0,
CUST-02894,2025-12-09,Nordeste,36,Padrão,Anual,Débito automático,6,98.12,1,0,6,29.9,9,Não,0,
CUST-02895,2024-07-09,Norte,52,Padrão,Bienal,Boleto,24,93.43,4,1,7,55.8,13,Sim,0,
CUST-02896,2023-03-13,Sudeste,38,Padrão,Mensal,Pix,40,84.31,4,2,6,36.9,3,Não,0,
CUST-02897,2024-10-11,Norte,26,Padrão,Mensal,Boleto,20,99.49,4,0,5,39.3,37,Sim,1,2026-03-06
CUST-02898,2022-08-03,Sudeste,70,Padrão,Mensal,Débito automático,47,94.09,1,0,5,17.5,1,Sim,0,
CUST-02899,2024-12-12,Nordeste,26,Padrão,Anual,Cartão,18,95.33,5,0,3,19.8,2,Sim,0,
CUST-02900,2025-09-30,Sudeste,38,Padrão,Anual,Cartão,9,100.32,2,0,9,47.7,13,Não,0,
CUST-02901,2025-02-19,Sudeste,43,Premium,Mensal,Boleto,16,158.03,1,0,9,26.4,1,Sim,0,
CUST-02902,2025-04-06,Norte,42,Básico,Mensal,Boleto,15,60.01,2,0,5,11.1,23,Sim,0,
CUST-02903,2025-11-13,Sudeste,37,Básico,Mensal,Cartão,7,53.44,1,0,8,38.2,19,Sim,0,
CUST-02904,2025-06-23,Norte,37,Básico,Anual,Pix,12,64.04,1,1,7,30.7,12,Sim,0,
CUST-02905,2026-01-28,Sudeste,36,Padrão,Bienal,Cartão,5,88.95,0,1,4,23.5,3,Sim,1,2026-06-14
CUST-02906,2026-01-23,Nordeste,26,Padrão,Mensal,Pix,5,83.77,4,2,5,12.5,13,Sim,1,2026-04-23
CUST-02907,2024-11-04,Norte,65,Padrão,Anual,Boleto,20,86.54,3,0,7,29.0,6,Sim,0,
CUST-02908,2025-01-09,Sudeste,36,Básico,Mensal,Cartão,17,49.53,1,0,9,29.8,2,Sim,0,
CUST-02909,2020-07-18,Centro-Oeste,46,Premium,Bienal,Boleto,72,140.97,0,0,8,32.1,6,Sim,0,
CUST-02910,2025-05-10,Sul,35,Padrão,Anual,Pix,13,75.3,2,1,6,7.1,6,Sim,0,
CUST-02911,2024-12-04,Nordeste,35,Padrão,Mensal,Boleto,19,106.05,2,2,8,44.0,6,Sim,1,2026-03-01
CUST-02912,2023-12-24,Sudeste,34,Básico,Anual,Boleto,30,76.84,1,0,7,36.9,11,Sim,0,
CUST-02913,2022-06-02,Sul,20,Básico,Anual,Pix,49,66.81,2,0,6,13.2,4,Sim,0,
CUST-02914,2021-06-26,Nordeste,37,Básico,Bienal,Cartão,61,52.24,2,3,9,42.3,5,Sim,0,
CUST-02915,2023-12-20,Sul,34,Básico,Anual,Cartão,30,39.0,1,1,7,40.3,6,Sim,0,
CUST-02916,2024-07-07,Sudeste,53,Padrão,Mensal,Boleto,24,101.69,2,0,8,36.8,17,Não,0,
CUST-02917,2025-03-11,Sudeste,25,Básico,Mensal,Boleto,15,39.0,2,3,5,23.9,26,Não,1,2026-06-14
CUST-02918,2024-03-05,Centro-Oeste,32,Básico,Anual,Cartão,28,57.79,1,0,6,48.9,2,Não,0,
CUST-02919,2021-09-05,Sudeste,28,Básico,Mensal,Débito automático,58,47.81,1,0,9,65.0,5,Sim,0,
CUST-02920,2024-03-23,Nordeste,56,Básico,Bienal,Boleto,27,39.0,2,0,7,29.4,9,Não,0,
CUST-02921,2023-07-19,Norte,29,Básico,Mensal,Cartão,35,79.73,1,1,7,16.1,1,Não,0,
CUST-02922,2022-10-03,Sudeste,46,Básico,Bienal,Cartão,45,41.42,4,0,5,19.4,5,Não,0,
CUST-02923,2023-09-21,Sudeste,51,Básico,Mensal,Pix,33,54.02,5,0,8,17.8,12,Sim,0,
CUST-02924,2023-06-14,Nordeste,37,Padrão,Mensal,Cartão,37,97.19,2,0,5,36.2,8,Não,0,
CUST-02925,2023-10-15,Sudeste,22,Premium,Mensal,Débito automático,32,152.41,6,0,8,37.4,2,Não,0,
CUST-02926,2025-06-14,Sul,23,Padrão,Anual,Boleto,12,105.5,3,0,5,7.2,13,Não,1,2026-04-10
CUST-02927,2024-02-20,Nordeste,49,Básico,Anual,Cartão,28,48.63,3,1,7,21.9,12,Sim,0,
CUST-02928,2024-01-11,Sul,24,Premium,Mensal,Pix,30,164.35,1,0,10,36.8,4,Não,0,
CUST-02929,2020-07-25,Sudeste,44,Premium,Mensal,Cartão,72,163.46,2,0,8,35.4,21,Sim,0,
CUST-02930,2025-02-14,Nordeste,40,Padrão,Bienal,Pix,16,79.71,4,0,6,22.7,8,Sim,1,2026-05-23
CUST-02931,2024-01-16,Sul,44,Básico,Mensal,Cartão,29,62.3,4,0,9,32.2,2,Não,0,
CUST-02932,2024-10-10,Sudeste,45,Padrão,Mensal,Boleto,20,84.24,3,1,6,101.7,8,Sim,0,
CUST-02933,2020-10-31,Sul,28,Premium,Bienal,Boleto,68,142.68,3,5,5,32.3,11,Sim,1,2026-04-22
CUST-02934,2022-02-10,Centro-Oeste,27,Padrão,Mensal,Débito automático,53,103.07,0,0,6,17.9,1,Não,1,2026-02-24
CUST-02935,2024-02-09,Nordeste,48,Padrão,Mensal,Cartão,29,93.28,1,1,9,26.8,10,Não,0,
CUST-02936,2026-05-07,Sul,31,Padrão,Mensal,Pix,1,104.22,2,1,9,53.2,4,Sim,0,
CUST-02937,2022-01-07,Sudeste,18,Premium,Anual,Boleto,54,164.34,1,0,6,25.4,19,Não,0,
CUST-02938,2025-10-04,Sudeste,47,Básico,Mensal,Pix,8,39.01,2,1,7,29.7,9,Sim,0,
CUST-02939,2026-01-30,Sudeste,27,Básico,Bienal,Pix,5,69.37,3,0,8,60.8,8,Não,0,
CUST-02940,2022-08-18,Sudeste,45,Premium,Mensal,Débito automático,47,162.99,1,0,10,18.0,6,Sim,0,
CUST-02941,2023-06-17,Norte,56,Básico,Bienal,Boleto,36,50.79,0,2,7,34.8,17,Sim,0,
CUST-02942,2023-09-12,Sudeste,39,Padrão,Mensal,Débito automático,34,97.1,3,1,10,26.7,11,Sim,0,
CUST-02943,2025-02-12,Nordeste,51,Básico,Mensal,Pix,16,69.77,2,0,8,38.4,10,Não,0,
CUST-02944,2025-11-18,Sudeste,41,Básico,Mensal,Pix,7,54.53,0,0,9,26.2,18,Não,0,
CUST-02945,2026-04-27,Sudeste,58,Básico,Mensal,Pix,2,88.61,1,0,9,14.7,20,Não,1,2026-05-03
CUST-02946,2023-08-16,Sudeste,26,Padrão,Mensal,Pix,34,119.87,4,0,7,16.8,2,Não,0,
CUST-02947,2025-09-18,Sudeste,39,Padrão,Anual,Cartão,9,100.63,0,0,7,58.2,44,Não,0,
CUST-02948,2023-04-28,Nordeste,47,Padrão,Anual,Débito automático,38,95.81,3,1,7,33.8,1,Não,0,
CUST-02949,2025-08-31,Norte,37,Básico,Anual,Pix,10,56.41,3,1,8,28.6,8,Sim,0,
CUST-02950,2024-01-06,Centro-Oeste,53,Premium,Mensal,Pix,30,150.59,1,3,10,66.1,2,Não,0,
CUST-02951,2025-07-08,Sudeste,34,Padrão,Anual,Débito automático,11,100.75,3,0,10,39.1,13,Sim,0,
CUST-02952,2022-11-09,Nordeste,64,Premium,Mensal,Boleto,44,168.63,3,0,10,25.2,14,Não,1,2026-02-28
CUST-02953,2023-10-03,Sudeste,64,Básico,Anual,Cartão,33,40.11,1,2,6,36.8,2,Não,1,2026-05-03
CUST-02954,2024-03-11,Centro-Oeste,42,Básico,Anual,Pix,28,68.0,2,1,6,57.8,17,Sim,0,
CUST-02955,2025-05-14,Sul,46,Padrão,Mensal,Pix,13,112.07,3,0,5,47.7,0,Não,0,
CUST-02956,2025-11-27,Sudeste,53,Premium,Mensal,Cartão,7,167.01,2,0,7,25.7,13,Não,1,2026-02-23
CUST-02957,2023-08-28,Sudeste,25,Básico,Bienal,Cartão,34,57.18,4,0,9,34.9,1,Sim,0,
CUST-02958,2025-02-12,Sudeste,23,Padrão,Mensal,Boleto,16,106.43,3,1,6,29.4,19,Sim,1,2026-03-10
CUST-02959,2024-03-24,Sudeste,54,Padrão,Anual,Boleto,27,117.19,0,1,7,90.8,5,Não,0,
CUST-02960,2024-05-12,Centro-Oeste,42,Básico,Bienal,Débito automático,25,58.19,0,0,8,88.6,3,Sim,0,
CUST-02961,2024-06-20,Nordeste,36,Padrão,Mensal,Pix,24,99.33,1,0,6,47.2,21,Não,1,2026-01-16
CUST-02962,2022-01-25,Norte,39,Básico,Mensal,Pix,53,88.86,1,0,7,20.2,13,Sim,1,2026-02-28
CUST-02963,2024-05-28,Sudeste,18,Básico,Mensal,Cartão,25,63.3,2,0,9,48.8,6,Sim,1,2026-01-09
CUST-02964,2025-06-27,Sul,37,Premium,Anual,Débito automático,12,144.9,1,0,7,12.3,8,Sim,0,
CUST-02965,2023-03-19,Sudeste,30,Padrão,Mensal,Débito automático,39,111.22,2,1,6,11.6,22,Sim,1,2026-06-06
CUST-02966,2023-04-20,Sul,50,Padrão,Mensal,Débito automático,38,104.63,1,1,7,35.4,5,Sim,0,
CUST-02967,2025-03-30,Sudeste,51,Padrão,Mensal,Pix,15,89.82,1,1,8,34.9,2,Não,1,2026-03-29
CUST-02968,2025-05-30,Sudeste,46,Premium,Bienal,Cartão,13,143.54,1,1,10,35.8,8,Sim,1,2026-06-19
CUST-02969,2023-10-19,Sul,44,Padrão,Bienal,Pix,32,102.34,2,0,10,43.3,4,Não,0,
CUST-02970,2025-09-27,Sudeste,21,Padrão,Anual,Pix,9,98.16,1,0,10,27.6,11,Sim,0,
CUST-02971,2023-10-08,Sul,46,Básico,Bienal,Pix,33,41.58,4,1,5,49.9,10,Sim,0,
CUST-02972,2021-05-24,Nordeste,47,Padrão,Anual,Cartão,62,97.76,3,0,10,26.0,7,Não,0,
CUST-02973,2023-03-29,Sudeste,54,Padrão,Bienal,Cartão,39,96.88,1,0,10,36.0,3,Sim,0,
CUST-02974,2021-02-05,Norte,64,Padrão,Mensal,Pix,65,98.13,2,2,7,21.5,6,Não,1,2026-06-19
CUST-02975,2024-04-11,Sul,19,Básico,Mensal,Débito automático,27,65.88,1,0,6,29.3,9,Sim,1,2026-04-21
CUST-02976,2024-04-04,Nordeste,34,Básico,Bienal,Boleto,27,39.0,4,0,9,25.4,4,Sim,0,
CUST-02977,2024-01-21,Nordeste,30,Premium,Mensal,Boleto,29,143.43,4,1,6,29.5,5,Não,0,
CUST-02978,2023-08-01,Nordeste,41,Premium,Mensal,Cartão,35,152.18,2,0,5,44.2,14,Sim,0,
CUST-02979,2023-09-12,Nordeste,39,Básico,Anual,Boleto,34,77.57,2,0,4,49.1,4,Não,0,
CUST-02980,2025-05-27,Centro-Oeste,36,Padrão,Anual,Pix,13,132.15,4,0,4,52.1,5,Não,0,
CUST-02981,2024-05-16,Nordeste,51,Padrão,Mensal,Cartão,25,99.07,0,1,8,26.0,3,Sim,0,
CUST-02982,2022-03-20,Sudeste,26,Padrão,Mensal,Pix,52,99.64,0,0,9,38.3,5,Sim,0,
CUST-02983,2025-07-26,Sudeste,27,Padrão,Mensal,Cartão,11,64.79,2,0,5,21.5,2,Sim,0,
CUST-02984,2024-02-06,Sul,27,Padrão,Mensal,Débito automático,29,111.66,1,1,8,42.9,7,Não,0,
CUST-02985,2023-08-22,Sudeste,35,Básico,Mensal,Débito automático,34,65.3,3,0,8,14.2,5,Não,1,2026-05-28
CUST-02986,2023-09-10,Sudeste,24,Básico,Mensal,Cartão,34,62.96,0,2,8,71.7,10,Sim,0,
CUST-02987,2025-11-25,Sudeste,38,Padrão,Anual,Pix,7,81.55,1,1,9,22.7,7,Não,0,
CUST-02988,2025-07-29,Sul,37,Padrão,Mensal,Pix,11,126.72,1,1,8,39.8,5,Não,1,2026-02-25
CUST-02989,2022-04-06,Sudeste,30,Básico,Mensal,Cartão,51,80.29,2,1,10,99.9,15,Sim,0,
CUST-02990,2022-05-12,Nordeste,49,Básico,Anual,Boleto,50,63.12,1,1,8,27.3,23,Sim,0,
CUST-02991,2024-05-06,Nordeste,38,Padrão,Mensal,Boleto,26,112.89,1,0,4,40.2,5,Não,1,2026-01-12
CUST-02992,2023-11-28,Nordeste,52,Padrão,Mensal,Boleto,31,99.72,4,1,10,14.9,13,Não,1,2026-02-22
CUST-02993,2025-06-19,Sudeste,37,Básico,Mensal,Cartão,12,70.5,6,1,5,38.3,6,Não,1,2026-02-25
CUST-02994,2025-09-27,Sul,39,Padrão,Anual,Pix,9,80.7,1,1,7,17.9,3,Não,0,
CUST-02995,2026-01-14,Sul,32,Premium,Mensal,Cartão,5,127.17,1,0,10,31.2,10,Sim,0,
CUST-02996,2025-09-14,Sul,39,Básico,Mensal,Cartão,9,41.23,3,0,8,13.2,9,Sim,1,2026-06-01
CUST-02997,2023-12-09,Nordeste,48,Padrão,Anual,Cartão,31,87.71,2,1,5,37.7,11,Não,1,2026-03-28
CUST-02998,2024-08-02,Sudeste,34,Básico,Anual,Cartão,23,49.99,2,3,8,28.7,8,Não,0,
CUST-02999,2024-03-11,Norte,45,Padrão,Anual,Cartão,28,105.27,1,0,8,28.0,7,Sim,0,
CUST-03000,2024-04-05,Sudeste,29,Básico,Bienal,Pix,27,55.4,2,1,8,12.0,6,Não,0,
CUST-03001,2025-08-03,Nordeste,48,Básico,Anual,Boleto,11,58.6,0,4,6,35.2,14,Sim,0,
CUST-03002,2023-09-18,Sul,32,Básico,Mensal,Cartão,33,42.42,3,0,4,28.3,10,Sim,0,
CUST-03003,2021-12-17,Sudeste,49,Básico,Mensal,Cartão,55,41.2,1,1,5,22.4,9,Não,0,
CUST-03004,2025-07-28,Nordeste,40,Premium,Mensal,Débito automático,11,159.58,3,2,5,19.4,8,Não,1,2026-05-17
CUST-03005,2024-07-09,Sudeste,57,Padrão,Mensal,Débito automático,24,91.41,0,0,10,41.9,4,Sim,0,
CUST-03006,2023-03-09,Nordeste,25,Premium,Mensal,Cartão,40,159.06,2,1,5,36.5,7,Sim,1,2026-03-23
CUST-03007,2022-05-02,Sul,21,Padrão,Mensal,Pix,50,106.62,2,1,7,32.7,15,Sim,0,
CUST-03008,2023-08-01,Sudeste,32,Padrão,Anual,Cartão,35,121.95,2,0,10,81.4,4,Não,0,
CUST-03009,2025-06-08,Sudeste,22,Básico,Anual,Débito automático,12,58.71,3,1,8,51.4,3,Sim,0,
CUST-03010,2026-01-05,Nordeste,22,Padrão,Mensal,Pix,5,124.39,4,1,10,42.4,2,Sim,1,2026-01-31
CUST-03011,2024-10-16,Sudeste,46,Padrão,Mensal,Cartão,20,104.69,2,3,6,32.9,13,Sim,1,2026-06-20
CUST-03012,2024-08-15,Centro-Oeste,39,Premium,Mensal,Boleto,22,168.65,4,1,8,40.6,29,Não,1,2026-03-24
CUST-03013,2022-05-09,Nordeste,33,Premium,Mensal,Boleto,50,173.74,0,1,10,66.8,27,Sim,0,
CUST-03014,2024-12-01,Nordeste,34,Básico,Mensal,Cartão,19,69.08,0,0,9,14.0,1,Sim,1,2026-05-25
CUST-03015,2025-07-24,Sudeste,32,Padrão,Mensal,Cartão,11,87.78,3,0,9,36.8,4,Sim,0,
CUST-03016,2025-05-06,Nordeste,59,Padrão,Mensal,Pix,14,114.16,1,0,5,39.9,8,Sim,0,
CUST-03017,2023-08-07,Norte,30,Padrão,Bienal,Cartão,35,93.76,0,1,9,18.2,16,Não,0,
CUST-03018,2024-04-30,Sudeste,23,Básico,Mensal,Cartão,26,63.22,5,0,8,33.5,1,Não,0,
CUST-03019,2024-07-11,Sudeste,49,Padrão,Mensal,Boleto,23,100.86,3,0,7,44.9,2,Não,0,
CUST-03020,2022-04-11,Sudeste,36,Padrão,Mensal,Boleto,51,115.02,3,1,6,42.7,5,Sim,0,
CUST-03021,2026-03-29,Sudeste,63,Básico,Mensal,Boleto,3,64.5,1,1,8,32.3,3,Sim,1,2026-04-01
CUST-03022,2022-10-13,Nordeste,33,Padrão,Mensal,Boleto,45,79.59,0,1,5,36.3,3,Sim,0,
CUST-03023,2026-05-13,Sul,49,Básico,Bienal,Pix,1,88.28,1,1,6,33.8,6,Sim,0,
CUST-03024,2022-11-02,Sul,52,Premium,Mensal,Pix,44,170.69,2,2,9,15.4,10,Sim,1,2026-01-01
CUST-03025,2024-01-28,Sudeste,33,Básico,Mensal,Boleto,29,51.29,1,1,9,26.5,3,Sim,0,
CUST-03026,2024-03-15,Sudeste,30,Básico,Bienal,Cartão,27,43.08,3,1,8,117.2,8,Não,0,
CUST-03027,2024-02-16,Sudeste,48,Básico,Mensal,Cartão,28,72.29,3,0,6,33.7,8,Sim,0,
CUST-03028,2022-11-17,Centro-Oeste,46,Premium,Mensal,Cartão,44,144.73,0,1,5,25.2,6,Não,0,
CUST-03029,2025-08-11,Sul,22,Padrão,Anual,Boleto,10,110.21,5,3,5,44.4,2,Sim,0,
CUST-03030,2023-04-25,Sudeste,25,Básico,Mensal,Pix,38,73.97,1,1,10,13.7,2,Sim,0,
CUST-03031,2022-10-29,Nordeste,18,Básico,Bienal,Pix,44,49.9,3,0,8,26.3,5,Sim,0,
CUST-03032,2024-07-07,Sudeste,46,Padrão,Mensal,Pix,24,88.65,4,0,7,28.1,5,Não,1,2026-02-22
CUST-03033,2025-03-03,Sudeste,36,Padrão,Anual,Boleto,16,92.42,1,0,7,44.6,15,Não,0,
CUST-03034,2025-12-07,Sudeste,37,Básico,Mensal,Cartão,6,45.16,1,2,9,33.7,16,Não,1,2026-05-09
CUST-03035,2020-07-08,Norte,19,Premium,Anual,Pix,72,162.21,2,0,5,34.6,10,Sim,0,
CUST-03036,2024-02-19,Nordeste,26,Básico,Anual,Boleto,28,64.21,2,1,6,32.5,1,Sim,0,
CUST-03037,2026-01-10,Nordeste,33,Padrão,Anual,Boleto,5,109.18,2,0,8,20.2,14,Não,0,
CUST-03038,2025-06-17,Sudeste,31,Básico,Anual,Pix,12,47.33,3,0,8,34.8,3,Sim,1,2026-05-12
CUST-03039,2025-01-10,Sudeste,40,Padrão,Anual,Cartão,17,110.76,1,1,9,36.1,10,Não,0,
CUST-03040,2022-09-23,Nordeste,46,Padrão,Mensal,Débito automático,45,85.17,2,2,9,28.1,2,Não,1,2026-04-10
CUST-03041,2025-06-23,Sudeste,66,Padrão,Mensal,Pix,12,110.75,3,0,5,40.3,9,Sim,1,2026-03-19
CUST-03042,2025-02-14,Centro-Oeste,39,Padrão,Mensal,Débito automático,16,78.19,2,1,0,22.5,10,Sim,1,2026-03-27
CUST-03043,2023-03-10,Nordeste,52,Premium,Mensal,Boleto,40,180.95,6,1,8,27.4,6,Não,0,
CUST-03044,2024-11-11,Sul,29,Padrão,Mensal,Débito automático,19,91.7,2,0,5,57.2,5,Não,1,2026-04-05
CUST-03045,2024-04-11,Nordeste,19,Padrão,Anual,Cartão,27,107.39,2,1,8,23.2,5,Sim,1,2026-02-07
CUST-03046,2025-10-16,Norte,35,Padrão,Anual,Pix,8,108.5,1,0,10,26.2,12,Não,0,
CUST-03047,2025-08-31,Sul,20,Premium,Bienal,Cartão,10,141.23,0,0,5,36.9,7,Não,0,
CUST-03048,2025-07-30,Nordeste,39,Básico,Mensal,Cartão,11,70.69,2,0,8,62.0,1,Sim,0,
CUST-03049,2024-06-30,Centro-Oeste,30,Básico,Anual,Cartão,24,51.29,3,0,9,47.4,5,Sim,0,
CUST-03050,2024-03-28,Sudeste,18,Básico,Anual,Pix,27,54.71,2,0,8,36.1,12,Não,0,
CUST-03051,2024-02-19,Centro-Oeste,60,Premium,Bienal,Pix,28,149.62,4,0,8,32.0,16,Não,0,
CUST-03052,2022-04-15,Sudeste,33,Básico,Anual,Boleto,51,81.59,1,3,3,11.7,15,Sim,0,
CUST-03053,2025-02-22,Nordeste,19,Básico,Mensal,Cartão,16,42.62,1,1,7,35.0,6,Sim,0,
CUST-03054,2025-11-05,Nordeste,50,Padrão,Mensal,Cartão,7,105.02,0,2,7,21.4,2,Sim,1,2026-05-24
CUST-03055,2023-01-28,Nordeste,30,Básico,Bienal,Pix,41,50.27,0,2,9,20.5,6,Sim,0,
CUST-03056,2024-02-02,Sul,52,Básico,Anual,Boleto,29,74.28,1,0,9,17.4,23,Sim,0,
CUST-03057,2023-04-14,Nordeste,30,Padrão,Anual,Cartão,39,131.5,2,0,6,47.6,2,Não,0,
CUST-03058,2024-01-25,Sudeste,33,Básico,Anual,Boleto,29,50.18,0,2,3,24.8,1,Sim,0,
CUST-03059,2025-02-04,Sudeste,43,Premium,Anual,Cartão,17,160.96,1,0,4,16.5,3,Sim,0,
CUST-03060,2025-01-24,Sudeste,46,Básico,Anual,Pix,17,53.61,1,0,10,29.4,12,Não,0,
CUST-03061,2025-04-13,Sul,48,Premium,Bienal,Boleto,14,173.53,2,1,7,59.1,4,Sim,0,
CUST-03062,2021-11-21,Sul,38,Padrão,Bienal,Pix,56,95.52,2,1,4,19.1,12,Sim,1,2026-02-04
CUST-03063,2020-07-12,Sudeste,45,Básico,Mensal,Boleto,72,71.68,2,0,4,62.9,29,Sim,1,2026-05-05
CUST-03064,2023-07-10,Centro-Oeste,48,Básico,Mensal,Débito automático,36,53.43,0,0,8,38.2,9,Sim,0,
CUST-03065,2024-09-22,Sudeste,41,Padrão,Mensal,Cartão,21,130.41,1,0,7,62.5,2,Sim,0,
CUST-03066,2025-04-02,Sul,37,Básico,Mensal,Pix,15,39.0,5,1,10,29.0,13,Sim,1,2026-06-15
CUST-03067,2023-10-07,Sudeste,22,Básico,Anual,Débito automático,33,64.28,1,3,7,46.1,37,Não,0,
CUST-03068,2025-10-21,Sudeste,46,Premium,Anual,Boleto,8,158.85,2,0,8,72.4,3,Sim,0,
CUST-03069,2023-07-07,Nordeste,40,Padrão,Mensal,Pix,36,98.35,2,1,7,24.3,2,Não,1,2026-02-21
CUST-03070,2025-03-23,Sul,34,Premium,Mensal,Cartão,15,163.0,2,2,9,30.1,11,Sim,1,2026-05-26
CUST-03071,2026-04-28,Sudeste,54,Básico,Mensal,Cartão,2,59.82,2,0,10,34.6,8,Não,1,2026-05-01
CUST-03072,2021-02-18,Norte,22,Básico,Anual,Débito automático,65,62.07,1,2,9,4.8,14,Não,0,
CUST-03073,2022-12-19,Nordeste,59,Padrão,Anual,Boleto,42,104.71,2,0,10,6.6,41,Sim,0,
CUST-03074,2025-11-06,Nordeste,39,Básico,Mensal,Cartão,7,83.49,1,0,8,37.1,1,Não,0,
CUST-03075,2022-08-31,Centro-Oeste,43,Básico,Mensal,Cartão,46,39.0,1,1,4,6.6,7,Sim,0,
CUST-03076,2025-05-04,Centro-Oeste,34,Básico,Mensal,Boleto,14,84.86,0,0,5,39.9,1,Sim,0,
CUST-03077,2022-09-17,Sudeste,19,Básico,Mensal,Pix,46,94.84,3,1,9,35.7,3,Sim,0,
CUST-03078,2024-06-28,Nordeste,37,Padrão,Anual,Débito automático,24,74.48,3,2,7,26.5,9,Não,0,
CUST-03079,2024-05-17,Sul,43,Básico,Bienal,Pix,25,59.67,0,0,7,92.5,4,Sim,0,
CUST-03080,2024-04-10,Sudeste,47,Premium,Mensal,Pix,27,178.2,1,0,5,50.9,7,Sim,0,
CUST-03081,2024-07-08,Sudeste,37,Básico,Mensal,Cartão,24,71.86,3,0,10,63.5,8,Não,0,
CUST-03082,2025-07-15,Sudeste,18,Básico,Mensal,Pix,11,82.47,1,0,10,27.7,6,Não,0,
CUST-03083,2021-02-20,Nordeste,21,Básico,Mensal,Cartão,65,64.21,2,1,7,24.2,2,Não,1,2026-04-02
CUST-03084,2023-07-06,Nordeste,64,Padrão,Mensal,Cartão,36,70.54,0,2,7,41.1,2,Não,1,2026-05-08
CUST-03085,2025-10-01,Nordeste,26,Premium,Mensal,Cartão,9,177.26,1,1,10,34.1,4,Sim,0,
CUST-03086,2025-02-10,Sudeste,56,Premium,Mensal,Cartão,16,167.9,2,0,9,25.7,4,Sim,0,
CUST-03087,2021-01-10,Sudeste,28,Básico,Anual,Boleto,66,79.53,2,0,4,25.9,15,Sim,0,
CUST-03088,2025-11-10,Sul,37,Padrão,Mensal,Cartão,7,77.52,2,0,9,15.6,2,Não,0,
CUST-03089,2023-08-15,Sul,47,Premium,Anual,Pix,35,141.98,1,1,8,51.7,1,Não,0,
CUST-03090,2025-07-25,Centro-Oeste,29,Básico,Mensal,Boleto,11,59.23,1,0,7,47.1,9,Não,0,
CUST-03091,2025-04-07,Centro-Oeste,58,Padrão,Mensal,Cartão,14,117.66,3,1,5,9.3,9,Não,1,2026-02-18
CUST-03092,2024-06-12,Centro-Oeste,40,Básico,Mensal,Pix,24,81.56,4,0,5,46.7,4,Não,0,
CUST-03093,2023-10-01,Centro-Oeste,45,Padrão,Mensal,Débito automático,33,88.84,1,0,1,75.0,4,Não,1,2026-06-11
CUST-03094,2024-03-25,Norte,36,Padrão,Mensal,Pix,27,93.31,2,1,6,48.1,11,Sim,0,
CUST-03095,2025-08-10,Sul,47,Padrão,Anual,Pix,10,139.21,4,0,3,23.7,2,Sim,0,
CUST-03096,2021-03-18,Sudeste,58,Premium,Bienal,Boleto,64,151.26,1,0,6,36.8,8,Não,0,
CUST-03097,2023-03-29,Sudeste,37,Padrão,Mensal,Débito automático,39,108.45,0,1,8,12.0,8,Sim,0,
CUST-03098,2022-02-10,Sudeste,60,Premium,Mensal,Boleto,53,152.67,3,0,5,20.0,9,Sim,1,2026-03-03
CUST-03099,2024-07-23,Sudeste,32,Padrão,Mensal,Pix,23,105.65,3,1,10,46.7,13,Não,1,2026-03-19
CUST-03100,2023-01-27,Sudeste,48,Básico,Anual,Pix,41,46.87,5,0,10,19.5,4,Não,0,
CUST-03101,2022-02-20,Norte,45,Padrão,Mensal,Pix,53,87.27,0,1,8,28.7,10,Não,0,
CUST-03102,2023-11-30,Sudeste,26,Padrão,Mensal,Cartão,31,93.81,3,0,8,31.0,7,Sim,0,
CUST-03103,2023-11-26,Norte,42,Premium,Bienal,Pix,31,151.37,2,1,4,46.0,2,Sim,1,2026-05-24
CUST-03104,2023-07-27,Nordeste,39,Básico,Anual,Boleto,35,54.74,1,1,7,28.9,17,Sim,0,
CUST-03105,2023-08-02,Nordeste,29,Premium,Anual,Cartão,35,166.36,1,2,4,19.9,6,Sim,1,2026-04-07
CUST-03106,2023-11-05,Nordeste,43,Padrão,Mensal,Débito automático,32,125.47,1,0,3,37.5,5,Sim,1,2026-02-19
CUST-03107,2022-11-16,Sudeste,41,Padrão,Mensal,Débito automático,44,90.73,3,1,4,16.2,7,Sim,1,2026-06-13
CUST-03108,2024-08-03,Nordeste,38,Padrão,Mensal,Cartão,23,85.16,1,3,7,59.9,8,Não,0,
CUST-03109,2021-06-02,Sudeste,38,Padrão,Anual,Cartão,61,99.13,2,0,7,15.6,15,Não,0,
CUST-03110,2026-02-13,Norte,38,Padrão,Anual,Débito automático,4,87.08,2,2,7,48.1,8,Sim,1,2026-03-02
CUST-03111,2023-02-20,Sudeste,35,Padrão,Mensal,Cartão,40,76.11,2,0,5,41.5,13,Sim,0,
CUST-03112,2021-08-16,Sudeste,41,Básico,Bienal,Boleto,59,73.9,3,0,7,47.8,4,Sim,0,
CUST-03113,2025-03-04,Nordeste,31,Padrão,Mensal,Cartão,16,100.13,4,1,6,18.9,2,Sim,0,
CUST-03114,2024-11-12,Nordeste,71,Básico,Anual,Cartão,19,61.5,2,2,7,22.9,3,Não,0,
CUST-03115,2021-05-07,Sul,22,Padrão,Mensal,Cartão,62,72.02,1,1,7,24.3,5,Sim,0,
CUST-03116,2023-02-21,Nordeste,32,Padrão,Mensal,Cartão,40,90.81,1,0,3,28.7,3,Sim,0,
CUST-03117,2023-01-16,Sudeste,33,Básico,Mensal,Débito automático,42,39.18,1,4,6,16.1,8,Não,0,
CUST-03118,2024-08-30,Nordeste,63,Padrão,Anual,Cartão,22,98.71,3,0,8,31.4,12,Sim,0,
CUST-03119,2024-09-28,Sudeste,23,Padrão,Mensal,Cartão,21,100.88,3,0,9,31.7,9,Sim,0,
CUST-03120,2024-09-06,Sudeste,44,Padrão,Mensal,Boleto,22,100.87,2,0,5,47.2,15,Não,0,
CUST-03121,2024-10-12,Sudeste,42,Padrão,Anual,Débito automático,20,89.66,2,1,5,30.4,4,Não,0,
CUST-03122,2024-08-28,Sudeste,43,Padrão,Anual,Pix,22,87.06,2,0,6,11.6,15,Não,0,
CUST-03123,2023-05-19,Sudeste,54,Padrão,Anual,Boleto,37,96.29,2,1,10,13.4,11,Sim,0,
CUST-03124,2024-11-03,Sul,54,Básico,Anual,Cartão,20,64.0,0,0,8,21.2,7,Sim,0,
CUST-03125,2025-08-02,Sudeste,34,Básico,Anual,Boleto,11,50.89,1,1,4,28.2,2,Sim,0,
CUST-03126,2021-09-27,Sudeste,41,Padrão,Anual,Boleto,57,85.88,4,1,8,65.5,7,Sim,0,
CUST-03127,2025-02-28,Sul,18,Básico,Mensal,Débito automático,16,46.47,1,1,10,52.3,6,Não,0,
CUST-03128,2024-11-15,Sudeste,40,Básico,Mensal,Boleto,19,49.78,2,1,8,26.7,26,Não,0,
CUST-03129,2025-10-11,Nordeste,29,Básico,Mensal,Débito automático,8,52.66,2,0,5,21.9,9,Não,1,2026-05-24
CUST-03130,2023-12-07,Norte,37,Básico,Mensal,Pix,31,43.63,1,0,9,31.8,1,Sim,0,
CUST-03131,2025-03-22,Sudeste,19,Premium,Mensal,Boleto,15,152.76,2,1,7,31.7,14,Não,1,2026-03-08
CUST-03132,2025-08-18,Centro-Oeste,44,Básico,Mensal,Boleto,10,76.31,4,0,7,30.2,8,Sim,1,2026-05-15
CUST-03133,2022-08-13,Sudeste,19,Básico,Mensal,Cartão,47,54.88,2,2,9,15.7,12,Sim,0,
CUST-03134,2020-07-22,Sudeste,41,Premium,Anual,Débito automático,72,141.66,3,3,7,24.8,10,Não,1,2026-01-03
CUST-03135,2025-01-21,Nordeste,24,Premium,Anual,Boleto,17,127.38,2,0,7,24.4,14,Sim,0,
CUST-03136,2023-02-22,Nordeste,29,Básico,Mensal,Débito automático,40,84.71,3,0,9,36.3,16,Não,1,2026-06-19
CUST-03137,2023-09-18,Centro-Oeste,53,Premium,Bienal,Pix,33,174.95,0,2,6,51.9,25,Não,0,
CUST-03138,2024-01-13,Sudeste,46,Básico,Mensal,Débito automático,29,62.98,3,1,5,24.4,14,Sim,1,2026-06-20
CUST-03139,2025-08-23,Nordeste,53,Padrão,Mensal,Cartão,10,115.28,0,1,8,35.2,4,Sim,0,
CUST-03140,2023-11-24,Sudeste,58,Básico,Mensal,Débito automático,31,66.39,1,1,10,5.4,2,Não,0,
CUST-03141,2023-02-11,Sudeste,30,Padrão,Mensal,Cartão,41,97.94,0,0,2,34.3,2,Sim,0,
CUST-03142,2020-07-26,Sudeste,57,Básico,Mensal,Pix,72,41.64,2,1,9,8.0,3,Sim,0,
CUST-03143,2026-03-01,Norte,21,Padrão,Anual,Cartão,4,125.72,3,1,7,18.2,5,Sim,0,
CUST-03144,2023-03-13,Sudeste,48,Básico,Mensal,Boleto,40,52.88,1,0,6,22.1,3,Sim,0,
CUST-03145,2024-01-27,Nordeste,33,Padrão,Mensal,Pix,29,93.65,0,0,6,36.2,6,Sim,1,2026-01-10
CUST-03146,2024-07-24,Nordeste,28,Padrão,Mensal,Débito automático,23,99.52,1,1,9,31.8,3,Sim,0,
CUST-03147,2021-10-17,Nordeste,46,Básico,Mensal,Débito automático,57,59.76,0,0,9,11.2,8,Sim,0,
CUST-03148,2025-01-16,Nordeste,50,Premium,Anual,Pix,17,167.05,1,1,5,36.4,8,Sim,1,2026-04-03
CUST-03149,2020-07-12,Centro-Oeste,50,Básico,Anual,Boleto,72,65.43,1,2,8,64.5,5,Não,0,
CUST-03150,2026-02-02,Sudeste,42,Básico,Anual,Boleto,4,50.92,2,1,10,15.3,27,Não,0,
CUST-03151,2024-10-31,Sudeste,41,Básico,Anual,Pix,20,59.36,2,1,9,24.2,12,Não,0,
CUST-03152,2022-08-12,Sul,45,Básico,Mensal,Pix,47,66.6,1,1,4,28.0,9,Não,1,2026-06-21
CUST-03153,2023-12-26,Sudeste,43,Básico,Mensal,Cartão,30,49.73,2,1,8,27.1,19,Sim,0,
CUST-03154,2025-03-31,Sudeste,45,Padrão,Anual,Cartão,15,119.25,1,3,4,46.4,6,Não,0,
CUST-03155,2024-12-28,Sudeste,41,Padrão,Mensal,Pix,18,98.72,2,2,8,41.1,10,Não,0,
CUST-03156,2023-06-27,Sudeste,49,Padrão,Mensal,Pix,36,121.38,0,0,6,34.4,17,Sim,1,2026-01-27
CUST-03157,2025-04-10,Sudeste,19,Padrão,Mensal,Pix,14,79.51,1,0,8,28.7,35,Sim,1,2026-04-21
CUST-03158,2021-04-09,Sudeste,37,Padrão,Anual,Débito automático,63,108.16,1,1,6,41.2,3,Sim,0,
CUST-03159,2024-05-16,Centro-Oeste,22,Básico,Mensal,Cartão,25,46.53,5,1,5,10.5,3,Sim,0,
CUST-03160,2024-07-24,Sudeste,42,Padrão,Bienal,Débito automático,23,90.12,1,0,8,68.8,20,Não,0,
CUST-03161,2023-09-28,Norte,59,Premium,Mensal,Boleto,33,171.67,1,2,7,47.5,8,Não,1,2026-03-05
CUST-03162,2025-10-12,Norte,33,Básico,Mensal,Boleto,8,55.8,1,0,9,50.1,6,Não,0,
CUST-03163,2023-12-28,Sudeste,41,Padrão,Mensal,Pix,30,135.36,3,1,6,78.6,9,Sim,0,
CUST-03164,2020-07-15,Nordeste,48,Premium,Mensal,Cartão,72,166.25,0,0,4,46.8,21,Não,1,2026-01-23
CUST-03165,2024-07-06,Sul,18,Padrão,Mensal,Débito automático,24,89.26,1,2,9,16.9,13,Sim,1,2026-03-21
CUST-03166,2024-02-10,Nordeste,33,Premium,Anual,Boleto,29,166.28,0,3,10,33.2,9,Sim,0,
CUST-03167,2022-11-25,Sudeste,43,Básico,Mensal,Boleto,43,55.68,3,1,6,46.1,3,Sim,1,2026-03-22
CUST-03168,2021-05-19,Sudeste,18,Padrão,Mensal,Cartão,62,110.65,4,0,8,32.8,7,Não,0,
CUST-03169,2023-12-14,Sudeste,27,Básico,Mensal,Pix,30,54.85,0,1,6,34.6,11,Sim,0,
CUST-03170,2024-08-13,Sul,52,Básico,Mensal,Pix,22,64.69,0,0,10,53.1,8,Não,0,
CUST-03171,2022-09-17,Norte,51,Premium,Bienal,Boleto,46,161.78,1,1,6,28.5,27,Não,0,
CUST-03172,2025-04-16,Nordeste,43,Básico,Mensal,Boleto,14,60.1,3,2,7,58.8,10,Sim,0,
CUST-03173,2021-06-02,Nordeste,50,Premium,Anual,Cartão,61,173.59,3,2,3,22.9,6,Não,1,2026-02-22
CUST-03174,2022-05-01,Norte,42,Padrão,Mensal,Cartão,50,73.75,2,1,10,34.8,14,Sim,0,
CUST-03175,2022-09-28,Nordeste,46,Premium,Mensal,Cartão,45,160.37,3,1,6,11.5,29,Sim,0,
CUST-03176,2023-08-31,Sudeste,35,Premium,Anual,Cartão,34,149.18,0,1,10,11.5,20,Sim,0,
CUST-03177,2023-03-29,Centro-Oeste,40,Padrão,Mensal,Cartão,39,80.12,2,1,6,87.1,1,Sim,0,
CUST-03178,2023-04-04,Sudeste,31,Premium,Anual,Cartão,39,147.27,2,0,7,32.8,10,Sim,0,
CUST-03179,2023-10-26,Sudeste,54,Padrão,Mensal,Pix,32,90.32,2,1,5,28.4,12,Sim,0,
CUST-03180,2025-01-12,Sul,57,Padrão,Mensal,Boleto,17,95.71,0,0,5,36.4,22,Não,1,2026-04-25
CUST-03181,2023-03-16,Norte,56,Padrão,Bienal,Boleto,40,103.72,0,1,6,41.4,2,Sim,0,
CUST-03182,2025-08-07,Sudeste,34,Básico,Mensal,Pix,10,66.59,1,0,7,18.1,12,Não,0,
CUST-03183,2025-07-07,Sul,28,Básico,Bienal,Cartão,11,53.27,1,0,6,46.8,3,Sim,0,
CUST-03184,2021-04-23,Sudeste,54,Básico,Bienal,Boleto,63,81.18,3,0,4,25.5,1,Sim,1,2026-04-25
CUST-03185,2025-07-28,Sudeste,46,Padrão,Mensal,Pix,11,93.8,0,2,8,84.0,4,Sim,0,
CUST-03186,2022-01-18,Sudeste,43,Básico,Mensal,Cartão,54,39.0,1,1,3,34.9,11,Sim,0,
CUST-03187,2025-07-13,Nordeste,31,Padrão,Anual,Pix,11,94.18,1,1,6,8.3,20,Não,1,2026-04-13
CUST-03188,2024-08-08,Centro-Oeste,44,Padrão,Mensal,Débito automático,23,99.66,2,0,4,24.5,4,Sim,1,2026-04-02
CUST-03189,2024-06-03,Sudeste,26,Padrão,Anual,Pix,25,53.18,1,1,9,34.8,4,Sim,0,
CUST-03190,2025-11-26,Sudeste,47,Premium,Mensal,Débito automático,7,175.9,0,1,10,14.8,9,Sim,0,
CUST-03191,2023-05-28,Sudeste,56,Premium,Mensal,Cartão,37,157.61,3,0,8,38.8,9,Sim,0,
CUST-03192,2025-09-09,Sudeste,59,Premium,Mensal,Cartão,9,142.87,2,0,6,41.8,8,Não,0,
CUST-03193,2025-09-28,Sul,48,Padrão,Anual,Cartão,9,85.56,0,1,6,29.0,2,Sim,0,
CUST-03194,2025-10-17,Nordeste,22,Básico,Anual,Boleto,8,69.66,1,2,7,8.1,3,Não,0,
CUST-03195,2026-02-05,Nordeste,41,Premium,Anual,Pix,4,171.37,0,0,7,70.9,24,Sim,0,
CUST-03196,2022-10-07,Sudeste,65,Básico,Mensal,Pix,45,49.92,0,1,8,13.1,17,Não,1,2026-05-11
CUST-03197,2025-01-03,Sul,29,Básico,Mensal,Débito automático,18,40.03,1,2,8,25.5,6,Não,0,
CUST-03198,2024-09-24,Sudeste,38,Básico,Mensal,Pix,21,60.83,0,0,3,45.2,11,Não,1,2026-04-04
CUST-03199,2024-07-19,Sudeste,56,Padrão,Mensal,Cartão,23,103.4,2,2,8,40.3,12,Não,1,2026-05-06
CUST-03200,2024-12-11,Norte,46,Padrão,Mensal,Boleto,18,106.91,0,1,8,9.7,8,Sim,1,2026-02-25
CUST-03201,2025-07-28,Nordeste,69,Básico,Anual,Cartão,11,51.12,2,1,5,20.9,1,Não,0,
CUST-03202,2025-01-12,Centro-Oeste,30,Padrão,Mensal,Pix,17,97.29,0,0,5,20.6,12,Sim,1,2026-03-27
CUST-03203,2024-07-30,Centro-Oeste,27,Básico,Mensal,Débito automático,23,59.28,0,1,7,33.1,1,Sim,1,2026-05-23
CUST-03204,2025-08-11,Nordeste,54,Básico,Anual,Pix,10,72.54,1,2,7,17.6,3,Sim,0,
CUST-03205,2025-01-18,Centro-Oeste,25,Básico,Mensal,Cartão,17,77.61,3,1,5,32.8,17,Sim,1,2026-05-25
CUST-03206,2022-06-16,Sudeste,37,Básico,Bienal,Pix,49,81.41,3,1,7,47.1,4,Sim,1,2026-05-27
CUST-03207,2025-01-15,Sudeste,38,Padrão,Mensal,Cartão,17,117.23,2,0,7,24.2,6,Não,1,2026-03-26
CUST-03208,2023-09-24,Sudeste,51,Básico,Mensal,Cartão,33,84.39,0,0,9,29.6,2,Não,0,
CUST-03209,2026-05-06,Sudeste,46,Básico,Bienal,Pix,1,73.18,1,4,7,38.0,2,Não,1,2026-05-31
CUST-03210,2023-06-07,Sudeste,44,Básico,Anual,Cartão,37,50.75,0,0,3,57.5,13,Não,0,
CUST-03211,2025-12-29,Sudeste,34,Padrão,Anual,Cartão,6,120.47,0,0,8,39.4,9,Sim,1,2026-06-10
CUST-03212,2023-06-02,Nordeste,54,Premium,Mensal,Pix,37,139.73,2,1,4,23.2,9,Sim,1,2026-02-12
CUST-03213,2022-09-22,Nordeste,75,Padrão,Mensal,Pix,45,132.1,1,2,5,50.7,13,Não,1,2026-03-09
CUST-03214,2023-09-10,Sul,47,Padrão,Anual,Pix,34,85.35,1,0,4,45.7,3,Não,0,
CUST-03215,2024-11-29,Sudeste,40,Premium,Mensal,Débito automático,19,171.43,1,0,8,49.9,6,Não,1,2026-04-11
CUST-03216,2025-10-19,Nordeste,23,Básico,Mensal,Cartão,8,79.22,0,1,5,26.8,3,Sim,0,
CUST-03217,2023-07-21,Sudeste,31,Básico,Mensal,Cartão,35,65.43,2,0,9,54.6,4,Sim,0,
CUST-03218,2025-01-08,Sudeste,36,Padrão,Mensal,Débito automático,17,70.3,2,0,5,24.4,4,Não,0,
CUST-03219,2024-08-10,Sudeste,33,Básico,Mensal,Cartão,22,45.73,4,2,3,20.6,11,Sim,1,2026-04-08
CUST-03220,2025-05-16,Sudeste,39,Padrão,Anual,Débito automático,13,104.0,1,0,6,55.1,21,Sim,1,2026-02-24
CUST-03221,2024-08-09,Sudeste,60,Padrão,Mensal,Boleto,23,107.9,0,0,4,32.1,3,Não,0,
CUST-03222,2024-09-08,Nordeste,54,Básico,Bienal,Pix,22,56.5,1,0,10,32.6,13,Sim,0,
CUST-03223,2025-07-06,Nordeste,37,Padrão,Mensal,Cartão,11,100.04,4,1,6,17.7,19,Sim,1,2026-01-11
CUST-03224,2023-10-19,Nordeste,25,Padrão,Mensal,Pix,32,78.44,1,0,10,18.9,4,Sim,0,
CUST-03225,2021-04-09,Sudeste,55,Básico,Mensal,Boleto,63,83.84,2,2,6,21.1,5,Sim,1,2026-06-01
CUST-03226,2022-08-01,Nordeste,38,Premium,Anual,Cartão,47,153.71,3,2,8,25.7,7,Não,1,2026-01-05
CUST-03227,2021-01-18,Nordeste,18,Padrão,Anual,Boleto,66,110.04,3,1,6,26.1,19,Não,1,2026-05-01
CUST-03228,2025-01-24,Sudeste,48,Básico,Mensal,Boleto,17,78.65,3,1,10,11.4,17,Sim,0,
CUST-03229,2025-06-11,Nordeste,51,Básico,Mensal,Boleto,12,42.83,2,0,5,45.3,6,Sim,1,2026-06-07
CUST-03230,2026-01-18,Sul,18,Básico,Anual,Cartão,5,60.79,1,1,1,70.3,9,Sim,0,
CUST-03231,2024-11-03,Sul,29,Básico,Mensal,Boleto,20,62.89,3,1,8,17.7,10,Sim,0,
CUST-03232,2024-08-16,Sudeste,38,Básico,Anual,Boleto,22,55.39,1,1,5,30.9,11,Sim,0,
CUST-03233,2024-04-30,Sul,48,Básico,Anual,Cartão,26,71.98,4,1,8,48.9,10,Não,0,
CUST-03234,2025-07-28,Sudeste,33,Premium,Mensal,Débito automático,11,149.66,2,1,7,53.3,19,Não,0,
CUST-03235,2024-02-01,Sudeste,29,Premium,Anual,Cartão,29,159.77,0,0,6,25.1,3,Sim,0,
CUST-03236,2024-06-29,Sudeste,48,Padrão,Anual,Débito automático,24,93.81,4,0,6,2.5,9,Sim,0,
CUST-03237,2024-01-21,Norte,33,Padrão,Mensal,Cartão,29,131.56,5,1,8,50.2,11,Sim,0,
CUST-03238,2023-09-21,Sudeste,46,Padrão,Mensal,Cartão,33,89.72,3,1,6,15.8,4,Não,0,
CUST-03239,2025-05-14,Sudeste,26,Padrão,Mensal,Boleto,13,109.43,4,1,7,6.7,6,Sim,1,2026-01-23
CUST-03240,2024-04-15,Sudeste,23,Premium,Anual,Cartão,26,184.15,1,0,6,25.7,0,Não,0,
CUST-03241,2022-09-11,Centro-Oeste,48,Padrão,Mensal,Cartão,46,86.14,2,1,10,73.2,4,Não,0,
CUST-03242,2023-10-19,Sul,42,Padrão,Mensal,Cartão,32,100.33,1,1,10,31.7,1,Sim,0,
CUST-03243,2024-05-21,Centro-Oeste,50,Padrão,Mensal,Boleto,25,85.19,3,1,4,86.6,7,Sim,1,2026-06-23
CUST-03244,2025-03-20,Sudeste,33,Padrão,Mensal,Cartão,15,70.82,1,0,7,16.5,5,Sim,0,
CUST-03245,2024-11-04,Sudeste,29,Básico,Mensal,Boleto,20,48.01,5,0,5,23.2,6,Sim,0,
CUST-03246,2025-10-08,Sul,55,Básico,Mensal,Pix,8,51.01,1,0,4,44.6,13,Não,0,
CUST-03247,2023-01-19,Sudeste,21,Padrão,Mensal,Pix,41,91.85,0,1,0,55.0,4,Não,1,2026-01-06
CUST-03248,2025-03-16,Nordeste,54,Básico,Mensal,Pix,15,54.8,0,2,6,40.0,15,Sim,0,
CUST-03249,2025-06-27,Centro-Oeste,55,Básico,Anual,Cartão,12,59.09,0,0,7,24.9,12,Sim,0,
CUST-03250,2025-09-09,Sul,49,Básico,Anual,Débito automático,9,42.24,1,0,10,85.1,5,Não,0,
CUST-03251,2025-04-07,Norte,31,Básico,Mensal,Boleto,14,63.92,2,0,9,29.9,6,Não,0,
CUST-03252,2025-01-28,Sul,29,Premium,Anual,Débito automático,17,175.99,3,0,8,24.5,16,Sim,0,
CUST-03253,2022-03-08,Sudeste,36,Básico,Mensal,Boleto,52,77.63,3,0,9,37.9,5,Não,0,
CUST-03254,2025-04-05,Sul,23,Básico,Mensal,Boleto,15,55.36,0,2,9,46.6,7,Não,0,
CUST-03255,2021-07-01,Sudeste,27,Padrão,Bienal,Débito automático,60,111.51,3,0,8,23.4,6,Não,0,
CUST-03256,2022-01-23,Nordeste,47,Básico,Mensal,Pix,53,49.47,0,1,10,17.9,18,Não,1,2026-05-03
CUST-03257,2022-03-09,Sudeste,47,Padrão,Mensal,Débito automático,52,94.19,2,0,4,49.6,9,Não,0,
CUST-03258,2023-06-25,Sudeste,26,Padrão,Mensal,Cartão,36,104.58,1,2,6,6.2,9,Sim,1,2026-01-02
CUST-03259,2025-12-04,Sul,47,Básico,Anual,Cartão,6,54.31,0,2,6,18.3,13,Sim,1,2026-01-02
CUST-03260,2022-06-26,Sudeste,44,Padrão,Mensal,Pix,48,81.31,0,1,6,18.3,2,Sim,0,
CUST-03261,2025-11-30,Sudeste,57,Básico,Bienal,Pix,7,70.67,0,1,7,23.2,7,Sim,0,
CUST-03262,2025-07-16,Nordeste,46,Padrão,Mensal,Pix,11,87.4,1,0,10,48.2,10,Não,0,
CUST-03263,2025-01-28,Sudeste,52,Premium,Mensal,Pix,17,151.72,0,0,9,51.6,3,Não,0,
CUST-03264,2025-03-27,Sul,45,Premium,Mensal,Pix,15,173.82,3,1,10,31.0,17,Não,0,
CUST-03265,2022-12-29,Sudeste,51,Básico,Anual,Débito automático,42,66.52,2,2,7,59.1,10,Sim,0,
CUST-03266,2023-04-03,Sudeste,24,Padrão,Mensal,Pix,39,101.47,1,2,7,68.7,7,Não,0,
CUST-03267,2024-09-08,Sudeste,38,Padrão,Bienal,Cartão,22,78.43,1,0,8,28.3,3,Não,0,
CUST-03268,2023-07-25,Nordeste,39,Premium,Bienal,Boleto,35,142.71,0,0,8,42.2,4,Sim,0,
CUST-03269,2024-03-15,Norte,36,Básico,Mensal,Boleto,27,64.56,2,0,8,21.1,3,Sim,0,
CUST-03270,2024-06-22,Sudeste,44,Padrão,Mensal,Boleto,24,107.82,1,0,10,10.4,9,Não,0,
CUST-03271,2024-11-16,Norte,47,Básico,Mensal,Cartão,19,62.54,1,0,8,31.0,21,Não,0,
CUST-03272,2025-06-05,Sul,44,Básico,Anual,Cartão,13,52.37,3,3,5,34.8,6,Não,0,
CUST-03273,2026-04-29,Nordeste,37,Padrão,Anual,Débito automático,2,91.91,2,0,6,40.6,19,Sim,0,
CUST-03274,2023-01-28,Nordeste,30,Padrão,Mensal,Cartão,41,102.02,1,0,9,30.8,17,Não,0,
CUST-03275,2025-04-08,Nordeste,52,Básico,Bienal,Boleto,14,41.48,1,0,9,13.0,8,Não,0,
CUST-03276,2025-03-25,Nordeste,43,Premium,Mensal,Cartão,15,160.28,0,0,9,25.6,5,Não,0,
CUST-03277,2025-05-04,Sul,27,Padrão,Anual,Pix,14,79.56,3,0,8,53.9,3,Não,0,
CUST-03278,2024-01-18,Sul,37,Premium,Anual,Boleto,29,144.26,0,0,5,14.0,1,Sim,0,
CUST-03279,2023-09-05,Sudeste,18,Padrão,Mensal,Pix,34,101.49,1,2,10,30.3,10,Não,0,
CUST-03280,2025-02-10,Sudeste,39,Premium,Mensal,Cartão,16,167.17,0,0,10,24.2,13,Não,1,2026-01-16
CUST-03281,2024-05-18,Nordeste,37,Padrão,Mensal,Boleto,25,103.79,1,0,6,26.8,8,Não,1,2026-03-12
CUST-03282,2025-01-16,Sudeste,32,Básico,Bienal,Cartão,17,43.4,3,1,8,50.3,6,Não,0,
CUST-03283,2023-02-15,Sudeste,58,Básico,Mensal,Cartão,41,39.0,0,0,7,76.8,23,Sim,0,
CUST-03284,2023-12-02,Sudeste,25,Premium,Anual,Pix,31,158.88,0,0,6,22.3,12,Sim,0,
CUST-03285,2026-03-02,Sudeste,47,Básico,Mensal,Pix,4,39.0,0,0,5,15.4,9,Não,1,2026-03-02
CUST-03286,2023-09-21,Nordeste,65,Padrão,Mensal,Boleto,33,112.22,2,0,8,18.9,2,Não,0,
CUST-03287,2024-04-17,Nordeste,52,Padrão,Bienal,Pix,26,83.86,1,1,4,18.4,7,Sim,0,
CUST-03288,2025-05-08,Sudeste,39,Básico,Mensal,Pix,13,90.28,1,1,6,31.5,6,Não,1,2026-03-20
CUST-03289,2025-07-25,Sudeste,25,Básico,Anual,Pix,11,45.53,1,1,10,49.9,6,Sim,0,
CUST-03290,2023-05-11,Sul,23,Padrão,Mensal,Débito automático,38,105.48,0,0,8,25.8,11,Sim,0,
CUST-03291,2023-02-23,Sudeste,34,Básico,Mensal,Cartão,40,48.69,4,0,8,20.3,7,Sim,0,
CUST-03292,2024-03-18,Nordeste,31,Padrão,Mensal,Débito automático,27,96.65,1,0,6,50.6,25,Não,1,2026-02-13
CUST-03293,2025-02-06,Sul,30,Básico,Mensal,Pix,16,61.58,0,2,4,15.1,6,Não,1,2026-03-05
CUST-03294,2025-06-04,Sul,35,Padrão,Anual,Pix,13,111.04,3,1,8,32.0,7,Sim,0,
CUST-03295,2025-06-05,Sul,38,Básico,Mensal,Boleto,13,73.27,3,1,8,40.6,19,Não,1,2026-04-10
CUST-03296,2024-11-30,Norte,45,Padrão,Mensal,Pix,19,109.18,3,0,9,17.3,2,Sim,0,
CUST-03297,2022-09-15,Nordeste,24,Básico,Mensal,Pix,46,73.53,3,1,6,32.1,2,Não,1,2026-05-22
CUST-03298,2025-12-06,Sul,31,Básico,Anual,Débito automático,6,50.37,0,0,6,50.4,2,Não,0,
CUST-03299,2024-07-04,Sul,37,Padrão,Anual,Débito automático,24,108.08,1,1,8,25.2,16,Não,0,
CUST-03300,2024-12-06,Sudeste,37,Básico,Anual,Pix,19,54.23,1,0,4,41.2,8,Sim,0,
CUST-03301,2023-12-07,Norte,61,Padrão,Bienal,Boleto,31,112.81,2,0,9,12.5,29,Sim,1,2026-05-16
CUST-03302,2025-08-02,Sudeste,42,Básico,Mensal,Pix,11,60.62,2,1,7,20.8,10,Sim,0,
CUST-03303,2024-10-01,Sudeste,20,Básico,Mensal,Boleto,21,67.68,1,1,8,17.1,7,Sim,0,
CUST-03304,2023-03-12,Norte,44,Básico,Mensal,Cartão,40,63.08,2,1,10,28.0,1,Sim,0,
CUST-03305,2024-04-08,Nordeste,46,Premium,Mensal,Cartão,27,169.65,2,0,7,20.0,2,Não,1,2026-06-11
CUST-03306,2025-01-20,Sudeste,37,Padrão,Anual,Pix,17,87.69,4,0,7,63.9,5,Sim,0,
CUST-03307,2025-06-08,Sudeste,24,Básico,Anual,Cartão,12,39.0,1,0,7,37.0,32,Não,1,2026-03-07
CUST-03308,2022-02-05,Sudeste,60,Padrão,Mensal,Boleto,53,112.85,1,2,3,16.7,7,Sim,1,2026-01-30
CUST-03309,2025-10-23,Sul,26,Padrão,Bienal,Cartão,8,117.83,1,1,8,24.1,18,Sim,0,
CUST-03310,2021-10-11,Sudeste,47,Padrão,Mensal,Cartão,57,97.38,1,0,2,24.4,6,Não,0,
CUST-03311,2024-03-17,Norte,41,Premium,Anual,Boleto,27,170.36,1,0,9,50.8,1,Não,0,
CUST-03312,2024-08-11,Norte,46,Padrão,Mensal,Pix,22,76.19,4,0,6,39.1,3,Sim,0,
CUST-03313,2022-10-05,Sul,59,Padrão,Anual,Débito automático,45,90.3,1,1,6,31.1,7,Sim,0,
CUST-03314,2022-08-18,Nordeste,46,Básico,Mensal,Cartão,47,60.15,2,1,7,39.8,8,Não,0,
CUST-03315,2024-05-20,Sudeste,32,Premium,Bienal,Cartão,25,134.71,1,0,4,54.0,14,Não,0,
CUST-03316,2023-10-17,Sudeste,52,Padrão,Bienal,Cartão,32,77.59,4,1,7,83.5,2,Sim,0,
CUST-03317,2025-08-23,Nordeste,31,Básico,Mensal,Pix,10,61.21,2,1,5,69.9,6,Sim,0,
CUST-03318,2024-10-08,Sudeste,41,Premium,Mensal,Cartão,21,150.52,2,0,4,33.5,6,Sim,0,
CUST-03319,2025-03-08,Sudeste,23,Premium,Anual,Boleto,15,154.15,2,0,7,26.6,2,Sim,0,
CUST-03320,2022-02-20,Sudeste,27,Padrão,Anual,Cartão,53,93.31,4,0,10,36.9,2,Não,0,
CUST-03321,2022-04-30,Sudeste,40,Básico,Mensal,Débito automático,50,41.03,3,1,9,46.3,2,Não,1,2026-03-31
CUST-03322,2025-09-01,Sul,43,Padrão,Anual,Pix,10,95.95,4,0,6,22.5,6,Sim,0,
CUST-03323,2025-09-22,Nordeste,19,Premium,Anual,Boleto,9,158.81,5,0,7,34.6,2,Não,1,2026-01-18
CUST-03324,2024-09-14,Nordeste,45,Padrão,Anual,Cartão,21,90.84,2,0,6,37.6,7,Sim,0,
CUST-03325,2021-08-23,Sul,29,Básico,Mensal,Cartão,59,51.98,2,1,5,64.8,15,Não,1,2026-05-23
CUST-03326,2024-12-21,Centro-Oeste,54,Básico,Bienal,Pix,18,56.14,1,1,5,20.1,2,Não,0,
CUST-03327,2020-07-31,Sudeste,35,Básico,Mensal,Pix,72,70.48,3,1,8,12.7,24,Não,1,2026-04-11
CUST-03328,2025-10-17,Centro-Oeste,26,Básico,Mensal,Pix,8,57.68,1,1,6,12.2,6,Sim,1,2026-05-07
CUST-03329,2025-05-01,Sul,40,Padrão,Bienal,Cartão,14,72.03,1,1,7,50.9,14,Sim,1,2026-01-03
CUST-03330,2025-08-20,Sudeste,28,Básico,Mensal,Cartão,10,42.29,1,0,5,58.6,7,Sim,1,2026-06-18
CUST-03331,2024-05-04,Norte,54,Padrão,Mensal,Débito automático,26,112.05,1,0,9,25.7,4,Sim,0,
CUST-03332,2025-01-21,Sudeste,39,Premium,Mensal,Cartão,17,149.4,0,1,8,46.3,3,Sim,1,2026-06-02
CUST-03333,2021-11-28,Sudeste,37,Padrão,Anual,Cartão,55,97.76,3,0,10,55.1,5,Sim,0,
CUST-03334,2025-03-04,Sudeste,46,Básico,Mensal,Pix,16,85.95,0,1,10,38.2,4,Não,0,
CUST-03335,2023-01-28,Sudeste,27,Premium,Mensal,Cartão,41,167.85,0,0,5,76.7,7,Não,0,
CUST-03336,2025-08-08,Sudeste,24,Básico,Mensal,Pix,10,39.0,0,0,5,29.4,2,Sim,0,
CUST-03337,2024-10-12,Sul,44,Premium,Mensal,Boleto,20,179.23,1,0,8,45.3,1,Não,0,
CUST-03338,2026-01-14,Centro-Oeste,26,Básico,Mensal,Pix,5,61.1,2,2,5,5.2,3,Sim,1,2026-01-31
CUST-03339,2021-08-08,Sudeste,26,Padrão,Mensal,Boleto,59,104.17,1,0,8,67.8,7,Não,0,
CUST-03340,2024-09-26,Sul,49,Padrão,Bienal,Cartão,21,103.26,1,2,6,35.4,2,Sim,0,
CUST-03341,2023-02-18,Sudeste,45,Básico,Anual,Cartão,40,71.79,2,2,9,37.4,18,Sim,0,
CUST-03342,2025-11-18,Nordeste,24,Padrão,Anual,Boleto,7,97.88,2,2,9,46.0,5,Sim,0,
CUST-03343,2025-10-18,Sudeste,32,Básico,Bienal,Cartão,8,39.0,3,0,6,53.1,13,Sim,0,
CUST-03344,2025-08-05,Sudeste,28,Padrão,Bienal,Cartão,10,103.53,2,0,3,31.4,3,Sim,0,
CUST-03345,2025-03-12,Sul,60,Básico,Anual,Pix,15,39.65,2,0,9,51.0,1,Sim,0,
CUST-03346,2022-08-29,Nordeste,50,Padrão,Mensal,Boleto,46,124.43,3,0,6,28.4,4,Não,1,2026-03-30
CUST-03347,2025-01-11,Nordeste,34,Padrão,Anual,Cartão,17,93.93,2,1,7,59.9,3,Sim,0,
CUST-03348,2023-09-22,Sul,46,Padrão,Mensal,Débito automático,33,98.28,0,0,7,47.1,3,Sim,0,
CUST-03349,2020-11-17,Nordeste,23,Básico,Mensal,Cartão,68,49.54,3,1,8,18.6,1,Não,0,
CUST-03350,2024-11-11,Sudeste,31,Padrão,Mensal,Débito automático,19,103.75,5,1,6,18.2,6,Sim,0,
CUST-03351,2025-11-03,Sudeste,40,Padrão,Mensal,Cartão,7,105.36,2,0,5,52.7,6,Sim,0,
CUST-03352,2025-07-07,Sudeste,44,Básico,Mensal,Boleto,11,49.5,1,1,7,10.6,10,Não,1,2026-05-06
CUST-03353,2023-08-05,Sudeste,38,Padrão,Anual,Pix,35,105.34,3,0,9,28.5,6,Não,0,
CUST-03354,2025-04-01,Sudeste,42,Básico,Mensal,Boleto,15,59.95,3,0,7,48.8,11,Sim,1,2026-01-25
CUST-03355,2025-12-09,Sul,40,Básico,Mensal,Pix,6,57.66,1,2,7,23.7,32,Não,1,2026-03-15
CUST-03356,2020-07-04,Sudeste,37,Padrão,Mensal,Débito automático,72,88.48,0,0,5,35.4,10,Não,1,2026-03-03
CUST-03357,2022-06-21,Sul,35,Básico,Anual,Boleto,49,91.4,3,2,8,23.2,8,Sim,0,
CUST-03358,2025-06-09,Sul,34,Básico,Mensal,Pix,12,75.56,4,1,8,17.9,8,Sim,0,
CUST-03359,2020-07-22,Nordeste,42,Padrão,Mensal,Cartão,72,109.2,1,1,7,57.8,4,Não,0,
CUST-03360,2020-07-05,Nordeste,44,Padrão,Anual,Cartão,72,114.77,0,0,5,20.1,3,Não,0,
CUST-03361,2020-08-01,Sudeste,41,Básico,Anual,Débito automático,71,63.2,1,0,7,13.8,5,Sim,0,
CUST-03362,2024-10-21,Sudeste,25,Básico,Mensal,Débito automático,20,54.11,2,2,7,22.1,3,Não,0,
CUST-03363,2024-08-08,Sul,27,Padrão,Anual,Cartão,23,62.0,1,0,7,27.5,4,Sim,0,
CUST-03364,2023-09-11,Sul,44,Padrão,Mensal,Cartão,34,81.93,1,0,5,28.3,3,Não,0,
CUST-03365,2025-05-07,Sudeste,57,Padrão,Bienal,Cartão,13,129.31,1,0,8,29.9,5,Sim,0,
CUST-03366,2022-08-30,Sudeste,41,Padrão,Mensal,Cartão,46,115.24,2,1,7,56.2,5,Sim,1,2026-04-01
CUST-03367,2024-01-02,Nordeste,34,Padrão,Anual,Cartão,30,101.83,1,0,8,36.4,6,Sim,0,
CUST-03368,2022-09-27,Nordeste,42,Premium,Mensal,Boleto,45,136.91,1,0,7,24.9,8,Sim,0,
CUST-03369,2025-01-22,Sudeste,25,Básico,Anual,Cartão,17,67.89,1,0,10,29.7,2,Sim,0,
CUST-03370,2024-03-11,Sul,55,Básico,Mensal,Débito automático,28,55.11,3,0,7,42.3,4,Sim,1,2026-01-10
CUST-03371,2025-09-07,Centro-Oeste,41,Básico,Mensal,Débito automático,9,68.77,3,1,10,8.6,1,Não,1,2026-05-21
CUST-03372,2025-02-10,Sudeste,31,Básico,Anual,Cartão,16,43.43,1,1,8,27.9,11,Não,1,2026-02-07
CUST-03373,2024-12-29,Centro-Oeste,37,Padrão,Anual,Pix,18,92.14,3,2,5,62.2,27,Não,0,
CUST-03374,2023-07-24,Sudeste,33,Premium,Mensal,Pix,35,171.39,0,0,9,32.0,8,Não,1,2026-01-12
CUST-03375,2022-11-22,Sul,55,Básico,Anual,Cartão,43,85.99,2,0,6,34.1,11,Sim,0,
CUST-03376,2025-08-30,Sudeste,37,Básico,Mensal,Boleto,10,49.78,3,0,6,29.4,2,Sim,0,
CUST-03377,2022-02-14,Sudeste,41,Padrão,Mensal,Pix,53,85.01,2,0,9,56.6,20,Sim,0,
CUST-03378,2023-11-04,Centro-Oeste,46,Premium,Mensal,Cartão,32,173.32,1,1,4,65.8,13,Sim,0,
CUST-03379,2023-06-10,Sul,30,Básico,Mensal,Débito automático,37,41.36,1,0,3,6.1,1,Sim,1,2026-05-12
CUST-03380,2022-11-28,Norte,41,Padrão,Bienal,Cartão,43,82.37,1,0,7,73.8,6,Sim,0,
CUST-03381,2025-06-06,Sudeste,42,Premium,Mensal,Cartão,12,162.72,1,0,8,65.4,7,Não,0,
CUST-03382,2022-03-23,Centro-Oeste,20,Padrão,Bienal,Débito automático,52,128.2,2,0,9,15.5,7,Sim,0,
CUST-03383,2025-04-02,Centro-Oeste,42,Padrão,Mensal,Cartão,15,87.12,5,1,7,49.3,2,Sim,1,2026-06-15
CUST-03384,2024-08-19,Sul,38,Padrão,Anual,Cartão,22,93.82,3,0,2,49.6,3,Não,1,2026-02-14
CUST-03385,2024-10-12,Sudeste,41,Básico,Mensal,Cartão,20,60.56,2,2,5,17.4,2,Não,1,2026-02-18
CUST-03386,2020-07-17,Nordeste,39,Padrão,Anual,Cartão,72,92.38,2,0,4,28.3,10,Sim,0,
CUST-03387,2025-06-26,Sul,42,Básico,Bienal,Pix,12,39.0,2,0,3,36.4,6,Sim,0,
CUST-03388,2020-08-09,Norte,55,Padrão,Mensal,Boleto,71,110.23,2,3,7,75.5,7,Sim,0,
CUST-03389,2021-07-21,Sul,25,Premium,Mensal,Pix,60,161.61,3,1,8,35.5,3,Não,1,2026-05-08
CUST-03390,2025-10-06,Sudeste,35,Básico,Anual,Pix,8,64.14,1,2,9,38.3,2,Não,0,
CUST-03391,2025-03-25,Sudeste,47,Padrão,Anual,Cartão,15,97.02,3,2,8,54.4,1,Sim,0,
CUST-03392,2025-03-09,Nordeste,45,Básico,Mensal,Pix,15,80.18,3,1,6,23.1,1,Não,0,
CUST-03393,2023-04-28,Norte,45,Básico,Anual,Débito automático,38,51.94,2,0,9,21.6,1,Sim,0,
CUST-03394,2022-03-05,Sudeste,72,Padrão,Anual,Boleto,52,83.92,4,0,7,45.6,30,Não,1,2026-05-02
CUST-03395,2025-03-28,Nordeste,46,Básico,Anual,Boleto,15,82.29,2,0,7,39.9,1,Não,0,
CUST-03396,2025-11-03,Centro-Oeste,53,Padrão,Mensal,Cartão,7,68.22,1,0,6,27.9,8,Sim,0,
CUST-03397,2023-05-11,Sudeste,35,Básico,Mensal,Pix,38,56.85,0,1,7,53.5,11,Não,1,2026-05-19
CUST-03398,2024-05-02,Sudeste,27,Padrão,Bienal,Débito automático,26,97.94,2,1,6,66.7,1,Não,0,
CUST-03399,2025-10-29,Nordeste,35,Básico,Anual,Débito automático,8,57.4,2,0,4,53.0,10,Não,1,2026-04-20
CUST-03400,2023-08-17,Nordeste,48,Básico,Mensal,Boleto,34,39.0,2,0,8,26.9,6,Não,1,2026-06-15
CUST-03401,2024-06-08,Sudeste,44,Padrão,Bienal,Pix,25,82.41,0,2,7,34.3,4,Sim,0,
CUST-03402,2025-08-21,Centro-Oeste,44,Padrão,Mensal,Cartão,10,112.41,3,0,9,23.5,25,Sim,1,2026-01-02
CUST-03403,2025-01-22,Sul,36,Básico,Mensal,Cartão,17,78.39,1,1,6,62.5,1,Sim,0,
CUST-03404,2020-11-02,Centro-Oeste,35,Premium,Anual,Cartão,68,153.16,4,0,9,33.7,8,Sim,0,
CUST-03405,2026-04-20,Centro-Oeste,37,Básico,Anual,Pix,2,45.97,3,0,4,13.3,14,Sim,0,
CUST-03406,2025-07-16,Nordeste,48,Básico,Bienal,Cartão,11,39.0,1,1,8,44.8,6,Não,0,
CUST-03407,2025-11-29,Sul,49,Padrão,Anual,Pix,7,112.17,1,2,9,34.5,22,Sim,0,
CUST-03408,2024-10-15,Sudeste,27,Padrão,Mensal,Pix,20,113.0,2,2,5,31.8,3,Não,1,2026-06-11
CUST-03409,2024-03-26,Sul,48,Padrão,Mensal,Pix,27,59.65,1,0,9,13.8,5,Não,0,
CUST-03410,2024-07-21,Sudeste,31,Premium,Mensal,Pix,23,125.07,2,1,10,23.1,21,Sim,0,
CUST-03411,2024-06-27,Nordeste,45,Padrão,Bienal,Cartão,24,100.92,1,0,6,35.9,48,Sim,0,
CUST-03412,2024-01-16,Sudeste,37,Básico,Mensal,Pix,29,62.73,4,1,10,48.8,17,Não,1,2026-04-28
CUST-03413,2025-01-07,Sul,58,Básico,Mensal,Débito automático,17,52.32,0,0,4,41.4,8,Não,1,2026-04-03
CUST-03414,2020-07-05,Sudeste,34,Básico,Mensal,Pix,72,58.54,4,0,7,21.2,1,Sim,0,
CUST-03415,2024-05-03,Sudeste,41,Padrão,Mensal,Débito automático,26,95.54,2,1,2,25.3,3,Sim,0,
CUST-03416,2025-09-28,Sudeste,46,Básico,Mensal,Pix,9,59.37,2,2,9,20.0,3,Não,1,2026-02-03
CUST-03417,2024-07-11,Nordeste,29,Padrão,Anual,Boleto,23,86.39,0,0,4,29.2,18,Sim,0,
CUST-03418,2023-05-02,Nordeste,38,Padrão,Mensal,Pix,38,98.83,1,1,3,47.9,10,Sim,0,
CUST-03419,2023-01-27,Sudeste,36,Padrão,Bienal,Boleto,41,89.56,2,0,8,26.0,5,Sim,0,
CUST-03420,2023-08-31,Centro-Oeste,33,Básico,Bienal,Débito automático,34,48.39,2,1,9,28.7,9,Não,0,
CUST-03421,2024-04-04,Centro-Oeste,34,Básico,Mensal,Pix,27,39.0,0,0,6,32.4,6,Sim,0,
CUST-03422,2025-06-29,Sudeste,52,Premium,Anual,Boleto,12,156.54,2,2,7,15.4,7,Não,0,
CUST-03423,2023-11-20,Nordeste,32,Padrão,Mensal,Débito automático,31,110.24,4,0,10,36.7,13,Não,1,2026-03-13
CUST-03424,2024-08-02,Sudeste,46,Padrão,Mensal,Boleto,23,94.44,2,1,5,34.8,1,Não,0,
CUST-03425,2025-04-16,Sudeste,43,Padrão,Mensal,Cartão,14,94.05,0,0,5,35.5,6,Sim,0,
CUST-03426,2024-04-12,Sul,22,Premium,Anual,Cartão,26,176.58,2,0,9,19.9,1,Sim,0,
CUST-03427,2022-12-13,Sudeste,45,Básico,Anual,Débito automático,43,73.35,0,1,8,72.7,7,Não,0,
CUST-03428,2025-11-08,Centro-Oeste,22,Premium,Mensal,Boleto,7,183.28,3,0,10,74.9,15,Sim,0,
CUST-03429,2025-07-02,Centro-Oeste,47,Básico,Anual,Débito automático,12,90.6,3,2,4,28.4,9,Não,0,
CUST-03430,2023-04-06,Nordeste,33,Premium,Anual,Cartão,39,159.83,0,1,3,10.9,4,Sim,0,
CUST-03431,2025-09-03,Sul,39,Básico,Anual,Boleto,10,42.8,4,0,4,6.1,6,Sim,0,
CUST-03432,2022-04-16,Sul,23,Básico,Mensal,Boleto,51,51.7,2,0,9,18.5,1,Não,0,
CUST-03433,2024-09-19,Norte,40,Básico,Anual,Débito automático,21,67.02,0,1,10,19.2,9,Sim,0,
CUST-03434,2023-09-04,Sudeste,50,Padrão,Anual,Boleto,34,119.16,1,1,9,29.9,1,Sim,1,2026-03-22
CUST-03435,2023-04-21,Sudeste,29,Premium,Mensal,Cartão,38,144.32,2,1,8,23.0,5,Sim,1,2026-04-13
CUST-03436,2024-07-01,Sul,32,Básico,Anual,Boleto,24,62.57,0,4,10,25.6,4,Não,0,
CUST-03437,2022-02-05,Sudeste,44,Básico,Mensal,Pix,53,47.9,3,2,6,53.6,9,Sim,0,
CUST-03438,2024-04-16,Sudeste,45,Básico,Anual,Cartão,26,56.95,5,0,3,24.5,6,Sim,0,
CUST-03439,2024-02-16,Sudeste,18,Básico,Anual,Cartão,28,56.74,4,0,4,62.8,6,Sim,0,
CUST-03440,2025-10-24,Sul,63,Padrão,Mensal,Débito automático,8,104.34,5,1,4,33.0,0,Não,1,2026-04-15
CUST-03441,2020-10-01,Sudeste,45,Básico,Mensal,Cartão,69,87.45,1,0,3,34.1,7,Não,0,
CUST-03442,2022-12-01,Sudeste,47,Premium,Anual,Pix,43,165.65,3,0,4,49.2,6,Sim,0,
CUST-03443,2025-07-22,Sudeste,37,Premium,Anual,Boleto,11,152.98,3,1,5,53.6,5,Não,0,
CUST-03444,2025-10-07,Sudeste,18,Básico,Anual,Débito automático,8,50.67,0,1,8,40.7,7,Sim,0,
CUST-03445,2024-12-12,Centro-Oeste,47,Padrão,Anual,Boleto,18,96.33,3,0,8,32.9,2,Sim,0,
CUST-03446,2024-10-20,Sudeste,32,Premium,Mensal,Cartão,20,146.8,2,1,10,26.1,7,Sim,1,2026-05-03
CUST-03447,2024-06-07,Nordeste,46,Premium,Mensal,Cartão,25,160.96,2,2,4,11.5,7,Não,0,
CUST-03448,2022-03-25,Nordeste,36,Padrão,Anual,Cartão,51,65.24,2,0,8,51.0,2,Não,0,
CUST-03449,2022-02-09,Sudeste,42,Básico,Mensal,Cartão,53,56.04,1,0,10,44.3,8,Não,0,
CUST-03450,2023-01-16,Nordeste,30,Básico,Anual,Boleto,42,57.15,1,1,6,25.7,14,Não,0,
CUST-03451,2026-02-13,Nordeste,49,Padrão,Mensal,Pix,4,82.75,0,1,6,24.6,7,Não,0,
CUST-03452,2021-03-30,Sul,25,Básico,Mensal,Cartão,63,53.65,2,1,10,54.7,1,Sim,0,
CUST-03453,2022-09-11,Sudeste,66,Padrão,Anual,Débito automático,46,114.68,2,1,6,6.1,10,Não,0,
CUST-03454,2023-06-18,Sudeste,66,Padrão,Anual,Cartão,36,115.69,0,0,10,33.1,1,Não,0,
CUST-03455,2024-10-01,Norte,59,Padrão,Anual,Cartão,21,91.54,1,0,4,30.2,2,Sim,0,
CUST-03456,2023-08-30,Nordeste,54,Básico,Mensal,Pix,34,66.33,4,2,10,51.1,2,Não,0,
CUST-03457,2025-11-29,Norte,38,Padrão,Anual,Cartão,7,78.02,1,1,10,43.9,5,Sim,0,
CUST-03458,2023-09-18,Centro-Oeste,53,Premium,Mensal,Cartão,33,154.85,2,1,5,17.5,21,Não,0,
CUST-03459,2022-10-07,Sudeste,38,Básico,Anual,Débito automático,45,62.23,2,0,6,24.1,4,Sim,0,
CUST-03460,2023-12-16,Nordeste,20,Básico,Anual,Débito automático,30,80.38,1,1,4,8.9,3,Sim,0,
CUST-03461,2024-09-26,Sul,57,Premium,Mensal,Boleto,21,175.7,1,2,6,35.2,32,Não,1,2026-05-03
CUST-03462,2021-12-26,Nordeste,53,Padrão,Anual,Boleto,54,101.93,4,0,4,24.8,5,Sim,0,
CUST-03463,2020-07-28,Sudeste,39,Padrão,Anual,Cartão,72,86.24,3,0,3,16.0,3,Sim,0,
CUST-03464,2023-06-26,Sudeste,24,Premium,Mensal,Boleto,36,178.02,1,0,4,18.9,3,Não,0,
CUST-03465,2022-11-12,Nordeste,32,Padrão,Anual,Pix,44,94.24,4,1,9,67.6,12,Não,0,
CUST-03466,2024-06-13,Nordeste,18,Premium,Mensal,Cartão,24,165.28,2,0,3,26.1,0,Sim,0,
CUST-03467,2024-12-26,Nordeste,50,Premium,Bienal,Cartão,18,157.28,0,0,10,39.0,5,Sim,0,
CUST-03468,2022-09-14,Sudeste,20,Básico,Mensal,Pix,46,86.89,2,1,9,9.7,7,Sim,0,
CUST-03469,2020-07-07,Sudeste,42,Básico,Mensal,Cartão,72,50.46,0,1,10,47.9,5,Não,0,
CUST-03470,2025-03-21,Norte,29,Básico,Anual,Cartão,15,71.83,3,0,8,40.0,2,Não,0,
CUST-03471,2025-07-24,Sul,22,Padrão,Mensal,Cartão,11,97.79,1,1,10,49.9,24,Sim,1,2026-02-28
CUST-03472,2025-01-09,Sul,42,Padrão,Bienal,Pix,17,106.97,1,1,4,15.2,9,Não,0,
CUST-03473,2025-04-11,Sul,35,Padrão,Mensal,Cartão,14,121.68,2,0,10,74.6,3,Sim,0,
CUST-03474,2021-09-25,Sudeste,49,Premium,Mensal,Pix,57,130.94,2,1,10,57.1,8,Não,0,
CUST-03475,2022-01-24,Sul,24,Padrão,Mensal,Cartão,53,98.08,2,0,7,14.8,2,Sim,0,
CUST-03476,2025-02-10,Sul,30,Padrão,Mensal,Pix,16,86.48,0,0,7,24.3,27,Sim,0,
CUST-03477,2024-01-16,Nordeste,18,Padrão,Mensal,Cartão,29,105.24,2,1,5,40.0,3,Sim,0,
CUST-03478,2025-08-03,Centro-Oeste,18,Padrão,Mensal,Pix,11,108.68,1,0,7,15.5,16,Sim,0,
CUST-03479,2024-07-24,Norte,61,Básico,Mensal,Boleto,23,52.41,1,0,7,66.2,3,Sim,0,
CUST-03480,2025-07-06,Sul,64,Padrão,Mensal,Boleto,11,91.69,3,3,2,46.5,14,Não,1,2026-05-09
CUST-03481,2024-09-22,Sul,40,Padrão,Mensal,Cartão,21,101.85,3,0,8,24.5,5,Sim,0,
CUST-03482,2025-07-12,Nordeste,29,Básico,Mensal,Pix,11,41.18,4,0,9,43.8,3,Não,0,
CUST-03483,2022-01-03,Centro-Oeste,35,Padrão,Mensal,Boleto,54,103.67,0,0,5,25.2,2,Não,0,
CUST-03484,2023-12-15,Sul,49,Padrão,Mensal,Cartão,30,87.55,3,2,6,68.2,3,Sim,0,
CUST-03485,2023-10-14,Nordeste,33,Básico,Mensal,Pix,33,69.27,3,0,9,35.1,5,Sim,0,
CUST-03486,2025-03-16,Nordeste,42,Premium,Mensal,Pix,15,140.55,1,1,5,38.9,6,Não,0,
CUST-03487,2024-11-27,Nordeste,39,Básico,Mensal,Débito automático,19,51.06,4,0,9,18.8,5,Sim,1,2026-03-29
CUST-03488,2024-03-09,Nordeste,32,Padrão,Mensal,Pix,28,88.48,0,0,8,27.4,6,Não,1,2026-02-09
CUST-03489,2020-07-10,Sudeste,33,Padrão,Bienal,Débito automático,72,94.83,3,3,10,54.3,4,Sim,0,
CUST-03490,2024-04-17,Sul,43,Básico,Mensal,Boleto,26,78.27,1,0,7,28.5,6,Não,1,2026-04-04
CUST-03491,2021-07-17,Sul,27,Padrão,Mensal,Pix,60,110.84,2,0,6,18.2,3,Não,1,2026-03-30
CUST-03492,2024-10-23,Sudeste,44,Básico,Anual,Cartão,20,52.28,0,1,8,14.9,18,Sim,0,
CUST-03493,2024-03-29,Centro-Oeste,33,Básico,Mensal,Pix,27,52.27,0,0,7,36.9,23,Sim,0,
CUST-03494,2022-04-13,Nordeste,41,Padrão,Mensal,Cartão,51,111.39,1,0,10,12.4,8,Sim,1,2026-05-18
CUST-03495,2023-02-03,Sudeste,56,Básico,Anual,Pix,41,42.7,2,1,10,11.4,9,Não,0,
CUST-03496,2025-05-05,Nordeste,37,Premium,Anual,Cartão,14,159.31,1,0,6,8.5,7,Sim,0,
CUST-03497,2023-09-17,Nordeste,50,Padrão,Bienal,Boleto,33,90.52,1,1,7,37.6,3,Não,0,
CUST-03498,2023-08-10,Nordeste,18,Básico,Bienal,Boleto,35,56.6,2,1,6,8.2,1,Não,0,
CUST-03499,2023-04-26,Sudeste,33,Premium,Anual,Débito automático,38,170.33,1,0,5,35.1,4,Não,0,
CUST-03500,2025-04-01,Centro-Oeste,39,Padrão,Anual,Cartão,15,89.63,3,0,0,32.4,7,Sim,0,
CUST-03501,2025-08-31,Sudeste,62,Padrão,Mensal,Débito automático,10,112.64,1,1,10,24.2,10,Não,0,
CUST-03502,2021-05-27,Sul,18,Padrão,Bienal,Débito automático,62,129.79,0,0,6,31.5,6,Sim,0,
CUST-03503,2020-07-11,Sudeste,38,Premium,Mensal,Débito automático,72,167.46,0,0,6,42.1,9,Não,0,
CUST-03504,2023-05-03,Nordeste,56,Básico,Mensal,Boleto,38,57.82,2,0,10,61.1,6,Sim,0,
CUST-03505,2024-12-05,Nordeste,30,Básico,Mensal,Cartão,19,75.2,6,0,6,29.1,10,Sim,0,
CUST-03506,2021-11-18,Sul,36,Premium,Anual,Débito automático,56,143.48,1,2,7,35.4,7,Não,0,
CUST-03507,2025-05-11,Sul,43,Básico,Mensal,Pix,13,80.3,2,1,8,17.4,7,Sim,0,
CUST-03508,2025-04-26,Nordeste,41,Padrão,Anual,Boleto,14,88.46,1,0,8,35.0,16,Não,0,
CUST-03509,2021-02-09,Nordeste,58,Padrão,Mensal,Cartão,65,129.35,1,0,6,29.7,25,Sim,1,2026-06-23
CUST-03510,2020-07-09,Sudeste,44,Padrão,Anual,Cartão,72,88.96,2,0,9,39.7,3,Não,0,
CUST-03511,2024-12-18,Norte,55,Padrão,Mensal,Cartão,18,108.26,1,0,7,16.7,32,Não,0,
CUST-03512,2025-04-01,Nordeste,35,Premium,Anual,Pix,15,137.17,0,2,7,77.0,12,Sim,0,
CUST-03513,2024-04-15,Norte,30,Básico,Mensal,Pix,26,56.01,1,0,6,25.8,7,Sim,0,
CUST-03514,2025-06-26,Norte,36,Padrão,Mensal,Débito automático,12,83.88,1,2,7,36.7,13,Sim,0,
CUST-03515,2025-10-04,Centro-Oeste,25,Padrão,Mensal,Cartão,8,78.82,3,1,9,6.3,2,Sim,0,
CUST-03516,2025-09-24,Nordeste,45,Básico,Mensal,Cartão,9,75.88,1,0,9,32.5,12,Sim,1,2026-05-22
CUST-03517,2023-10-22,Sul,34,Premium,Mensal,Cartão,32,141.81,5,1,6,37.5,7,Sim,1,2026-06-23
CUST-03518,2024-05-23,Sudeste,31,Padrão,Anual,Cartão,25,88.71,1,0,5,52.0,15,Não,0,
CUST-03519,2022-04-06,Sul,45,Básico,Mensal,Pix,51,47.08,0,1,9,39.4,12,Não,0,
CUST-03520,2021-01-29,Nordeste,25,Premium,Anual,Boleto,65,174.96,1,2,8,64.3,19,Não,0,
CUST-03521,2023-06-14,Sul,48,Premium,Anual,Débito automático,37,173.24,0,0,9,53.9,2,Não,0,
CUST-03522,2025-06-10,Centro-Oeste,33,Básico,Mensal,Cartão,12,76.78,0,1,5,14.1,11,Sim,0,
CUST-03523,2026-01-02,Sudeste,53,Padrão,Bienal,Cartão,5,87.99,2,0,7,65.5,3,Sim,0,
CUST-03524,2024-11-02,Sudeste,34,Básico,Anual,Boleto,20,77.89,2,2,9,27.6,10,Não,0,
CUST-03525,2024-12-21,Sul,47,Básico,Anual,Cartão,18,47.87,2,0,6,31.7,8,Sim,0,
CUST-03526,2025-06-18,Sul,41,Básico,Anual,Boleto,12,48.43,1,1,10,12.9,4,Sim,0,
CUST-03527,2023-06-29,Sudeste,48,Premium,Anual,Pix,36,149.22,0,0,10,50.4,4,Sim,0,
CUST-03528,2023-04-27,Sudeste,40,Básico,Bienal,Débito automático,38,49.73,1,1,7,29.0,1,Não,1,2026-01-11
CUST-03529,2023-10-21,Centro-Oeste,19,Básico,Mensal,Cartão,32,57.73,3,0,7,29.9,14,Não,0,
CUST-03530,2020-07-23,Sul,51,Padrão,Mensal,Débito automático,72,87.26,0,0,8,33.5,9,Sim,0,
CUST-03531,2025-09-10,Sudeste,38,Padrão,Anual,Débito automático,9,102.24,2,1,7,47.0,6,Sim,0,
CUST-03532,2024-10-08,Sudeste,48,Básico,Mensal,Cartão,21,39.0,1,1,10,61.8,8,Sim,0,
CUST-03533,2024-04-26,Sul,47,Básico,Anual,Pix,26,62.19,1,0,5,12.4,23,Não,0,
CUST-03534,2024-11-21,Sudeste,30,Padrão,Mensal,Pix,19,83.74,0,2,5,26.7,5,Não,0,
CUST-03535,2025-01-15,Nordeste,28,Padrão,Mensal,Cartão,17,89.63,1,1,8,19.1,5,Sim,0,
CUST-03536,2022-12-22,Nordeste,47,Padrão,Bienal,Débito automático,42,89.97,2,0,8,51.6,4,Não,0,
CUST-03537,2025-04-04,Sudeste,35,Básico,Mensal,Cartão,15,72.2,2,1,7,44.8,11,Não,0,
CUST-03538,2025-06-03,Sul,50,Padrão,Mensal,Cartão,13,106.06,0,1,9,39.4,3,Sim,0,
CUST-03539,2023-05-13,Sudeste,37,Padrão,Anual,Cartão,38,96.68,1,1,10,30.4,6,Sim,0,
CUST-03540,2023-06-06,Sudeste,51,Básico,Anual,Pix,37,48.99,2,0,9,47.3,3,Sim,0,
CUST-03541,2025-10-17,Centro-Oeste,44,Básico,Anual,Débito automático,8,69.96,2,0,8,35.1,9,Não,0,
CUST-03542,2022-03-13,Sul,42,Padrão,Mensal,Boleto,52,124.13,5,0,7,41.8,7,Não,0,
CUST-03543,2020-07-23,Centro-Oeste,35,Básico,Bienal,Boleto,72,58.61,0,1,7,58.7,11,Sim,0,
CUST-03544,2025-12-15,Sudeste,42,Básico,Anual,Cartão,6,39.0,2,0,4,41.9,1,Não,1,2026-02-23
CUST-03545,2023-01-02,Sudeste,53,Premium,Anual,Boleto,42,149.16,1,0,5,29.8,4,Sim,0,
CUST-03546,2023-12-06,Sul,38,Padrão,Mensal,Pix,31,106.83,0,1,10,21.7,6,Não,0,
CUST-03547,2024-01-29,Sul,45,Padrão,Mensal,Pix,29,92.8,2,2,10,21.6,11,Não,0,
CUST-03548,2021-12-30,Norte,40,Básico,Mensal,Pix,54,46.98,4,1,4,25.2,6,Não,0,
CUST-03549,2024-01-05,Sudeste,40,Padrão,Anual,Débito automático,30,86.37,2,1,8,38.8,6,Sim,0,
CUST-03550,2024-01-29,Centro-Oeste,60,Padrão,Mensal,Boleto,29,100.28,2,1,4,61.4,14,Sim,0,
CUST-03551,2025-01-01,Centro-Oeste,53,Premium,Mensal,Boleto,18,137.53,1,1,10,20.1,4,Sim,0,
CUST-03552,2021-11-29,Sul,40,Padrão,Anual,Pix,55,98.51,2,2,7,57.4,9,Sim,0,
CUST-03553,2025-10-07,Sudeste,42,Padrão,Mensal,Cartão,8,100.24,2,0,10,23.9,11,Não,0,
CUST-03554,2022-07-30,Sul,31,Básico,Mensal,Pix,47,52.71,0,0,6,61.8,3,Não,0,
CUST-03555,2025-04-02,Sudeste,37,Padrão,Mensal,Boleto,15,84.4,2,2,6,24.0,5,Sim,0,
CUST-03556,2024-05-27,Nordeste,43,Premium,Anual,Boleto,25,173.26,0,0,8,22.8,10,Sim,0,
CUST-03557,2025-06-30,Sul,49,Padrão,Anual,Pix,12,80.34,2,0,9,13.5,5,Sim,0,
CUST-03558,2024-10-22,Centro-Oeste,48,Padrão,Mensal,Cartão,20,101.42,2,0,9,26.7,9,Não,0,
CUST-03559,2025-04-13,Nordeste,26,Premium,Bienal,Cartão,14,169.19,1,0,9,25.0,5,Não,0,
CUST-03560,2024-09-21,Sul,51,Premium,Anual,Cartão,21,161.23,1,1,7,42.1,20,Não,1,2026-01-01
CUST-03561,2022-06-15,Nordeste,38,Básico,Mensal,Boleto,49,76.24,3,0,9,20.7,8,Sim,0,
CUST-03562,2024-12-16,Sul,27,Básico,Anual,Débito automático,18,43.1,1,1,10,35.6,3,Sim,0,
CUST-03563,2025-11-16,Centro-Oeste,55,Padrão,Bienal,Pix,7,87.93,3,1,9,25.0,7,Não,0,
CUST-03564,2023-06-20,Sudeste,57,Premium,Mensal,Boleto,36,152.54,3,0,5,48.9,4,Não,0,
CUST-03565,2025-02-05,Norte,42,Padrão,Anual,Boleto,17,145.07,0,0,8,45.7,7,Sim,0,
CUST-03566,2025-04-11,Nordeste,48,Básico,Mensal,Cartão,14,66.11,0,2,3,43.5,15,Sim,1,2026-03-25
CUST-03567,2024-05-11,Centro-Oeste,48,Padrão,Anual,Cartão,26,108.73,0,2,9,7.4,4,Não,0,
CUST-03568,2026-03-10,Sul,56,Básico,Anual,Cartão,3,68.15,1,0,4,20.4,5,Não,0,
CUST-03569,2025-01-20,Centro-Oeste,48,Básico,Bienal,Débito automático,17,60.1,2,0,9,50.9,1,Não,0,
CUST-03570,2021-11-12,Sudeste,23,Básico,Anual,Cartão,56,73.69,0,1,7,23.2,7,Não,0,
CUST-03571,2023-08-28,Nordeste,63,Básico,Mensal,Pix,34,39.0,0,1,9,48.5,5,Não,0,
CUST-03572,2024-05-17,Sudeste,52,Padrão,Mensal,Pix,25,102.88,2,1,7,14.4,12,Sim,1,2026-01-16
CUST-03573,2024-07-02,Sudeste,33,Básico,Bienal,Boleto,24,65.0,0,0,10,41.0,2,Não,0,
CUST-03574,2022-05-23,Sul,27,Básico,Mensal,Cartão,49,73.26,2,0,8,38.6,10,Não,1,2026-04-24
CUST-03575,2025-01-15,Sudeste,45,Padrão,Mensal,Débito automático,17,82.82,1,0,9,39.2,9,Sim,0,
CUST-03576,2024-09-29,Sudeste,36,Básico,Anual,Cartão,21,43.85,2,0,6,65.0,7,Não,0,
CUST-03577,2026-03-07,Nordeste,43,Padrão,Mensal,Débito automático,3,84.74,1,0,6,19.0,20,Sim,0,
CUST-03578,2024-06-21,Sudeste,48,Básico,Mensal,Pix,24,66.31,3,0,4,49.1,28,Não,0,
CUST-03579,2023-06-20,Nordeste,32,Básico,Mensal,Pix,36,66.51,1,0,5,35.6,15,Sim,0,
CUST-03580,2024-12-15,Sudeste,26,Padrão,Mensal,Boleto,18,85.7,2,1,7,72.5,0,Sim,1,2026-02-03
CUST-03581,2023-10-23,Nordeste,44,Básico,Anual,Pix,32,85.8,1,0,7,25.8,3,Sim,0,
CUST-03582,2024-09-15,Nordeste,33,Básico,Mensal,Cartão,21,63.01,2,0,8,54.0,2,Sim,0,
CUST-03583,2023-09-16,Sudeste,41,Básico,Mensal,Boleto,33,60.74,3,0,6,68.7,2,Sim,0,
CUST-03584,2024-02-22,Nordeste,23,Básico,Anual,Pix,28,56.09,1,2,7,19.6,16,Não,0,
CUST-03585,2025-03-08,Centro-Oeste,36,Básico,Mensal,Pix,15,72.03,2,2,10,24.7,24,Sim,0,
CUST-03586,2024-09-27,Nordeste,48,Básico,Anual,Boleto,21,64.45,2,1,8,49.1,15,Não,0,
CUST-03587,2024-06-29,Sudeste,46,Básico,Mensal,Boleto,24,85.46,0,0,7,42.4,9,Não,0,
CUST-03588,2024-06-22,Sul,30,Básico,Mensal,Pix,24,42.01,3,0,8,15.8,2,Sim,0,
CUST-03589,2021-01-25,Nordeste,25,Premium,Mensal,Cartão,66,137.36,1,1,10,29.4,6,Sim,0,
CUST-03590,2024-07-30,Sudeste,39,Básico,Anual,Cartão,23,48.64,3,1,7,36.7,12,Sim,0,
CUST-03591,2021-09-25,Nordeste,46,Básico,Bienal,Pix,57,66.75,2,1,6,28.8,28,Não,0,
CUST-03592,2025-06-08,Sudeste,44,Padrão,Mensal,Cartão,12,93.01,5,1,6,29.2,17,Não,0,
CUST-03593,2023-09-30,Nordeste,33,Básico,Mensal,Cartão,33,76.79,2,0,6,23.3,4,Sim,0,
CUST-03594,2022-12-24,Sudeste,43,Padrão,Mensal,Boleto,42,93.49,1,1,6,44.6,5,Não,0,
CUST-03595,2025-10-06,Sudeste,57,Básico,Mensal,Cartão,8,74.15,3,1,9,24.5,5,Sim,0,
CUST-03596,2023-07-16,Norte,41,Padrão,Mensal,Cartão,36,87.37,2,0,10,13.4,11,Não,0,
CUST-03597,2026-03-01,Centro-Oeste,19,Premium,Bienal,Débito automático,4,175.56,5,1,6,33.3,3,Não,1,2026-03-02
CUST-03598,2025-02-24,Centro-Oeste,41,Básico,Anual,Boleto,16,78.17,1,1,5,38.8,6,Não,1,2026-02-16
CUST-03599,2024-04-29,Norte,64,Básico,Mensal,Boleto,26,51.09,3,1,4,17.6,9,Sim,0,
CUST-03600,2021-01-12,Sul,24,Padrão,Mensal,Pix,66,105.85,1,1,10,36.0,11,Sim,0,
CUST-03601,2023-07-07,Sudeste,39,Premium,Mensal,Pix,36,162.75,2,0,9,17.4,7,Sim,1,2026-04-28
CUST-03602,2025-02-13,Sudeste,36,Padrão,Mensal,Débito automático,16,106.23,0,0,6,21.2,6,Sim,0,
CUST-03603,2022-06-09,Sul,40,Padrão,Anual,Cartão,49,116.98,3,1,7,22.4,12,Não,0,
CUST-03604,2025-11-14,Sudeste,41,Básico,Bienal,Cartão,7,72.62,0,3,10,43.3,9,Não,0,
CUST-03605,2025-09-08,Norte,53,Padrão,Mensal,Cartão,9,106.2,0,0,7,18.7,14,Sim,0,
CUST-03606,2026-01-04,Sudeste,40,Básico,Mensal,Débito automático,5,68.28,0,0,9,52.9,4,Sim,1,2026-04-11
CUST-03607,2023-10-26,Sudeste,54,Padrão,Mensal,Cartão,32,81.23,1,2,7,56.3,29,Não,1,2026-03-07
CUST-03608,2024-12-15,Sudeste,38,Básico,Mensal,Pix,18,58.43,2,0,6,21.2,16,Sim,1,2026-05-07
CUST-03609,2024-03-19,Sudeste,35,Padrão,Bienal,Pix,27,83.58,1,1,2,42.4,15,Não,0,
CUST-03610,2025-09-14,Sudeste,31,Básico,Anual,Débito automático,9,58.75,1,1,6,38.9,5,Sim,0,
CUST-03611,2022-02-28,Nordeste,18,Padrão,Anual,Cartão,52,114.64,2,0,6,37.5,2,Sim,0,
CUST-03612,2022-06-01,Sudeste,42,Padrão,Anual,Pix,49,98.9,0,0,8,57.9,1,Sim,0,
CUST-03613,2025-11-13,Nordeste,64,Premium,Mensal,Débito automático,7,123.92,0,1,8,27.8,39,Sim,1,2026-02-10
CUST-03614,2025-07-08,Centro-Oeste,44,Premium,Anual,Cartão,11,144.34,0,2,8,36.1,17,Sim,0,
CUST-03615,2021-10-22,Sul,47,Padrão,Anual,Pix,57,107.14,0,0,9,40.9,4,Não,0,
CUST-03616,2025-01-21,Nordeste,34,Padrão,Mensal,Cartão,17,91.45,0,1,2,10.1,2,Não,1,2026-03-12
CUST-03617,2025-08-17,Sudeste,36,Básico,Mensal,Cartão,10,69.97,0,0,7,47.2,11,Sim,0,
CUST-03618,2024-01-26,Sudeste,51,Premium,Anual,Cartão,29,142.1,0,0,5,70.8,6,Não,0,
CUST-03619,2024-12-31,Sudeste,63,Padrão,Bienal,Cartão,18,104.34,1,2,4,11.1,12,Sim,1,2026-06-18
CUST-03620,2025-09-09,Norte,57,Padrão,Mensal,Cartão,9,105.05,2,0,6,37.0,4,Sim,0,
CUST-03621,2020-11-28,Nordeste,49,Padrão,Bienal,Boleto,68,110.06,2,2,7,30.1,8,Sim,0,
CUST-03622,2026-01-24,Sudeste,39,Padrão,Bienal,Pix,5,89.83,0,1,8,39.0,12,Sim,0,
CUST-03623,2024-08-30,Sul,42,Premium,Bienal,Pix,22,169.92,1,0,8,47.2,29,Sim,0,
CUST-03624,2022-12-04,Centro-Oeste,30,Padrão,Mensal,Boleto,43,120.09,3,1,5,23.4,9,Sim,1,2026-01-24
CUST-03625,2022-01-05,Nordeste,22,Padrão,Mensal,Débito automático,54,67.18,1,0,7,39.3,3,Sim,0,
CUST-03626,2023-05-24,Sul,25,Básico,Anual,Cartão,37,59.72,1,0,10,58.0,0,Sim,0,
CUST-03627,2022-10-28,Centro-Oeste,40,Premium,Mensal,Cartão,44,133.71,2,0,10,50.5,6,Não,0,
CUST-03628,2023-02-24,Nordeste,35,Padrão,Mensal,Cartão,40,86.96,3,1,6,45.0,8,Não,1,2026-01-26
CUST-03629,2024-04-17,Nordeste,21,Padrão,Anual,Débito automático,26,88.1,4,2,7,28.1,11,Sim,0,
CUST-03630,2025-05-09,Sudeste,39,Padrão,Mensal,Débito automático,13,98.07,2,2,5,26.4,27,Sim,0,
CUST-03631,2024-11-17,Sudeste,35,Padrão,Mensal,Pix,19,104.29,2,0,9,37.5,9,Sim,1,2026-03-25
CUST-03632,2025-07-11,Norte,25,Padrão,Bienal,Cartão,11,111.67,1,1,10,37.8,19,Não,1,2026-01-14
CUST-03633,2024-02-12,Sul,35,Padrão,Mensal,Pix,28,102.7,1,0,6,50.8,13,Não,0,
CUST-03634,2025-05-31,Sudeste,35,Premium,Bienal,Boleto,13,168.43,1,0,10,37.1,5,Sim,0,
CUST-03635,2024-07-14,Sul,32,Premium,Mensal,Cartão,23,143.9,1,0,9,47.3,8,Sim,0,
CUST-03636,2024-09-12,Sudeste,50,Padrão,Mensal,Cartão,21,113.79,2,0,7,13.2,19,Sim,1,2026-02-26
CUST-03637,2023-11-25,Nordeste,18,Básico,Mensal,Cartão,31,39.0,2,0,6,44.4,1,Sim,0,
CUST-03638,2024-07-20,Sudeste,18,Padrão,Mensal,Boleto,23,120.37,2,0,10,45.1,8,Sim,0,
CUST-03639,2024-06-17,Nordeste,39,Padrão,Mensal,Débito automático,24,117.86,2,2,9,56.2,2,Sim,0,
CUST-03640,2025-10-28,Sul,40,Padrão,Anual,Cartão,8,109.5,2,1,9,11.0,3,Não,1,2026-02-03
CUST-03641,2025-02-27,Sudeste,44,Premium,Bienal,Débito automático,16,190.21,2,0,7,63.8,20,Não,0,
CUST-03642,2026-05-21,Sudeste,33,Básico,Mensal,Pix,1,39.0,3,0,7,31.3,2,Sim,1,2026-05-31
CUST-03643,2023-06-24,Nordeste,28,Básico,Mensal,Boleto,36,69.91,2,2,5,27.1,7,Sim,1,2026-03-16
CUST-03644,2024-11-04,Sudeste,39,Premium,Anual,Débito automático,20,160.89,3,2,9,48.7,11,Não,0,
CUST-03645,2024-12-22,Sudeste,34,Premium,Mensal,Pix,18,162.42,1,0,6,29.3,29,Não,1,2026-03-25
CUST-03646,2024-02-13,Nordeste,58,Padrão,Mensal,Cartão,28,82.71,4,0,5,8.2,6,Não,0,
CUST-03647,2024-05-26,Sudeste,35,Básico,Mensal,Cartão,25,64.53,2,0,5,41.0,12,Sim,0,
CUST-03648,2024-02-26,Sudeste,38,Padrão,Mensal,Boleto,28,103.87,4,1,10,41.3,3,Sim,0,
CUST-03649,2023-11-21,Sudeste,69,Padrão,Mensal,Pix,31,89.35,1,2,6,4.7,12,Não,1,2026-05-09
CUST-03650,2024-08-23,Centro-Oeste,37,Padrão,Mensal,Cartão,22,98.04,0,0,8,92.6,6,Não,0,
CUST-03651,2025-07-25,Sudeste,46,Básico,Anual,Pix,11,40.6,2,1,5,86.5,9,Sim,0,
CUST-03652,2025-09-30,Sudeste,47,Básico,Mensal,Cartão,9,53.46,1,1,7,54.3,13,Não,0,
CUST-03653,2025-03-31,Sudeste,48,Padrão,Mensal,Cartão,15,112.45,0,1,4,22.6,11,Sim,1,2026-06-18
CUST-03654,2021-05-14,Sudeste,42,Padrão,Mensal,Boleto,62,112.73,1,1,8,42.3,2,Não,1,2026-01-08
CUST-03655,2024-05-15,Sudeste,41,Padrão,Mensal,Pix,25,109.76,0,1,5,19.1,1,Não,0,
CUST-03656,2023-08-20,Sudeste,40,Básico,Bienal,Cartão,34,72.45,1,0,9,33.2,13,Sim,0,
CUST-03657,2024-12-06,Sudeste,32,Básico,Anual,Pix,19,72.63,1,0,3,28.9,5,Sim,0,
CUST-03658,2024-09-14,Sudeste,43,Básico,Anual,Débito automático,21,49.99,2,1,6,73.2,8,Sim,0,
CUST-03659,2025-06-04,Centro-Oeste,63,Premium,Mensal,Cartão,13,163.75,3,0,10,30.8,9,Sim,0,
CUST-03660,2023-07-23,Sudeste,54,Padrão,Mensal,Cartão,35,114.21,0,0,10,52.0,16,Sim,0,
CUST-03661,2024-11-06,Sudeste,43,Padrão,Mensal,Pix,20,79.69,0,0,7,35.7,6,Não,1,2026-01-19
CUST-03662,2023-05-26,Centro-Oeste,49,Padrão,Mensal,Cartão,37,79.61,2,1,6,52.4,9,Sim,0,
CUST-03663,2026-03-27,Centro-Oeste,29,Premium,Anual,Cartão,3,138.83,1,1,7,9.9,7,Não,0,
CUST-03664,2023-04-24,Nordeste,36,Básico,Mensal,Cartão,38,39.0,1,0,10,32.3,3,Não,0,
CUST-03665,2025-07-05,Sudeste,50,Padrão,Mensal,Cartão,12,84.29,3,1,7,51.7,7,Sim,0,
CUST-03666,2025-04-11,Sudeste,57,Premium,Mensal,Boleto,14,151.64,1,1,7,51.9,3,Sim,0,
CUST-03667,2022-11-01,Sudeste,30,Básico,Mensal,Cartão,44,80.17,2,0,5,46.3,9,Não,0,
CUST-03668,2022-07-02,Sudeste,33,Padrão,Mensal,Pix,48,92.88,2,0,6,26.9,9,Não,0,
CUST-03669,2024-04-24,Sudeste,65,Padrão,Anual,Boleto,26,77.77,3,0,8,46.6,2,Sim,0,
CUST-03670,2022-09-15,Sul,40,Premium,Bienal,Cartão,46,161.33,0,1,9,43.5,7,Não,0,
CUST-03671,2025-02-08,Sudeste,61,Padrão,Mensal,Cartão,16,96.35,3,0,8,36.9,8,Não,0,
CUST-03672,2024-12-21,Nordeste,41,Básico,Mensal,Débito automático,18,48.05,0,0,9,49.9,4,Não,0,
CUST-03673,2021-12-03,Sudeste,42,Premium,Mensal,Pix,55,150.76,0,0,5,20.9,21,Sim,0,
CUST-03674,2026-01-30,Sudeste,35,Padrão,Mensal,Boleto,5,113.94,2,0,5,32.3,8,Não,1,2026-01-31
CUST-03675,2023-09-02,Nordeste,50,Padrão,Anual,Pix,34,79.26,2,0,9,14.7,3,Sim,0,
CUST-03676,2024-08-20,Centro-Oeste,55,Básico,Mensal,Débito automático,22,39.0,2,0,6,16.3,2,Não,1,2026-02-03
CUST-03677,2024-01-26,Sudeste,27,Básico,Bienal,Cartão,29,65.54,3,1,5,22.1,2,Não,1,2026-02-27
CUST-03678,2024-04-14,Sul,35,Padrão,Anual,Cartão,26,90.4,2,1,8,68.4,3,Sim,1,2026-04-16
CUST-03679,2024-03-11,Sudeste,50,Padrão,Mensal,Boleto,28,120.73,1,0,7,51.3,1,Não,0,
CUST-03680,2024-08-24,Sudeste,37,Premium,Bienal,Cartão,22,156.84,0,0,7,24.2,12,Não,0,
CUST-03681,2024-02-19,Nordeste,33,Básico,Anual,Pix,28,57.59,2,1,10,29.7,15,Não,0,
CUST-03682,2023-09-05,Sudeste,51,Padrão,Bienal,Cartão,34,110.01,0,1,10,27.6,19,Sim,0,
CUST-03683,2024-11-19,Sudeste,52,Básico,Mensal,Pix,19,39.0,3,1,9,43.6,1,Não,0,
CUST-03684,2024-08-27,Sul,34,Padrão,Bienal,Boleto,22,103.73,2,0,8,21.5,19,Sim,0,
CUST-03685,2024-03-19,Sudeste,42,Básico,Mensal,Pix,27,53.88,1,0,10,73.8,6,Não,0,
CUST-03686,2022-08-26,Sudeste,24,Padrão,Mensal,Pix,46,113.38,0,0,7,75.9,9,Não,0,
CUST-03687,2025-12-02,Sudeste,28,Básico,Bienal,Cartão,7,49.95,3,0,7,39.8,11,Não,0,
CUST-03688,2025-07-20,Norte,40,Padrão,Mensal,Cartão,11,101.48,2,0,6,27.9,6,Não,1,2026-03-29
CUST-03689,2020-10-15,Nordeste,39,Básico,Mensal,Boleto,69,53.97,1,0,5,59.7,19,Sim,0,
CUST-03690,2023-11-17,Sudeste,27,Padrão,Mensal,Cartão,31,104.78,2,0,9,50.1,27,Sim,0,
CUST-03691,2023-11-29,Sudeste,30,Básico,Mensal,Pix,31,55.48,4,3,4,19.9,15,Sim,0,
CUST-03692,2020-07-09,Sul,26,Padrão,Mensal,Pix,72,102.67,0,1,6,33.7,14,Não,0,
CUST-03693,2023-12-26,Sudeste,44,Padrão,Mensal,Pix,30,123.55,5,0,6,32.9,18,Sim,1,2026-04-14
CUST-03694,2025-01-25,Sul,18,Básico,Mensal,Cartão,17,55.0,2,1,4,9.0,6,Sim,0,
CUST-03695,2026-04-01,Nordeste,27,Básico,Anual,Boleto,3,64.64,2,1,6,48.2,3,Sim,0,
CUST-03696,2024-09-19,Sudeste,18,Básico,Mensal,Pix,21,91.01,1,1,7,28.7,0,Sim,0,
CUST-03697,2024-05-31,Sudeste,44,Padrão,Anual,Cartão,25,104.46,1,0,9,39.0,8,Sim,0,
CUST-03698,2023-01-10,Sudeste,18,Premium,Anual,Débito automático,42,124.92,1,1,6,57.4,5,Não,0,
CUST-03699,2022-11-27,Sudeste,39,Básico,Anual,Cartão,43,49.67,3,1,7,36.2,3,Sim,0,
CUST-03700,2023-08-09,Sul,59,Padrão,Anual,Boleto,35,82.15,2,1,4,49.5,1,Sim,0,
CUST-03701,2022-07-26,Centro-Oeste,59,Padrão,Bienal,Cartão,47,111.91,4,0,5,32.3,1,Sim,0,
CUST-03702,2024-03-10,Sudeste,18,Padrão,Mensal,Pix,28,97.69,1,2,3,14.4,19,Não,1,2026-04-27
CUST-03703,2025-11-04,Sul,43,Padrão,Anual,Pix,7,113.89,3,1,9,65.1,16,Sim,0,
CUST-03704,2024-10-31,Nordeste,27,Premium,Bienal,Cartão,20,167.56,1,0,6,67.1,24,Sim,0,
CUST-03705,2024-10-17,Sudeste,25,Padrão,Anual,Boleto,20,107.5,0,0,8,19.1,1,Sim,0,
CUST-03706,2024-04-18,Sudeste,38,Premium,Mensal,Cartão,26,141.87,3,1,8,77.1,4,Sim,0,
CUST-03707,2022-06-23,Sudeste,54,Básico,Anual,Pix,48,66.07,1,1,9,30.1,4,Não,0,
CUST-03708,2024-07-08,Nordeste,46,Padrão,Anual,Boleto,24,118.13,1,0,10,34.2,11,Sim,0,
CUST-03709,2024-06-19,Sul,30,Premium,Mensal,Pix,24,138.74,2,1,7,47.2,3,Sim,1,2026-01-17
CUST-03710,2020-07-12,Nordeste,47,Premium,Anual,Pix,72,154.56,1,0,6,41.5,3,Sim,0,
CUST-03711,2025-06-14,Centro-Oeste,18,Básico,Anual,Cartão,12,63.96,5,0,9,11.4,3,Não,0,
CUST-03712,2024-01-02,Nordeste,30,Premium,Mensal,Cartão,30,160.37,1,0,10,60.6,6,Não,0,
CUST-03713,2025-02-06,Norte,29,Básico,Mensal,Débito automático,16,79.11,1,1,6,32.0,8,Sim,0,
CUST-03714,2023-10-15,Nordeste,40,Padrão,Mensal,Pix,32,109.2,1,1,5,26.5,5,Não,0,
CUST-03715,2022-03-14,Centro-Oeste,37,Básico,Anual,Boleto,52,64.69,1,1,2,45.8,4,Não,0,
CUST-03716,2023-03-31,Centro-Oeste,37,Padrão,Mensal,Pix,39,110.45,0,0,3,38.9,18,Sim,0,
CUST-03717,2024-01-31,Nordeste,37,Padrão,Anual,Pix,29,109.7,2,1,10,65.6,2,Sim,0,
CUST-03718,2024-06-17,Nordeste,39,Básico,Mensal,Cartão,24,59.57,2,0,7,63.0,4,Sim,0,
CUST-03719,2022-07-29,Norte,45,Básico,Anual,Cartão,47,54.03,1,2,5,26.2,9,Sim,0,
CUST-03720,2023-02-23,Sul,41,Básico,Anual,Pix,40,72.86,3,3,7,30.5,7,Sim,0,
CUST-03721,2024-06-26,Nordeste,36,Padrão,Anual,Cartão,24,88.6,1,0,10,19.3,13,Sim,0,
CUST-03722,2020-07-18,Sul,44,Premium,Mensal,Cartão,72,157.99,4,1,7,63.2,2,Sim,0,
CUST-03723,2025-03-31,Centro-Oeste,49,Padrão,Mensal,Pix,15,82.81,1,0,10,54.8,0,Sim,0,
CUST-03724,2020-07-29,Sul,32,Padrão,Anual,Pix,72,109.24,3,0,5,26.5,5,Não,0,
CUST-03725,2022-07-09,Nordeste,38,Padrão,Mensal,Pix,48,116.26,0,0,10,51.7,15,Não,0,
CUST-03726,2025-09-30,Nordeste,53,Básico,Mensal,Boleto,9,45.9,2,0,6,22.2,14,Não,1,2026-02-16
CUST-03727,2025-03-01,Norte,26,Padrão,Mensal,Pix,16,96.84,4,0,5,40.4,10,Não,1,2026-02-11
CUST-03728,2023-12-31,Sudeste,61,Padrão,Mensal,Cartão,30,92.28,0,2,5,42.4,4,Sim,1,2026-06-22
CUST-03729,2025-11-03,Nordeste,23,Básico,Anual,Boleto,7,74.05,1,2,6,39.1,5,Não,0,
CUST-03730,2023-01-28,Nordeste,35,Padrão,Mensal,Pix,41,118.84,2,0,9,15.8,9,Sim,0,
CUST-03731,2024-06-11,Norte,28,Padrão,Mensal,Pix,24,92.29,4,1,6,49.0,8,Sim,1,2026-02-20
CUST-03732,2023-01-01,Centro-Oeste,65,Padrão,Mensal,Débito automático,42,55.72,2,0,9,23.9,14,Sim,1,2026-05-13
CUST-03733,2023-03-22,Sul,33,Padrão,Mensal,Cartão,39,115.14,3,0,6,17.0,0,Sim,1,2026-03-12
CUST-03734,2024-09-16,Sul,33,Básico,Mensal,Pix,21,59.63,4,2,7,48.2,7,Não,0,
CUST-03735,2025-02-23,Sudeste,35,Padrão,Anual,Cartão,16,99.69,3,1,6,66.7,12,Não,0,
CUST-03736,2026-02-04,Norte,40,Básico,Bienal,Cartão,4,72.49,3,1,10,16.6,4,Não,0,
CUST-03737,2020-07-15,Sudeste,35,Premium,Bienal,Pix,72,153.9,1,1,8,8.8,3,Não,1,2026-03-31
CUST-03738,2023-06-10,Nordeste,37,Básico,Mensal,Cartão,37,50.18,1,1,8,26.3,3,Sim,0,
CUST-03739,2025-08-11,Nordeste,18,Padrão,Mensal,Cartão,10,94.02,1,0,7,40.8,11,Sim,0,
CUST-03740,2024-06-30,Sul,40,Padrão,Mensal,Pix,24,105.85,1,3,6,22.4,5,Sim,0,
CUST-03741,2022-08-20,Sudeste,39,Básico,Anual,Cartão,47,71.31,1,0,5,41.5,26,Sim,0,
CUST-03742,2024-05-02,Sudeste,51,Básico,Anual,Pix,26,81.86,1,0,10,25.4,5,Sim,0,
CUST-03743,2025-10-19,Centro-Oeste,55,Básico,Anual,Cartão,8,64.65,3,0,4,18.3,24,Sim,1,2026-02-05
CUST-03744,2023-03-13,Sul,37,Padrão,Mensal,Pix,40,96.98,0,2,6,10.0,21,Sim,1,2026-01-31
CUST-03745,2025-10-20,Sudeste,49,Premium,Mensal,Pix,8,171.41,2,1,9,59.2,1,Sim,0,
CUST-03746,2022-11-02,Nordeste,26,Básico,Bienal,Pix,44,45.4,0,0,4,43.3,3,Sim,0,
CUST-03747,2023-11-11,Sudeste,48,Padrão,Mensal,Boleto,32,118.87,2,1,7,48.3,15,Não,1,2026-02-09
CUST-03748,2024-07-06,Centro-Oeste,32,Premium,Anual,Débito automático,24,161.96,4,1,5,6.6,1,Sim,0,
CUST-03749,2024-06-16,Sudeste,25,Padrão,Anual,Cartão,24,95.8,1,0,7,29.5,5,Sim,0,
CUST-03750,2024-11-06,Sudeste,37,Premium,Mensal,Pix,20,145.45,3,0,7,63.8,3,Sim,0,
CUST-03751,2023-06-03,Sudeste,56,Padrão,Bienal,Débito automático,37,107.78,2,0,2,95.5,15,Sim,0,
CUST-03752,2025-09-02,Sul,41,Padrão,Anual,Boleto,10,95.07,1,2,8,53.4,19,Não,0,
CUST-03753,2025-01-08,Sul,57,Básico,Anual,Débito automático,17,57.68,1,1,5,34.6,18,Sim,0,
CUST-03754,2021-08-03,Nordeste,30,Básico,Mensal,Boleto,59,39.0,2,0,6,23.4,9,Sim,0,
CUST-03755,2020-07-25,Sul,52,Padrão,Mensal,Boleto,72,92.91,2,1,7,42.3,11,Sim,0,
CUST-03756,2024-08-22,Sudeste,31,Premium,Anual,Cartão,22,151.04,2,0,8,12.4,25,Sim,1,2026-04-15
CUST-03757,2024-03-28,Sudeste,42,Básico,Mensal,Cartão,27,64.86,2,0,8,19.7,5,Não,0,
CUST-03758,2025-07-07,Sudeste,42,Premium,Mensal,Pix,11,155.25,1,0,9,31.2,7,Sim,1,2026-06-07
CUST-03759,2025-04-09,Centro-Oeste,47,Básico,Mensal,Pix,14,39.0,0,1,2,53.1,1,Não,1,2026-05-10
CUST-03760,2026-02-03,Sudeste,42,Padrão,Mensal,Boleto,4,93.19,0,0,8,36.2,1,Não,0,
CUST-03761,2025-11-06,Norte,30,Premium,Anual,Débito automático,7,138.64,1,1,7,46.6,13,Não,0,
CUST-03762,2024-11-16,Sudeste,50,Premium,Mensal,Cartão,19,144.4,2,0,6,41.3,36,Não,1,2026-02-21
CUST-03763,2022-10-04,Sudeste,60,Padrão,Mensal,Pix,45,113.05,3,0,8,26.8,10,Sim,0,
CUST-03764,2024-06-15,Sudeste,32,Básico,Mensal,Débito automático,24,39.0,4,3,9,14.3,4,Não,0,
CUST-03765,2021-10-13,Sudeste,18,Básico,Mensal,Boleto,57,63.13,1,0,5,23.1,22,Sim,1,2026-05-18
CUST-03766,2025-02-01,Nordeste,45,Básico,Mensal,Boleto,17,51.9,2,2,10,38.7,14,Não,0,
CUST-03767,2022-05-11,Sul,35,Padrão,Mensal,Boleto,50,89.2,0,1,10,23.3,10,Sim,1,2026-01-01
CUST-03768,2020-07-07,Sudeste,37,Básico,Mensal,Débito automático,72,45.29,0,0,8,37.9,13,Não,0,
CUST-03769,2023-10-31,Nordeste,46,Padrão,Mensal,Pix,32,103.47,0,0,5,73.7,9,Sim,0,
CUST-03770,2026-02-10,Nordeste,34,Básico,Anual,Cartão,4,65.05,2,2,10,13.3,16,Não,1,2026-04-07
CUST-03771,2026-02-23,Norte,36,Padrão,Mensal,Cartão,4,74.85,0,0,8,11.5,2,Sim,0,
CUST-03772,2025-11-07,Norte,38,Básico,Anual,Pix,7,75.11,2,0,7,47.2,9,Sim,1,2026-05-25
CUST-03773,2025-04-09,Nordeste,57,Padrão,Mensal,Boleto,14,82.39,0,0,7,12.9,4,Não,0,
CUST-03774,2022-12-10,Nordeste,39,Padrão,Anual,Pix,43,104.44,2,0,8,42.6,0,Não,0,
CUST-03775,2024-12-17,Nordeste,24,Premium,Anual,Pix,18,142.47,1,0,9,46.9,10,Sim,0,
CUST-03776,2022-04-30,Sul,25,Premium,Mensal,Pix,50,152.57,0,3,7,24.2,12,Sim,1,2026-04-09
CUST-03777,2025-02-22,Nordeste,41,Padrão,Anual,Boleto,16,81.1,3,2,4,57.5,20,Não,1,2026-05-21
CUST-03778,2020-07-30,Sudeste,25,Básico,Anual,Cartão,72,51.6,2,0,9,42.8,3,Sim,0,
CUST-03779,2021-07-31,Nordeste,20,Premium,Mensal,Pix,59,156.19,1,0,5,79.8,7,Não,0,
CUST-03780,2025-01-14,Norte,47,Premium,Anual,Cartão,17,142.91,0,0,5,26.0,12,Sim,0,
CUST-03781,2025-07-01,Sudeste,47,Premium,Anual,Pix,12,163.4,0,1,7,27.0,4,Sim,0,
CUST-03782,2021-08-20,Centro-Oeste,35,Padrão,Mensal,Pix,59,105.24,4,1,6,15.0,0,Não,0,
CUST-03783,2025-08-17,Norte,43,Básico,Bienal,Pix,10,96.88,1,0,8,92.0,1,Sim,0,
CUST-03784,2025-02-07,Sudeste,41,Padrão,Mensal,Pix,16,112.0,1,0,8,59.2,8,Não,0,
CUST-03785,2025-08-12,Sul,46,Padrão,Anual,Débito automático,10,115.47,1,1,6,18.1,8,Sim,0,
CUST-03786,2024-01-13,Centro-Oeste,46,Básico,Bienal,Débito automático,29,39.0,2,0,7,46.5,4,Sim,0,
CUST-03787,2022-01-31,Norte,18,Padrão,Bienal,Cartão,53,71.58,1,2,6,70.4,3,Sim,0,
CUST-03788,2024-12-25,Sudeste,36,Padrão,Anual,Cartão,18,94.84,0,0,9,27.0,4,Sim,0,
CUST-03789,2022-08-22,Sudeste,45,Básico,Anual,Cartão,46,84.02,0,0,8,24.9,3,Não,0,
CUST-03790,2023-12-16,Nordeste,34,Padrão,Mensal,Cartão,30,133.64,1,1,9,12.9,5,Sim,0,
CUST-03791,2025-08-15,Sudeste,39,Padrão,Mensal,Cartão,10,89.37,0,2,7,55.6,26,Não,0,
CUST-03792,2025-01-29,Sudeste,48,Padrão,Anual,Débito automático,17,90.79,4,1,8,23.4,26,Não,0,
CUST-03793,2025-11-23,Sudeste,40,Básico,Mensal,Débito automático,7,66.61,0,0,8,15.7,8,Sim,0,
CUST-03794,2025-09-15,Sudeste,57,Premium,Anual,Cartão,9,156.24,2,1,9,45.0,2,Não,0,
CUST-03795,2020-08-19,Sul,53,Padrão,Mensal,Boleto,71,96.59,4,1,8,13.6,7,Não,0,
CUST-03796,2024-03-16,Nordeste,38,Padrão,Mensal,Boleto,27,107.89,1,0,7,40.0,3,Sim,0,
CUST-03797,2024-07-06,Nordeste,37,Padrão,Mensal,Pix,24,137.02,1,1,5,16.8,6,Não,1,2026-02-20
CUST-03798,2024-04-17,Nordeste,18,Básico,Mensal,Débito automático,26,77.26,1,0,8,47.7,15,Não,1,2026-02-10
CUST-03799,2025-06-11,Sudeste,35,Padrão,Mensal,Débito automático,12,125.17,2,0,8,18.3,4,Sim,1,2026-03-17
CUST-03800,2024-12-27,Sudeste,23,Básico,Mensal,Débito automático,18,39.0,4,1,5,24.3,11,Sim,0,
CUST-03801,2023-10-24,Sudeste,42,Premium,Bienal,Boleto,32,174.05,3,1,9,35.1,4,Não,0,
CUST-03802,2026-01-26,Sudeste,41,Básico,Anual,Pix,5,45.7,3,0,7,26.0,15,Sim,0,
CUST-03803,2026-03-18,Sudeste,47,Premium,Anual,Cartão,3,182.47,1,0,7,93.8,7,Sim,0,
CUST-03804,2025-03-29,Sudeste,56,Padrão,Mensal,Débito automático,15,118.0,0,0,8,20.3,15,Sim,0,
CUST-03805,2025-04-28,Sudeste,39,Básico,Mensal,Cartão,14,67.45,2,1,9,16.0,3,Não,0,
CUST-03806,2021-12-23,Sudeste,66,Padrão,Anual,Pix,55,88.6,2,2,10,73.0,12,Não,0,
CUST-03807,2025-06-25,Nordeste,42,Básico,Mensal,Cartão,12,52.23,1,0,7,28.8,6,Sim,0,
CUST-03808,2023-11-03,Nordeste,23,Premium,Mensal,Pix,32,153.36,3,0,7,45.7,8,Não,1,2026-04-05
CUST-03809,2025-04-27,Norte,32,Padrão,Bienal,Cartão,14,109.67,2,2,8,22.6,13,Sim,0,
CUST-03810,2023-11-22,Nordeste,35,Padrão,Mensal,Boleto,31,104.65,4,0,4,27.8,5,Não,0,
CUST-03811,2024-03-13,Sul,46,Padrão,Bienal,Pix,27,118.88,2,1,9,39.8,11,Sim,0,
CUST-03812,2021-03-15,Sudeste,28,Premium,Mensal,Pix,64,181.55,3,0,4,38.1,3,Não,1,2026-04-11
CUST-03813,2025-07-18,Sul,35,Padrão,Mensal,Pix,11,87.16,2,0,4,59.3,20,Sim,0,
CUST-03814,2025-07-31,Sudeste,37,Padrão,Mensal,Pix,11,105.65,3,0,10,15.6,20,Não,1,2026-01-16
CUST-03815,2020-07-21,Sul,34,Padrão,Bienal,Boleto,72,105.48,2,2,3,37.0,7,Sim,1,2026-03-25
CUST-03816,2022-04-12,Sudeste,49,Básico,Anual,Débito automático,51,57.67,2,2,10,9.4,24,Não,0,
CUST-03817,2025-02-26,Sudeste,47,Padrão,Anual,Débito automático,16,112.18,2,0,10,30.6,17,Não,0,
CUST-03818,2025-06-28,Sudeste,53,Padrão,Mensal,Pix,12,105.87,3,0,8,54.3,2,Sim,0,
CUST-03819,2025-08-27,Nordeste,35,Premium,Anual,Boleto,10,150.96,0,1,8,113.9,7,Sim,1,2026-01-19
CUST-03820,2022-05-05,Centro-Oeste,53,Padrão,Anual,Pix,50,97.01,0,1,4,41.4,10,Sim,0,
CUST-03821,2025-04-20,Nordeste,23,Padrão,Anual,Boleto,14,94.11,2,2,6,56.5,5,Sim,0,
CUST-03822,2025-07-03,Nordeste,22,Padrão,Anual,Boleto,12,88.81,2,2,8,26.1,11,Sim,0,
CUST-03823,2025-07-01,Sul,24,Padrão,Anual,Pix,12,97.81,3,0,8,26.2,7,Não,0,
CUST-03824,2023-07-25,Sudeste,39,Padrão,Anual,Pix,35,80.84,4,2,8,33.4,5,Sim,1,2026-02-15
CUST-03825,2024-11-04,Nordeste,53,Premium,Mensal,Boleto,20,165.63,1,0,8,33.1,14,Sim,0,
CUST-03826,2022-04-18,Sul,32,Básico,Anual,Cartão,51,78.66,1,0,7,38.9,32,Sim,0,
CUST-03827,2020-07-18,Sudeste,33,Padrão,Mensal,Boleto,72,99.71,3,0,5,16.5,4,Sim,1,2026-05-29
CUST-03828,2024-03-13,Sudeste,36,Premium,Bienal,Pix,27,172.25,1,1,8,66.5,16,Não,1,2026-04-05
CUST-03829,2024-02-11,Norte,46,Padrão,Mensal,Pix,29,101.17,2,2,5,35.5,3,Não,0,
CUST-03830,2024-11-14,Nordeste,33,Básico,Mensal,Boleto,19,44.69,1,0,6,47.8,3,Sim,0,
CUST-03831,2024-04-12,Sul,33,Padrão,Mensal,Cartão,26,127.1,1,0,10,57.4,1,Não,0,
CUST-03832,2026-02-20,Nordeste,23,Básico,Anual,Cartão,4,39.0,2,1,4,18.9,25,Sim,0,
CUST-03833,2023-12-07,Sudeste,32,Básico,Mensal,Pix,31,59.14,3,1,7,63.4,14,Sim,0,
CUST-03834,2022-11-13,Sul,53,Padrão,Anual,Cartão,44,88.24,3,1,9,42.3,6,Sim,0,
CUST-03835,2025-08-05,Sudeste,40,Padrão,Anual,Cartão,10,121.14,3,0,8,44.2,1,Sim,0,
CUST-03836,2020-07-12,Sul,30,Básico,Mensal,Boleto,72,62.02,1,1,8,32.3,2,Não,1,2026-04-29
CUST-03837,2025-02-13,Nordeste,54,Premium,Mensal,Cartão,16,194.78,2,1,6,73.5,15,Sim,1,2026-04-04
CUST-03838,2021-06-28,Sudeste,32,Padrão,Anual,Pix,60,99.5,1,0,10,63.5,14,Sim,0,
CUST-03839,2023-05-03,Nordeste,56,Premium,Bienal,Cartão,38,148.35,2,1,5,24.1,1,Sim,0,
CUST-03840,2025-09-19,Sudeste,56,Padrão,Mensal,Cartão,9,75.06,1,1,9,30.8,5,Não,0,
CUST-03841,2022-05-23,Nordeste,40,Premium,Bienal,Pix,49,174.49,2,1,7,39.8,2,Sim,0,
CUST-03842,2024-06-25,Nordeste,21,Premium,Mensal,Débito automático,24,147.31,1,0,5,32.3,2,Sim,1,2026-01-26
CUST-03843,2023-09-30,Nordeste,66,Premium,Anual,Pix,33,153.12,2,1,6,60.0,4,Sim,0,
CUST-03844,2024-10-28,Sul,44,Padrão,Anual,Cartão,20,116.19,2,0,10,63.6,6,Sim,0,
CUST-03845,2024-08-10,Norte,35,Básico,Mensal,Pix,22,73.75,0,1,5,27.5,11,Sim,1,2026-03-21
CUST-03846,2026-01-14,Sul,50,Padrão,Mensal,Pix,5,90.47,2,0,3,24.7,9,Sim,0,
CUST-03847,2023-07-17,Nordeste,47,Padrão,Anual,Pix,35,92.64,2,0,6,33.1,4,Não,1,2026-05-06
CUST-03848,2024-06-11,Nordeste,55,Básico,Mensal,Cartão,24,39.0,0,0,8,40.2,9,Sim,0,
CUST-03849,2024-01-20,Sudeste,31,Premium,Mensal,Cartão,29,130.22,2,2,10,40.4,30,Sim,0,
CUST-03850,2023-09-01,Sudeste,43,Básico,Mensal,Pix,34,69.69,1,0,7,20.1,2,Sim,0,
CUST-03851,2023-11-12,Sudeste,25,Premium,Anual,Boleto,32,171.24,1,0,4,16.7,18,Sim,0,
CUST-03852,2023-07-14,Sudeste,47,Padrão,Mensal,Boleto,36,104.0,3,0,7,57.3,3,Não,0,
CUST-03853,2026-01-02,Sudeste,39,Premium,Mensal,Pix,5,161.62,3,2,9,25.3,5,Sim,0,
CUST-03854,2024-10-23,Sudeste,42,Premium,Bienal,Boleto,20,149.11,4,0,8,31.0,3,Sim,0,
CUST-03855,2025-09-17,Sul,37,Padrão,Anual,Pix,9,119.55,2,1,8,52.5,2,Sim,0,
CUST-03856,2026-04-09,Sudeste,36,Padrão,Mensal,Pix,2,74.02,0,1,3,37.0,1,Não,1,2026-05-01
CUST-03857,2023-09-30,Nordeste,29,Básico,Mensal,Boleto,33,52.44,1,1,4,31.2,8,Sim,0,
CUST-03858,2020-07-04,Sul,48,Padrão,Mensal,Cartão,72,101.25,1,1,7,19.1,3,Sim,1,2026-02-07
CUST-03859,2026-04-05,Nordeste,57,Padrão,Mensal,Débito automático,2,98.99,1,0,9,25.6,5,Não,0,
CUST-03860,2023-07-25,Sudeste,32,Básico,Mensal,Pix,35,58.97,0,0,5,22.8,6,Não,0,
CUST-03861,2024-12-22,Sul,46,Básico,Mensal,Pix,18,51.73,2,2,8,29.3,4,Sim,0,
CUST-03862,2024-08-15,Sudeste,44,Padrão,Mensal,Pix,22,106.57,3,0,7,21.7,0,Sim,1,2026-03-10
CUST-03863,2023-08-23,Nordeste,39,Básico,Anual,Débito automático,34,41.98,2,2,5,17.1,21,Sim,0,
CUST-03864,2023-11-30,Sudeste,21,Padrão,Mensal,Cartão,31,96.98,0,1,6,32.4,3,Sim,0,
CUST-03865,2024-10-14,Norte,23,Básico,Mensal,Débito automático,20,65.05,1,2,7,43.1,6,Sim,0,
CUST-03866,2025-03-05,Sudeste,30,Premium,Anual,Cartão,16,154.34,1,0,6,12.2,3,Sim,0,
CUST-03867,2023-11-22,Sul,18,Premium,Mensal,Cartão,31,159.07,0,0,9,19.8,3,Sim,0,
CUST-03868,2026-03-31,Sudeste,56,Premium,Anual,Débito automático,3,162.02,0,0,6,46.2,9,Não,0,
CUST-03869,2023-09-09,Nordeste,43,Padrão,Mensal,Cartão,34,74.35,3,0,9,38.5,5,Sim,1,2026-05-09
CUST-03870,2025-01-01,Sul,39,Básico,Anual,Pix,18,39.0,2,1,6,40.5,3,Não,0,
CUST-03871,2021-10-29,Sudeste,18,Padrão,Mensal,Pix,56,100.88,3,0,7,45.5,8,Não,0,
CUST-03872,2024-07-28,Sudeste,18,Padrão,Mensal,Débito automático,23,90.48,1,1,9,50.4,5,Não,0,
CUST-03873,2022-01-10,Sudeste,39,Premium,Anual,Boleto,54,151.33,2,0,7,29.8,6,Não,0,
CUST-03874,2025-07-10,Sudeste,63,Básico,Mensal,Cartão,11,66.97,6,0,6,33.2,2,Não,0,
CUST-03875,2025-08-22,Norte,31,Básico,Mensal,Boleto,10,45.16,2,2,7,17.8,2,Sim,0,
CUST-03876,2025-05-22,Sudeste,49,Premium,Mensal,Cartão,13,125.21,3,0,9,31.6,7,Sim,0,
CUST-03877,2021-05-24,Sudeste,33,Premium,Mensal,Pix,62,182.2,3,2,8,44.4,10,Não,1,2026-03-10
CUST-03878,2024-07-30,Norte,40,Básico,Mensal,Boleto,23,75.94,2,0,3,29.1,5,Não,1,2026-04-21
CUST-03879,2025-03-21,Sudeste,54,Padrão,Mensal,Boleto,15,115.76,1,0,6,28.8,4,Não,1,2026-03-07
CUST-03880,2023-12-01,Sudeste,35,Básico,Mensal,Boleto,31,43.31,4,0,6,18.9,9,Não,0,
CUST-03881,2025-04-09,Nordeste,31,Padrão,Anual,Boleto,14,97.92,0,0,8,26.8,2,Não,1,2026-05-03
CUST-03882,2023-11-15,Centro-Oeste,56,Básico,Anual,Pix,31,41.24,4,0,3,31.6,32,Sim,0,
CUST-03883,2024-08-09,Nordeste,40,Padrão,Mensal,Débito automático,23,98.16,2,0,8,48.4,4,Sim,0,
CUST-03884,2025-03-24,Sul,52,Básico,Bienal,Cartão,15,54.13,0,0,8,22.8,34,Não,0,
CUST-03885,2024-06-12,Norte,31,Básico,Mensal,Pix,24,43.91,1,0,8,24.9,2,Sim,0,
CUST-03886,2024-06-20,Sudeste,56,Padrão,Mensal,Boleto,24,106.05,2,0,7,46.8,13,Não,0,
CUST-03887,2023-01-25,Norte,42,Básico,Anual,Cartão,41,55.38,0,0,4,9.0,5,Sim,1,2026-02-17
CUST-03888,2025-10-05,Centro-Oeste,44,Padrão,Anual,Pix,8,123.12,1,1,7,51.1,4,Não,1,2026-06-22
CUST-03889,2025-01-18,Centro-Oeste,41,Padrão,Mensal,Boleto,17,100.2,3,1,10,27.4,14,Sim,0,
CUST-03890,2024-02-22,Sudeste,33,Padrão,Bienal,Pix,28,63.33,3,2,6,25.8,6,Não,0,
CUST-03891,2025-05-18,Sudeste,39,Padrão,Bienal,Cartão,13,73.63,1,2,10,50.2,14,Não,1,2026-01-18
CUST-03892,2024-09-22,Nordeste,34,Básico,Mensal,Cartão,21,88.34,1,0,9,36.8,16,Não,0,
CUST-03893,2025-03-09,Sul,51,Básico,Mensal,Cartão,15,53.97,2,0,7,32.8,4,Não,1,2026-02-20
CUST-03894,2024-12-22,Sul,37,Premium,Anual,Cartão,18,162.36,1,1,8,26.7,5,Sim,0,
CUST-03895,2025-08-31,Centro-Oeste,21,Premium,Bienal,Cartão,10,159.14,0,0,8,13.5,6,Sim,1,2026-03-29
CUST-03896,2020-07-12,Nordeste,19,Premium,Anual,Boleto,72,178.83,5,2,6,20.7,17,Não,1,2026-06-06
CUST-03897,2026-03-05,Sudeste,18,Premium,Mensal,Cartão,3,132.3,1,0,6,51.1,9,Não,0,
CUST-03898,2025-04-20,Sudeste,46,Padrão,Anual,Boleto,14,117.61,1,0,10,39.8,5,Sim,0,
CUST-03899,2024-08-03,Sudeste,25,Premium,Mensal,Débito automático,23,176.65,0,2,10,16.4,1,Não,0,
CUST-03900,2024-07-20,Sudeste,43,Padrão,Anual,Cartão,23,99.09,1,1,6,54.8,5,Sim,1,2026-06-22
CUST-03901,2022-05-04,Sudeste,41,Padrão,Anual,Débito automático,50,104.79,2,1,5,10.9,2,Sim,0,
CUST-03902,2025-10-16,Nordeste,38,Premium,Anual,Cartão,8,153.81,1,1,4,22.1,17,Sim,0,
CUST-03903,2025-12-13,Nordeste,44,Padrão,Mensal,Boleto,6,75.41,0,0,10,18.7,7,Não,1,2026-06-16
CUST-03904,2025-02-06,Sul,41,Padrão,Mensal,Débito automático,16,107.12,1,0,9,11.8,4,Não,1,2026-04-22
CUST-03905,2024-07-23,Sudeste,18,Básico,Anual,Boleto,23,62.45,3,3,10,32.8,0,Sim,0,
CUST-03906,2024-11-12,Nordeste,35,Básico,Mensal,Cartão,19,62.74,5,1,6,25.5,0,Sim,1,2026-05-04
CUST-03907,2022-10-24,Nordeste,44,Básico,Mensal,Cartão,44,65.75,2,0,6,26.7,4,Sim,0,
CUST-03908,2025-10-01,Centro-Oeste,59,Premium,Mensal,Cartão,9,150.54,0,0,5,39.8,6,Não,0,
CUST-03909,2025-04-01,Sul,59,Padrão,Anual,Débito automático,15,119.91,1,0,0,16.9,14,Não,1,2026-06-08
CUST-03910,2023-08-21,Nordeste,23,Básico,Mensal,Cartão,34,59.11,0,0,5,37.8,2,Sim,0,
CUST-03911,2024-06-23,Sul,35,Padrão,Anual,Pix,24,106.58,2,0,8,78.4,3,Não,0,
CUST-03912,2022-04-17,Sul,20,Básico,Mensal,Pix,51,55.19,5,0,8,23.6,27,Sim,1,2026-04-09
CUST-03913,2024-06-19,Centro-Oeste,57,Padrão,Anual,Pix,24,113.7,0,1,6,84.9,20,Não,0,
CUST-03914,2025-10-25,Sudeste,51,Básico,Mensal,Pix,8,60.46,2,1,8,43.6,5,Não,0,
CUST-03915,2022-08-08,Sudeste,43,Padrão,Mensal,Pix,47,97.81,4,0,6,46.7,4,Sim,0,
CUST-03916,2022-11-12,Sudeste,41,Padrão,Mensal,Pix,44,115.9,0,0,9,32.8,11,Sim,0,
CUST-03917,2023-11-29,Sul,56,Padrão,Mensal,Pix,31,74.88,1,1,9,18.3,9,Sim,0,
CUST-03918,2020-07-20,Sul,54,Padrão,Anual,Pix,72,95.08,4,1,9,29.0,2,Não,1,2026-01-18
CUST-03919,2024-06-26,Nordeste,53,Padrão,Anual,Pix,24,90.42,1,1,7,43.1,7,Sim,0,
CUST-03920,2024-05-01,Sul,44,Padrão,Anual,Pix,26,104.23,4,0,5,20.7,5,Sim,0,
CUST-03921,2022-12-14,Sudeste,35,Básico,Anual,Boleto,43,63.42,1,1,5,35.9,2,Sim,1,2026-03-02
CUST-03922,2024-01-15,Centro-Oeste,48,Padrão,Anual,Pix,29,98.83,1,0,3,52.6,4,Não,0,
CUST-03923,2024-05-08,Sudeste,49,Padrão,Bienal,Pix,26,89.0,0,1,9,22.4,7,Sim,0,
CUST-03924,2026-01-15,Centro-Oeste,37,Padrão,Anual,Cartão,5,98.66,3,1,4,56.5,2,Não,1,2026-01-31
CUST-03925,2025-11-10,Sudeste,35,Premium,Mensal,Cartão,7,163.53,0,2,7,21.7,14,Não,0,
CUST-03926,2025-11-23,Sul,53,Básico,Mensal,Boleto,7,56.5,0,1,8,67.9,8,Sim,1,2026-04-09
CUST-03927,2024-12-20,Sul,59,Premium,Anual,Débito automático,18,174.51,1,0,5,43.8,5,Sim,0,
CUST-03928,2022-02-04,Nordeste,30,Básico,Anual,Cartão,53,67.57,1,1,7,34.8,15,Sim,0,
CUST-03929,2020-09-04,Sudeste,36,Padrão,Mensal,Pix,70,99.27,2,1,8,57.7,18,Não,0,
CUST-03930,2021-10-09,Centro-Oeste,43,Premium,Mensal,Pix,57,126.16,2,0,7,47.1,16,Sim,0,
CUST-03931,2021-08-15,Sul,45,Padrão,Anual,Boleto,59,95.94,2,0,8,40.1,3,Sim,0,
CUST-03932,2025-07-06,Sul,33,Premium,Mensal,Cartão,11,167.82,0,0,6,22.4,1,Não,0,
CUST-03933,2024-06-20,Sul,62,Padrão,Mensal,Débito automático,24,95.09,4,2,7,35.6,14,Sim,0,
CUST-03934,2025-08-28,Sudeste,44,Básico,Anual,Cartão,10,63.25,0,0,5,40.2,3,Sim,0,
CUST-03935,2024-01-06,Sul,45,Premium,Anual,Débito automático,30,155.86,0,2,7,49.7,2,Sim,1,2026-05-26
CUST-03936,2024-12-15,Sudeste,60,Premium,Mensal,Cartão,18,162.25,2,1,7,26.6,4,Não,0,
CUST-03937,2025-12-20,Sudeste,34,Padrão,Mensal,Cartão,6,118.61,1,0,5,23.5,9,Não,1,2026-05-09
CUST-03938,2023-10-13,Nordeste,38,Básico,Anual,Cartão,33,70.01,3,0,8,25.0,2,Não,0,
CUST-03939,2025-05-15,Sul,24,Básico,Mensal,Cartão,13,40.86,2,1,2,47.3,6,Sim,0,
CUST-03940,2024-08-28,Sudeste,37,Premium,Mensal,Débito automático,22,135.79,3,0,9,25.2,3,Não,0,
CUST-03941,2025-03-02,Sudeste,21,Premium,Anual,Pix,16,165.2,1,1,4,47.4,7,Sim,0,
CUST-03942,2023-07-04,Sudeste,48,Premium,Anual,Cartão,36,175.35,1,0,9,39.5,6,Sim,0,
CUST-03943,2024-04-15,Sudeste,44,Padrão,Mensal,Débito automático,26,75.75,2,0,8,42.0,2,Não,0,
CUST-03944,2024-07-12,Sul,36,Básico,Mensal,Cartão,23,56.06,2,0,9,70.5,5,Sim,0,
CUST-03945,2021-11-06,Sudeste,38,Padrão,Anual,Cartão,56,132.23,2,1,5,50.3,0,Sim,0,
CUST-03946,2025-02-02,Centro-Oeste,48,Básico,Mensal,Cartão,17,55.24,0,0,7,58.4,6,Sim,1,2026-05-03
CUST-03947,2023-11-30,Sudeste,25,Básico,Mensal,Pix,31,94.36,2,0,8,25.2,8,Não,1,2026-04-21
CUST-03948,2025-01-22,Sudeste,41,Básico,Mensal,Débito automático,17,47.47,0,1,8,18.1,8,Não,0,
CUST-03949,2020-07-15,Centro-Oeste,47,Básico,Mensal,Cartão,72,49.94,0,0,9,20.7,27,Não,1,2026-01-05
CUST-03950,2022-07-13,Sudeste,18,Básico,Anual,Boleto,48,49.16,2,2,8,18.1,17,Não,1,2026-01-12
CUST-03951,2020-12-20,Sudeste,47,Padrão,Mensal,Cartão,67,81.09,5,1,8,22.2,5,Não,0,
CUST-03952,2024-05-11,Norte,19,Padrão,Bienal,Cartão,26,75.32,0,0,8,30.8,13,Sim,0,
CUST-03953,2022-06-19,Norte,38,Padrão,Mensal,Boleto,49,95.9,0,2,9,28.7,5,Sim,0,
CUST-03954,2025-10-01,Nordeste,25,Padrão,Anual,Boleto,9,101.03,0,1,7,44.2,7,Sim,0,
CUST-03955,2025-10-27,Sudeste,56,Premium,Mensal,Pix,8,148.97,2,0,10,23.0,16,Sim,0,
CUST-03956,2024-10-27,Sul,25,Padrão,Anual,Cartão,20,92.33,0,2,7,26.8,2,Sim,0,
CUST-03957,2024-01-15,Norte,19,Padrão,Bienal,Cartão,29,119.25,4,1,4,42.5,4,Sim,0,
CUST-03958,2022-01-29,Norte,41,Padrão,Mensal,Boleto,53,112.6,0,0,10,36.3,6,Não,1,2026-03-22
CUST-03959,2024-07-05,Sudeste,34,Padrão,Mensal,Pix,24,95.38,3,0,8,28.6,6,Sim,0,
CUST-03960,2024-10-10,Sudeste,21,Padrão,Bienal,Pix,20,105.02,3,1,7,64.9,3,Sim,0,
CUST-03961,2023-03-02,Sudeste,45,Padrão,Bienal,Cartão,40,76.09,0,0,7,53.7,2,Não,0,
CUST-03962,2021-02-12,Sudeste,18,Padrão,Bienal,Boleto,65,102.77,1,1,10,80.0,4,Sim,0,
CUST-03963,2022-12-27,Nordeste,27,Padrão,Mensal,Cartão,42,98.13,2,0,7,72.0,2,Sim,0,
CUST-03964,2023-09-15,Sudeste,32,Padrão,Mensal,Boleto,33,93.76,2,1,10,14.3,3,Não,0,
CUST-03965,2022-06-03,Sudeste,49,Básico,Mensal,Boleto,49,59.46,0,0,8,38.9,9,Sim,0,
CUST-03966,2022-08-19,Sudeste,55,Básico,Anual,Cartão,47,57.2,3,1,6,13.6,9,Sim,0,
CUST-03967,2023-01-06,Sul,52,Padrão,Mensal,Pix,42,80.61,1,3,4,31.3,3,Não,0,
CUST-03968,2022-07-21,Sudeste,37,Padrão,Mensal,Pix,48,122.52,0,0,7,46.1,7,Não,0,
CUST-03969,2024-01-02,Sul,18,Padrão,Anual,Pix,30,112.31,2,0,10,77.4,8,Sim,0,
CUST-03970,2020-07-20,Sudeste,44,Básico,Mensal,Débito automático,72,53.57,3,0,6,45.9,27,Sim,0,
CUST-03971,2025-10-10,Norte,57,Básico,Anual,Pix,8,39.0,3,1,8,34.2,1,Sim,0,
CUST-03972,2023-06-07,Sudeste,54,Básico,Mensal,Cartão,37,39.0,4,0,10,31.9,9,Não,0,
CUST-03973,2025-05-01,Sul,45,Padrão,Anual,Pix,14,127.07,3,0,3,55.4,14,Sim,1,2026-03-15
CUST-03974,2024-03-04,Sudeste,25,Básico,Mensal,Boleto,28,56.57,4,0,8,49.5,7,Não,0,
CUST-03975,2025-09-14,Sudeste,33,Básico,Anual,Cartão,9,69.68,1,0,8,30.7,18,Sim,0,
CUST-03976,2024-12-11,Sudeste,62,Básico,Mensal,Boleto,18,45.72,4,1,8,16.1,11,Sim,0,
CUST-03977,2024-10-27,Sudeste,22,Padrão,Mensal,Cartão,20,94.7,3,0,4,36.4,11,Sim,0,
CUST-03978,2023-08-29,Sudeste,25,Básico,Mensal,Cartão,34,55.41,1,1,6,25.0,6,Sim,0,
CUST-03979,2025-01-07,Sul,50,Padrão,Anual,Cartão,17,102.38,1,2,3,22.9,1,Não,1,2026-04-04
CUST-03980,2024-09-27,Nordeste,34,Padrão,Mensal,Débito automático,21,100.26,6,0,4,13.1,6,Sim,1,2026-04-18
CUST-03981,2023-02-08,Sudeste,25,Premium,Mensal,Boleto,41,146.09,2,2,9,67.8,13,Sim,0,
CUST-03982,2022-01-22,Sul,57,Padrão,Anual,Pix,54,85.94,3,0,6,82.5,11,Sim,0,
CUST-03983,2024-11-21,Sul,45,Básico,Mensal,Cartão,19,57.86,0,2,9,29.3,11,Sim,0,
CUST-03984,2021-08-25,Sudeste,34,Padrão,Mensal,Débito automático,59,74.44,0,0,9,32.1,10,Sim,0,
CUST-03985,2023-03-12,Sudeste,25,Padrão,Mensal,Débito automático,40,87.48,0,0,5,37.2,7,Sim,0,
CUST-03986,2021-08-22,Sudeste,64,Básico,Mensal,Pix,59,56.84,1,0,7,28.7,4,Sim,0,
CUST-03987,2024-04-08,Sudeste,39,Premium,Mensal,Boleto,27,164.56,6,0,4,40.8,7,Não,1,2026-04-27
CUST-03988,2024-10-01,Sul,56,Padrão,Mensal,Débito automático,21,120.05,2,0,8,42.7,24,Sim,0,
CUST-03989,2024-06-29,Norte,50,Básico,Mensal,Cartão,24,52.33,1,1,8,65.8,6,Sim,0,
CUST-03990,2023-10-14,Norte,33,Básico,Mensal,Cartão,33,59.51,0,1,7,18.9,9,Sim,0,
CUST-03991,2024-04-21,Norte,33,Premium,Anual,Pix,26,132.86,3,1,4,40.2,9,Sim,0,
CUST-03992,2024-04-06,Sudeste,56,Premium,Anual,Pix,27,163.69,1,0,4,29.9,2,Não,0,
CUST-03993,2023-03-30,Sudeste,57,Premium,Mensal,Boleto,39,146.27,1,1,10,28.6,28,Sim,0,
CUST-03994,2025-02-04,Sudeste,18,Básico,Mensal,Pix,17,54.68,2,0,8,10.5,2,Sim,1,2026-03-06
CUST-03995,2024-02-04,Sudeste,46,Padrão,Anual,Cartão,29,105.66,2,0,7,23.3,7,Sim,0,
CUST-03996,2025-09-07,Sudeste,38,Básico,Mensal,Pix,9,66.25,0,1,9,43.6,8,Sim,0,
CUST-03997,2024-05-24,Sudeste,27,Padrão,Anual,Boleto,25,78.65,1,0,10,23.9,0,Sim,0,
CUST-03998,2024-11-21,Sul,42,Padrão,Mensal,Cartão,19,110.23,2,1,10,36.7,1,Sim,0,
CUST-03999,2024-10-22,Sudeste,23,Premium,Mensal,Pix,20,158.46,2,2,7,6.0,4,Não,1,2026-02-10
CUST-04000,2025-08-22,Sudeste,33,Padrão,Mensal,Cartão,10,116.74,2,1,6,31.0,14,Não,1,2026-06-03
CUST-04001,2025-03-07,Nordeste,29,Padrão,Anual,Boleto,16,119.46,2,1,9,35.8,0,Sim,0,
CUST-04002,2023-09-04,Sudeste,33,Básico,Mensal,Cartão,34,81.49,0,0,7,22.7,9,Sim,1,2026-04-30
CUST-04003,2025-06-07,Centro-Oeste,38,Padrão,Mensal,Cartão,12,79.06,2,1,10,29.6,3,Sim,1,2026-01-03
CUST-04004,2026-01-05,Sudeste,27,Básico,Mensal,Boleto,5,64.63,0,1,7,38.9,11,Não,0,
CUST-04005,2023-05-24,Sul,58,Premium,Anual,Cartão,37,136.92,3,2,9,26.9,8,Sim,0,
CUST-04006,2020-07-21,Sudeste,45,Básico,Mensal,Boleto,72,77.22,1,1,9,42.6,3,Sim,0,
CUST-04007,2025-03-27,Sul,61,Padrão,Anual,Pix,15,119.21,2,1,4,25.2,4,Não,0,
CUST-04008,2025-09-21,Sudeste,37,Básico,Mensal,Boleto,9,72.69,2,1,7,48.9,3,Não,0,
CUST-04009,2020-07-19,Sudeste,32,Padrão,Mensal,Cartão,72,93.06,3,1,10,14.7,13,Não,0,
CUST-04010,2026-02-28,Nordeste,60,Básico,Mensal,Cartão,4,66.62,3,0,5,32.5,2,Sim,0,
CUST-04011,2023-07-09,Sudeste,32,Padrão,Bienal,Cartão,36,91.27,5,1,6,42.4,1,Não,0,
CUST-04012,2025-04-11,Sudeste,37,Padrão,Mensal,Débito automático,14,99.19,2,0,10,33.2,10,Sim,0,
CUST-04013,2020-07-22,Centro-Oeste,48,Padrão,Mensal,Boleto,72,97.71,0,1,10,48.5,9,Sim,0,
CUST-04014,2024-08-31,Sudeste,24,Premium,Anual,Cartão,22,131.02,4,0,0,28.2,4,Não,1,2026-01-27
CUST-04015,2025-03-07,Sul,48,Básico,Mensal,Cartão,16,47.67,1,1,10,28.7,5,Não,0,
CUST-04016,2026-05-11,Sul,46,Padrão,Mensal,Cartão,1,130.79,3,0,2,12.1,24,Sim,1,2026-05-31
CUST-04017,2022-11-29,Sudeste,54,Premium,Mensal,Cartão,43,157.79,4,0,7,48.1,20,Não,0,
CUST-04018,2023-01-15,Sul,50,Básico,Anual,Cartão,42,61.24,2,0,4,52.5,4,Sim,0,
CUST-04019,2021-10-08,Sudeste,55,Premium,Mensal,Débito automático,57,158.88,0,1,6,50.1,27,Não,1,2026-05-07
CUST-04020,2024-01-03,Nordeste,38,Premium,Anual,Cartão,30,153.25,2,1,7,26.2,7,Não,0,
CUST-04021,2024-09-28,Sudeste,29,Premium,Anual,Débito automático,21,159.51,3,1,8,14.3,9,Não,1,2026-03-09
CUST-04022,2022-04-18,Sudeste,64,Padrão,Mensal,Cartão,51,93.3,1,1,10,69.9,12,Sim,1,2026-01-13
CUST-04023,2024-12-10,Sudeste,21,Padrão,Mensal,Boleto,18,67.04,2,0,4,31.5,16,Sim,0,
CUST-04024,2025-10-11,Centro-Oeste,22,Padrão,Anual,Pix,8,110.01,0,0,10,16.3,10,Sim,0,
CUST-04025,2023-08-15,Nordeste,46,Padrão,Anual,Cartão,35,121.58,0,1,7,59.8,3,Não,0,
CUST-04026,2022-07-30,Norte,58,Premium,Anual,Boleto,47,142.7,2,0,7,11.1,1,Sim,0,
CUST-04027,2025-11-20,Nordeste,41,Básico,Mensal,Cartão,7,53.22,4,1,10,67.0,17,Sim,0,
CUST-04028,2024-02-20,Nordeste,51,Padrão,Anual,Débito automático,28,120.0,3,1,9,14.6,2,Não,0,
CUST-04029,2022-11-21,Sul,18,Padrão,Anual,Boleto,43,88.2,4,1,4,31.1,2,Sim,0,
CUST-04030,2025-01-30,Centro-Oeste,33,Básico,Bienal,Débito automático,17,64.43,2,1,7,31.2,10,Sim,0,
CUST-04031,2020-07-22,Sul,18,Padrão,Mensal,Boleto,72,159.58,0,0,6,37.5,5,Não,0,
CUST-04032,2025-03-19,Sudeste,48,Padrão,Anual,Cartão,15,107.85,1,1,6,42.6,8,Sim,0,
CUST-04033,2025-03-24,Nordeste,20,Padrão,Anual,Pix,15,99.96,0,0,7,25.1,8,Não,0,
CUST-04034,2025-01-04,Sul,24,Premium,Anual,Boleto,18,171.34,4,1,8,28.9,4,Não,0,
CUST-04035,2025-07-05,Sudeste,45,Básico,Anual,Cartão,12,69.87,0,1,4,24.9,3,Não,0,
CUST-04036,2025-04-01,Sudeste,52,Premium,Anual,Pix,15,149.73,1,2,7,55.1,14,Sim,0,
CUST-04037,2024-03-01,Sudeste,37,Padrão,Mensal,Cartão,28,74.69,3,1,6,40.2,11,Não,0,
CUST-04038,2025-05-08,Centro-Oeste,46,Padrão,Mensal,Boleto,13,107.31,4,0,8,54.1,6,Não,0,
CUST-04039,2023-06-07,Sudeste,45,Básico,Mensal,Pix,37,69.41,1,4,7,27.5,1,Sim,1,2026-02-08
CUST-04040,2025-11-17,Nordeste,36,Padrão,Anual,Cartão,7,94.83,2,1,9,27.5,4,Sim,0,
CUST-04041,2025-05-13,Sul,26,Premium,Mensal,Débito automático,13,182.03,1,1,8,16.6,5,Sim,1,2026-05-14
CUST-04042,2020-07-12,Nordeste,46,Básico,Anual,Débito automático,72,79.23,0,1,8,47.6,18,Não,0,
CUST-04043,2025-03-24,Sudeste,46,Padrão,Bienal,Cartão,15,109.84,0,1,8,34.4,20,Não,0,
CUST-04044,2024-06-08,Centro-Oeste,50,Padrão,Bienal,Cartão,25,95.1,3,1,5,32.1,8,Não,0,
CUST-04045,2024-04-15,Sul,43,Padrão,Anual,Boleto,26,69.73,2,0,6,25.6,8,Não,0,
CUST-04046,2025-07-29,Sudeste,25,Premium,Anual,Cartão,11,156.56,2,2,6,28.3,2,Sim,0,
CUST-04047,2025-04-10,Sudeste,47,Padrão,Mensal,Pix,14,73.29,2,0,9,40.6,11,Sim,0,
CUST-04048,2023-10-17,Sudeste,39,Premium,Mensal,Boleto,32,126.0,3,0,9,45.9,0,Sim,0,
CUST-04049,2025-03-14,Sudeste,33,Padrão,Mensal,Cartão,15,108.06,2,1,7,22.9,3,Sim,1,2026-03-19
CUST-04050,2025-04-04,Nordeste,35,Padrão,Anual,Cartão,15,115.41,5,0,7,45.2,4,Sim,1,2026-02-16
CUST-04051,2025-04-16,Norte,31,Premium,Mensal,Cartão,14,131.69,2,0,4,32.8,8,Não,0,
CUST-04052,2021-10-08,Nordeste,50,Padrão,Mensal,Cartão,57,95.41,0,0,6,38.9,2,Não,1,2026-02-24
CUST-04053,2022-05-04,Sul,22,Básico,Anual,Pix,50,58.76,1,0,2,29.7,7,Sim,0,
CUST-04054,2024-02-17,Sul,27,Básico,Mensal,Cartão,28,54.91,2,2,9,27.7,1,Não,0,
CUST-04055,2024-08-19,Nordeste,35,Padrão,Anual,Débito automático,22,79.7,1,3,10,29.6,21,Sim,0,
CUST-04056,2024-03-16,Centro-Oeste,58,Padrão,Mensal,Boleto,27,117.63,0,3,6,16.8,3,Não,0,
CUST-04057,2023-08-29,Sudeste,52,Padrão,Anual,Cartão,34,80.09,3,0,8,26.6,11,Sim,0,
CUST-04058,2023-09-07,Norte,19,Padrão,Mensal,Pix,34,71.71,1,0,8,12.1,5,Não,0,
CUST-04059,2025-03-21,Sudeste,55,Premium,Anual,Pix,15,139.76,0,1,5,46.5,4,Sim,0,
CUST-04060,2024-12-05,Nordeste,55,Básico,Anual,Pix,19,65.74,2,0,7,16.0,11,Não,0,
CUST-04061,2024-12-24,Norte,25,Padrão,Mensal,Pix,18,95.26,0,2,8,41.9,3,Sim,0,
CUST-04062,2024-01-05,Nordeste,18,Padrão,Mensal,Cartão,30,88.22,1,1,7,19.8,4,Sim,0,
CUST-04063,2021-11-25,Sudeste,38,Básico,Bienal,Cartão,55,66.39,0,2,7,58.9,5,Não,0,
CUST-04064,2024-05-24,Sul,52,Padrão,Mensal,Cartão,25,103.66,1,1,6,11.0,7,Sim,0,
CUST-04065,2024-05-11,Sudeste,58,Padrão,Anual,Cartão,26,66.7,3,2,5,30.7,5,Sim,0,
CUST-04066,2025-05-18,Nordeste,29,Padrão,Mensal,Boleto,13,106.25,1,0,9,60.0,3,Sim,0,
CUST-04067,2025-12-23,Sudeste,60,Padrão,Anual,Débito automático,6,115.54,2,0,10,42.7,4,Sim,0,
CUST-04068,2024-11-18,Nordeste,18,Básico,Mensal,Boleto,19,57.28,3,1,3,26.7,6,Não,0,
CUST-04069,2023-05-12,Centro-Oeste,35,Padrão,Anual,Débito automático,38,95.71,2,0,3,75.6,5,Sim,0,
CUST-04070,2025-05-27,Sudeste,34,Premium,Mensal,Pix,13,185.51,2,0,5,30.1,26,Sim,1,2026-04-18
CUST-04071,2026-01-14,Sudeste,53,Padrão,Mensal,Cartão,5,89.06,0,1,6,29.6,6,Sim,0,
CUST-04072,2023-07-31,Nordeste,55,Básico,Mensal,Débito automático,35,56.68,1,0,7,50.8,6,Sim,0,
CUST-04073,2023-11-01,Sudeste,50,Premium,Anual,Cartão,32,163.63,1,1,7,28.7,6,Sim,0,
CUST-04074,2025-02-26,Sudeste,23,Básico,Anual,Cartão,16,59.68,0,1,7,29.4,6,Sim,0,
CUST-04075,2025-04-14,Sudeste,49,Básico,Bienal,Débito automático,14,55.19,0,2,7,24.3,3,Sim,0,
CUST-04076,2024-10-12,Sudeste,45,Padrão,Anual,Boleto,20,100.25,0,1,10,40.7,7,Não,0,
CUST-04077,2025-01-29,Nordeste,19,Padrão,Anual,Débito automático,17,120.97,3,0,5,44.2,10,Sim,0,
CUST-04078,2021-03-28,Sul,18,Premium,Mensal,Cartão,64,170.31,2,1,9,23.9,2,Sim,0,
CUST-04079,2024-11-12,Sudeste,51,Básico,Bienal,Boleto,19,57.95,3,0,10,56.1,7,Sim,0,
CUST-04080,2023-12-04,Sul,37,Padrão,Mensal,Cartão,31,86.9,1,1,4,24.3,12,Não,1,2026-01-12
CUST-04081,2024-09-23,Sudeste,24,Padrão,Mensal,Pix,21,88.77,4,2,3,21.3,3,Não,1,2026-01-08
CUST-04082,2023-11-21,Sudeste,37,Premium,Anual,Débito automático,31,172.3,4,0,7,18.2,5,Sim,1,2026-03-09
CUST-04083,2025-03-01,Nordeste,43,Premium,Bienal,Pix,16,136.69,2,0,8,52.7,10,Sim,0,
CUST-04084,2025-02-06,Sudeste,38,Padrão,Mensal,Boleto,16,132.64,2,1,7,19.5,11,Não,0,
CUST-04085,2024-06-09,Sul,20,Básico,Mensal,Débito automático,25,58.56,0,1,3,70.1,5,Não,0,
CUST-04086,2025-04-25,Centro-Oeste,62,Básico,Anual,Débito automático,14,39.7,3,2,4,17.6,13,Sim,0,
CUST-04087,2024-12-06,Sul,51,Premium,Anual,Cartão,19,161.55,2,0,6,30.3,1,Não,1,2026-02-10
CUST-04088,2023-06-07,Nordeste,35,Padrão,Mensal,Cartão,37,87.79,1,0,8,19.2,2,Sim,0,
CUST-04089,2022-04-10,Sudeste,35,Padrão,Anual,Débito automático,51,93.13,5,0,6,25.6,2,Sim,1,2026-04-26
CUST-04090,2020-07-09,Sudeste,43,Premium,Mensal,Pix,72,137.85,3,2,8,31.9,1,Não,1,2026-03-26
CUST-04091,2023-07-24,Sudeste,25,Premium,Mensal,Pix,35,155.66,2,0,7,68.5,4,Sim,0,
CUST-04092,2023-12-18,Nordeste,43,Padrão,Anual,Cartão,30,69.28,1,0,9,47.2,6,Não,0,
CUST-04093,2025-07-03,Centro-Oeste,23,Premium,Mensal,Cartão,12,150.6,1,0,5,9.5,8,Sim,1,2026-05-04
CUST-04094,2022-08-05,Sudeste,38,Básico,Anual,Débito automático,47,47.42,0,0,7,31.1,2,Sim,0,
CUST-04095,2021-05-19,Sudeste,25,Padrão,Mensal,Pix,62,91.97,1,1,10,31.7,4,Não,0,
CUST-04096,2024-12-13,Sudeste,26,Premium,Anual,Boleto,18,148.3,0,1,5,26.2,4,Não,0,
CUST-04097,2020-07-28,Sul,59,Básico,Mensal,Cartão,72,59.48,1,0,6,36.5,19,Sim,1,2026-02-16
CUST-04098,2022-04-26,Nordeste,40,Básico,Bienal,Cartão,50,71.43,3,0,7,83.6,5,Não,0,
CUST-04099,2023-06-23,Nordeste,41,Padrão,Anual,Pix,36,104.05,0,0,5,24.4,13,Não,1,2026-02-09
CUST-04100,2024-08-30,Centro-Oeste,18,Padrão,Mensal,Débito automático,22,117.19,1,0,5,42.3,9,Não,1,2026-02-05
CUST-04101,2025-09-16,Sudeste,32,Básico,Bienal,Cartão,9,52.02,0,1,6,16.1,16,Sim,1,2026-03-14
CUST-04102,2021-03-20,Nordeste,45,Básico,Mensal,Cartão,64,63.55,1,3,7,11.6,10,Sim,1,2026-03-09
CUST-04103,2025-10-04,Sul,41,Básico,Mensal,Pix,8,64.1,1,0,9,30.3,7,Não,0,
CUST-04104,2021-01-24,Sudeste,18,Básico,Bienal,Cartão,66,75.12,2,0,5,46.4,4,Sim,0,
CUST-04105,2020-09-04,Centro-Oeste,41,Premium,Bienal,Pix,70,148.77,1,3,7,29.7,7,Não,0,
CUST-04106,2025-07-02,Sudeste,43,Padrão,Anual,Pix,12,110.04,2,1,10,45.0,9,Sim,0,
CUST-04107,2025-10-05,Nordeste,54,Padrão,Bienal,Cartão,8,87.0,3,0,10,45.1,7,Sim,0,
CUST-04108,2024-12-21,Nordeste,31,Básico,Mensal,Boleto,18,51.02,2,0,7,106.1,6,Sim,0,
CUST-04109,2024-07-12,Centro-Oeste,18,Padrão,Mensal,Cartão,23,93.98,1,0,7,39.8,20,Sim,0,
CUST-04110,2025-02-02,Sul,27,Básico,Mensal,Boleto,17,65.34,0,1,5,30.9,1,Sim,0,
CUST-04111,2025-02-05,Sudeste,26,Premium,Mensal,Boleto,17,143.78,4,2,8,41.1,3,Não,0,
CUST-04112,2024-06-18,Nordeste,48,Premium,Anual,Boleto,24,145.73,0,2,10,23.0,8,Sim,0,
CUST-04113,2021-05-04,Nordeste,18,Padrão,Mensal,Boleto,62,89.97,3,1,10,44.1,2,Sim,0,
CUST-04114,2024-08-26,Sul,34,Premium,Anual,Pix,22,159.68,2,2,7,41.9,5,Não,0,
CUST-04115,2023-04-22,Nordeste,56,Básico,Mensal,Cartão,38,45.89,0,0,8,61.6,13,Não,1,2026-05-22
CUST-04116,2025-09-08,Sudeste,39,Básico,Mensal,Pix,9,62.7,2,0,6,20.5,2,Não,0,
CUST-04117,2024-04-23,Sul,50,Padrão,Anual,Cartão,26,93.99,2,0,5,35.1,4,Sim,0,
CUST-04118,2024-11-18,Centro-Oeste,19,Básico,Mensal,Boleto,19,68.21,1,2,6,69.9,3,Sim,1,2026-05-16
CUST-04119,2023-06-14,Sudeste,20,Premium,Anual,Cartão,37,159.88,2,0,8,24.9,2,Sim,1,2026-05-09
CUST-04120,2025-09-22,Sul,56,Básico,Anual,Pix,9,83.53,1,2,9,7.7,4,Não,0,
CUST-04121,2022-01-05,Norte,40,Padrão,Mensal,Pix,54,100.7,2,1,7,34.2,7,Não,1,2026-04-01
CUST-04122,2024-12-31,Nordeste,40,Básico,Bienal,Boleto,18,41.94,2,0,8,32.6,4,Não,0,
CUST-04123,2025-04-21,Centro-Oeste,26,Básico,Bienal,Pix,14,56.02,1,0,2,32.1,8,Não,0,
CUST-04124,2020-09-18,Sudeste,40,Padrão,Mensal,Pix,70,99.3,3,0,7,37.6,7,Sim,1,2026-02-04
CUST-04125,2024-01-14,Norte,25,Premium,Anual,Pix,29,146.28,2,0,6,46.0,11,Não,0,
CUST-04126,2024-07-27,Sudeste,53,Padrão,Mensal,Débito automático,23,120.24,1,0,4,112.9,9,Sim,1,2026-01-17
CUST-04127,2025-09-16,Sul,72,Padrão,Mensal,Boleto,9,94.66,1,0,8,24.8,3,Não,1,2026-04-20
CUST-04128,2025-06-12,Sul,45,Básico,Anual,Cartão,12,49.97,2,3,10,22.8,6,Sim,0,
CUST-04129,2025-09-05,Nordeste,31,Básico,Anual,Débito automático,9,61.54,3,0,7,45.3,3,Sim,0,
CUST-04130,2024-06-01,Centro-Oeste,18,Básico,Anual,Cartão,25,46.31,1,0,9,21.6,17,Não,0,
CUST-04131,2022-05-22,Nordeste,19,Padrão,Anual,Cartão,50,112.53,1,0,6,27.1,20,Sim,0,
CUST-04132,2024-01-08,Nordeste,58,Básico,Anual,Cartão,30,69.71,1,2,10,28.6,3,Não,0,
CUST-04133,2024-04-21,Sudeste,27,Básico,Anual,Pix,26,60.83,1,0,4,59.5,23,Sim,0,
CUST-04134,2024-06-23,Sul,35,Padrão,Mensal,Boleto,24,107.28,1,1,7,63.1,12,Sim,0,
CUST-04135,2022-12-25,Sul,47,Padrão,Mensal,Pix,42,92.0,0,1,9,10.9,6,Não,0,
CUST-04136,2024-09-27,Sudeste,57,Padrão,Mensal,Boleto,21,77.96,1,1,7,12.6,31,Não,0,
CUST-04137,2025-11-06,Sul,37,Básico,Anual,Pix,7,54.44,1,1,10,33.1,6,Sim,0,
CUST-04138,2022-09-08,Centro-Oeste,34,Padrão,Mensal,Cartão,46,91.98,0,1,3,53.4,1,Não,0,
CUST-04139,2025-08-16,Nordeste,40,Padrão,Mensal,Pix,10,70.49,1,0,7,71.5,4,Sim,1,2026-03-20
CUST-04140,2025-12-22,Nordeste,31,Básico,Mensal,Boleto,6,44.19,0,4,7,34.2,4,Não,0,
CUST-04141,2023-12-30,Sudeste,32,Padrão,Mensal,Pix,30,81.77,0,0,7,62.6,12,Não,0,
CUST-04142,2026-02-15,Sul,44,Básico,Mensal,Pix,4,44.25,3,1,4,22.9,10,Não,0,
CUST-04143,2024-06-25,Sudeste,41,Premium,Mensal,Pix,24,177.67,0,1,6,28.6,10,Não,1,2026-04-21
CUST-04144,2024-03-29,Sudeste,65,Premium,Mensal,Pix,27,166.17,2,2,6,36.4,9,Não,0,
CUST-04145,2023-09-20,Sul,44,Básico,Mensal,Cartão,33,72.51,1,1,8,26.9,8,Sim,0,
CUST-04146,2023-11-16,Sudeste,53,Padrão,Mensal,Débito automático,31,106.13,3,0,9,69.0,19,Sim,0,
CUST-04147,2025-10-27,Sudeste,26,Padrão,Bienal,Cartão,8,114.16,2,0,7,27.2,17,Sim,1,2026-01-19
CUST-04148,2023-01-09,Nordeste,45,Premium,Mensal,Cartão,42,159.38,1,0,8,38.4,10,Sim,0,
CUST-04149,2024-08-01,Sul,30,Padrão,Mensal,Boleto,23,120.22,2,1,10,25.1,9,Sim,0,
CUST-04150,2024-12-28,Sudeste,44,Padrão,Mensal,Débito automático,18,81.76,4,1,10,25.7,1,Não,0,
CUST-04151,2025-09-12,Sudeste,47,Básico,Anual,Boleto,9,58.05,0,0,2,19.9,3,Não,1,2026-02-04
CUST-04152,2022-07-12,Sul,40,Básico,Mensal,Pix,48,44.65,3,1,9,50.5,6,Sim,0,
CUST-04153,2022-09-26,Sul,68,Padrão,Mensal,Débito automático,45,116.38,0,0,9,45.2,1,Sim,0,
CUST-04154,2025-02-08,Sul,56,Padrão,Bienal,Pix,16,104.88,0,0,7,47.1,4,Sim,1,2026-02-11
CUST-04155,2023-10-11,Sul,53,Premium,Bienal,Pix,33,175.61,2,0,6,26.2,13,Não,0,
CUST-04156,2023-05-17,Sudeste,48,Premium,Mensal,Pix,38,139.35,2,1,5,21.3,4,Sim,0,
CUST-04157,2024-10-25,Centro-Oeste,60,Padrão,Anual,Pix,20,90.57,0,1,3,29.1,8,Não,1,2026-01-29
CUST-04158,2022-10-18,Sudeste,22,Padrão,Mensal,Pix,45,74.02,3,1,9,42.8,9,Sim,0,
CUST-04159,2022-07-24,Sul,55,Premium,Mensal,Débito automático,47,164.06,1,0,9,20.0,10,Sim,0,
CUST-04160,2026-01-05,Sudeste,27,Padrão,Mensal,Cartão,5,93.01,2,1,7,30.7,11,Não,1,2026-05-05
CUST-04161,2023-05-28,Sul,32,Premium,Anual,Cartão,37,169.58,1,1,9,42.9,11,Não,1,2026-03-31
CUST-04162,2025-01-30,Sudeste,46,Premium,Mensal,Pix,17,159.44,2,1,9,23.3,0,Sim,0,
CUST-04163,2025-05-25,Centro-Oeste,54,Padrão,Mensal,Pix,13,69.18,1,0,3,75.9,14,Não,0,
CUST-04164,2026-02-12,Sudeste,25,Padrão,Mensal,Boleto,4,75.75,0,1,8,40.8,8,Não,0,
CUST-04165,2024-04-19,Nordeste,33,Padrão,Mensal,Débito automático,26,100.15,2,1,7,31.8,5,Sim,1,2026-04-12
CUST-04166,2024-10-26,Sudeste,40,Básico,Mensal,Boleto,20,65.52,5,0,8,27.4,4,Sim,1,2026-06-16
CUST-04167,2025-02-25,Sudeste,37,Padrão,Mensal,Débito automático,16,67.97,0,1,7,44.3,0,Não,0,
CUST-04168,2023-04-12,Sudeste,49,Padrão,Anual,Cartão,39,97.83,1,0,9,24.2,2,Não,0,
CUST-04169,2020-07-22,Sul,75,Padrão,Mensal,Cartão,72,84.76,6,1,4,45.0,2,Sim,0,
CUST-04170,2023-09-19,Sul,44,Básico,Mensal,Cartão,33,43.46,2,0,10,18.6,2,Não,0,
CUST-04171,2024-11-21,Norte,30,Padrão,Anual,Boleto,19,89.83,1,0,6,31.8,1,Sim,0,
CUST-04172,2022-09-04,Nordeste,23,Padrão,Mensal,Cartão,46,100.73,0,1,7,48.9,10,Sim,1,2026-04-25
CUST-04173,2025-07-21,Norte,35,Padrão,Mensal,Cartão,11,89.11,2,2,3,23.1,6,Sim,0,
CUST-04174,2025-01-20,Sudeste,28,Básico,Anual,Pix,17,39.0,1,0,7,23.1,6,Sim,0,
CUST-04175,2024-03-14,Nordeste,45,Padrão,Anual,Cartão,27,100.62,0,0,7,33.2,16,Sim,0,
CUST-04176,2024-04-11,Sul,44,Básico,Mensal,Boleto,27,54.09,3,0,7,35.5,1,Não,1,2026-03-07
CUST-04177,2022-11-25,Nordeste,33,Básico,Mensal,Débito automático,43,45.86,3,1,6,53.2,15,Sim,1,2026-02-23
CUST-04178,2021-06-09,Norte,63,Básico,Mensal,Cartão,61,54.69,0,0,5,44.6,4,Não,0,
CUST-04179,2022-12-29,Nordeste,30,Premium,Mensal,Pix,42,154.13,1,0,8,29.7,11,Não,0,
CUST-04180,2021-06-23,Centro-Oeste,38,Padrão,Anual,Cartão,61,99.62,3,0,3,30.3,0,Não,1,2026-02-01
CUST-04181,2021-04-03,Nordeste,47,Padrão,Anual,Cartão,63,95.53,3,0,9,46.4,15,Não,0,
CUST-04182,2023-12-16,Sudeste,50,Premium,Mensal,Cartão,30,161.32,0,0,10,18.0,1,Não,0,
CUST-04183,2024-08-16,Nordeste,54,Padrão,Mensal,Pix,22,98.32,3,2,10,21.0,5,Sim,0,
CUST-04184,2023-06-03,Sul,44,Premium,Mensal,Pix,37,170.48,0,1,5,25.9,16,Sim,1,2026-04-28
CUST-04185,2025-12-21,Centro-Oeste,52,Básico,Mensal,Boleto,6,81.19,0,1,8,14.4,9,Sim,0,
CUST-04186,2022-11-20,Nordeste,31,Básico,Mensal,Boleto,43,58.79,2,1,6,51.7,5,Sim,1,2026-05-31
CUST-04187,2023-02-27,Sudeste,50,Básico,Mensal,Cartão,40,50.3,0,1,10,17.3,11,Sim,0,
CUST-04188,2025-07-25,Sudeste,50,Padrão,Bienal,Boleto,11,78.88,0,1,8,86.2,4,Não,0,
CUST-04189,2021-08-30,Sudeste,57,Premium,Anual,Boleto,58,168.05,1,0,6,42.2,13,Não,1,2026-01-24
CUST-04190,2022-07-08,Sul,19,Padrão,Bienal,Cartão,48,86.37,1,1,5,26.1,7,Não,0,
CUST-04191,2023-07-18,Sudeste,28,Padrão,Anual,Pix,35,131.87,3,0,6,29.8,0,Não,1,2026-04-14
CUST-04192,2024-09-08,Nordeste,49,Básico,Bienal,Cartão,22,97.91,1,1,6,65.3,5,Sim,0,
CUST-04193,2021-08-10,Sul,18,Premium,Bienal,Cartão,59,156.02,0,0,7,27.9,8,Sim,0,
CUST-04194,2025-12-02,Centro-Oeste,45,Padrão,Mensal,Cartão,7,75.69,0,1,7,25.6,9,Não,0,
CUST-04195,2024-07-19,Sudeste,52,Básico,Mensal,Cartão,23,68.15,2,0,6,29.3,12,Sim,0,
CUST-04196,2023-04-27,Sul,32,Premium,Mensal,Débito automático,38,188.38,3,0,6,28.5,4,Não,0,
CUST-04197,2022-04-09,Sudeste,34,Padrão,Anual,Débito automático,51,80.63,2,0,8,34.2,8,Sim,0,
CUST-04198,2022-08-20,Centro-Oeste,26,Básico,Anual,Pix,47,85.57,0,1,9,28.5,3,Não,0,
CUST-04199,2025-08-12,Sudeste,33,Básico,Mensal,Boleto,10,39.0,2,0,5,60.2,23,Não,1,2026-02-07
CUST-04200,2023-09-16,Sudeste,33,Básico,Anual,Débito automático,33,39.0,0,1,7,31.8,11,Sim,0,
CUST-04201,2024-03-19,Sudeste,31,Padrão,Anual,Pix,27,103.33,5,0,5,21.6,12,Não,1,2026-01-05
CUST-04202,2025-12-03,Nordeste,30,Padrão,Anual,Pix,6,113.23,1,0,10,16.0,17,Não,0,
CUST-04203,2025-09-21,Sudeste,36,Premium,Mensal,Boleto,9,158.07,1,3,5,18.1,7,Sim,1,2026-05-21
CUST-04204,2026-02-23,Nordeste,36,Básico,Mensal,Débito automático,4,65.29,1,0,8,46.6,17,Sim,0,
CUST-04205,2026-01-01,Nordeste,61,Padrão,Mensal,Boleto,6,114.46,2,2,8,41.9,10,Sim,1,2026-06-14
CUST-04206,2025-08-10,Nordeste,34,Padrão,Mensal,Cartão,10,116.08,0,0,6,37.1,11,Sim,0,
CUST-04207,2024-08-10,Sudeste,43,Padrão,Anual,Boleto,22,90.29,2,0,5,46.6,4,Não,0,
CUST-04208,2024-07-15,Sudeste,32,Padrão,Mensal,Cartão,23,86.91,1,0,7,46.8,14,Sim,0,
CUST-04209,2023-11-11,Sul,32,Padrão,Mensal,Cartão,32,113.75,1,0,5,42.2,9,Sim,1,2026-03-07
CUST-04210,2025-04-03,Sudeste,19,Padrão,Mensal,Pix,15,105.36,1,0,7,15.1,5,Sim,0,
CUST-04211,2022-02-19,Nordeste,20,Premium,Anual,Boleto,53,167.24,2,0,5,13.4,1,Não,0,
CUST-04212,2022-09-25,Sudeste,25,Básico,Mensal,Cartão,45,49.74,0,1,7,31.2,7,Sim,0,
CUST-04213,2023-11-25,Sul,41,Padrão,Bienal,Cartão,31,107.93,1,0,3,55.2,5,Não,1,2026-05-18
CUST-04214,2020-12-03,Sudeste,52,Padrão,Mensal,Boleto,67,83.68,2,1,5,30.7,5,Não,0,
CUST-04215,2024-01-16,Sul,18,Básico,Bienal,Cartão,29,62.46,2,1,6,32.1,7,Sim,0,
CUST-04216,2025-11-21,Sudeste,32,Básico,Mensal,Débito automático,7,60.56,3,1,9,44.5,12,Não,0,
CUST-04217,2023-05-19,Nordeste,23,Premium,Mensal,Pix,37,160.66,3,1,3,7.8,18,Sim,1,2026-05-02
CUST-04218,2024-04-21,Sudeste,36,Básico,Bienal,Pix,26,69.94,0,1,9,32.2,14,Sim,0,
CUST-04219,2024-12-09,Norte,52,Básico,Anual,Cartão,18,44.72,2,1,8,29.5,9,Não,0,
CUST-04220,2024-10-31,Nordeste,34,Padrão,Anual,Débito automático,20,108.48,3,0,3,33.0,10,Sim,0,
CUST-04221,2023-09-28,Sudeste,38,Básico,Anual,Débito automático,33,59.29,2,1,8,70.4,6,Não,0,
CUST-04222,2023-12-26,Sudeste,56,Básico,Mensal,Cartão,30,47.92,2,0,5,27.3,18,Sim,0,
CUST-04223,2020-07-06,Sudeste,44,Básico,Anual,Boleto,72,40.49,4,0,8,45.0,3,Sim,0,
CUST-04224,2024-02-25,Sudeste,30,Básico,Mensal,Boleto,28,85.44,5,0,8,28.0,2,Sim,0,
CUST-04225,2024-02-01,Sudeste,41,Padrão,Anual,Cartão,29,98.03,4,0,9,22.1,5,Não,0,
CUST-04226,2024-05-08,Centro-Oeste,29,Premium,Bienal,Pix,26,154.03,2,0,6,29.8,1,Sim,0,
CUST-04227,2024-04-14,Sul,44,Básico,Anual,Débito automático,26,42.99,5,2,9,57.4,8,Sim,0,
CUST-04228,2025-07-08,Sudeste,45,Padrão,Anual,Pix,11,114.24,0,0,10,50.7,37,Sim,1,2026-03-21
CUST-04229,2025-02-06,Sul,23,Padrão,Anual,Débito automático,16,113.16,4,0,6,27.6,22,Não,1,2026-06-10
CUST-04230,2023-09-16,Sudeste,41,Básico,Mensal,Cartão,33,70.46,0,2,7,17.9,9,Sim,0,
CUST-04231,2025-11-04,Norte,38,Padrão,Mensal,Débito automático,7,98.15,2,1,9,49.0,2,Não,0,
CUST-04232,2024-09-10,Sudeste,46,Padrão,Anual,Débito automático,21,109.52,0,1,1,47.8,13,Não,1,2026-02-09
CUST-04233,2021-11-27,Nordeste,49,Básico,Anual,Cartão,55,47.47,1,1,5,32.2,17,Sim,0,
CUST-04234,2024-10-22,Nordeste,45,Padrão,Mensal,Pix,20,102.05,4,0,9,17.8,4,Não,0,
CUST-04235,2021-02-05,Sudeste,35,Básico,Anual,Boleto,65,58.24,1,0,7,50.6,8,Sim,0,
CUST-04236,2024-10-31,Sudeste,50,Premium,Mensal,Débito automático,20,162.74,2,2,7,35.0,0,Sim,0,
CUST-04237,2022-07-31,Sudeste,29,Premium,Anual,Cartão,47,133.62,3,0,5,34.4,9,Sim,0,
CUST-04238,2024-03-20,Centro-Oeste,23,Premium,Anual,Cartão,27,185.18,1,2,7,66.2,6,Sim,0,
CUST-04239,2025-07-23,Sul,18,Básico,Mensal,Boleto,11,81.66,1,1,6,35.2,2,Sim,1,2026-01-17
CUST-04240,2020-07-12,Nordeste,38,Padrão,Mensal,Pix,72,82.9,1,0,3,48.9,5,Não,0,
CUST-04241,2025-08-22,Nordeste,29,Padrão,Anual,Pix,10,107.08,3,0,10,60.1,3,Sim,0,
CUST-04242,2025-01-10,Nordeste,44,Básico,Mensal,Pix,17,39.0,0,1,6,26.3,5,Sim,0,
CUST-04243,2020-07-26,Sul,18,Premium,Bienal,Débito automático,72,160.17,0,0,7,20.6,6,Não,0,
CUST-04244,2024-01-17,Sul,31,Padrão,Mensal,Cartão,29,68.26,0,0,3,38.9,3,Não,0,
CUST-04245,2025-04-13,Nordeste,45,Básico,Mensal,Débito automático,14,54.91,2,0,6,80.4,11,Sim,0,
CUST-04246,2024-05-03,Sudeste,27,Premium,Mensal,Pix,26,152.17,4,1,9,32.6,11,Sim,1,2026-02-26
CUST-04247,2023-07-12,Centro-Oeste,44,Básico,Anual,Débito automático,36,75.19,3,1,9,21.1,2,Não,0,
CUST-04248,2024-10-21,Sudeste,32,Padrão,Anual,Cartão,20,122.36,3,0,7,22.7,28,Sim,0,
CUST-04249,2021-07-28,Sudeste,39,Básico,Anual,Boleto,59,82.67,3,0,6,28.3,3,Não,0,
CUST-04250,2025-03-24,Nordeste,46,Básico,Bienal,Débito automático,15,75.22,2,0,7,32.4,8,Sim,0,
CUST-04251,2026-02-23,Sudeste,50,Premium,Anual,Boleto,4,160.15,1,0,8,44.6,1,Não,1,2026-04-28
CUST-04252,2022-10-22,Sudeste,40,Padrão,Mensal,Cartão,44,104.44,1,0,4,41.0,2,Não,0,
CUST-04253,2024-07-22,Sudeste,29,Básico,Mensal,Pix,23,64.37,2,1,8,62.2,13,Não,0,
CUST-04254,2022-08-08,Sul,34,Padrão,Anual,Cartão,47,82.48,1,1,9,34.0,19,Não,0,
CUST-04255,2024-11-25,Centro-Oeste,47,Premium,Mensal,Cartão,19,175.04,4,0,7,43.1,20,Não,1,2026-01-16
CUST-04256,2023-10-13,Sudeste,27,Premium,Bienal,Boleto,33,168.66,2,1,7,64.9,16,Sim,0,
CUST-04257,2024-12-12,Sudeste,37,Premium,Anual,Débito automático,18,169.31,3,2,6,36.6,3,Não,1,2026-04-30
CUST-04258,2024-09-24,Sul,34,Premium,Anual,Boleto,21,127.06,2,0,8,9.4,14,Não,0,
CUST-04259,2025-10-09,Norte,38,Padrão,Anual,Cartão,8,105.34,0,0,10,30.9,2,Sim,0,
CUST-04260,2025-08-28,Sudeste,27,Básico,Bienal,Cartão,10,73.08,1,0,10,33.2,7,Sim,0,
CUST-04261,2023-12-11,Norte,18,Premium,Anual,Pix,31,158.79,1,0,6,21.6,11,Não,0,
CUST-04262,2022-11-18,Centro-Oeste,45,Básico,Anual,Cartão,44,51.99,3,1,6,15.6,7,Não,0,
CUST-04263,2023-09-26,Sudeste,51,Básico,Mensal,Débito automático,33,39.93,4,0,10,17.3,12,Sim,0,
CUST-04264,2025-06-08,Nordeste,18,Padrão,Mensal,Cartão,12,78.92,4,0,8,65.9,23,Sim,0,
CUST-04265,2023-07-25,Nordeste,43,Básico,Mensal,Cartão,35,61.16,6,0,8,45.8,3,Não,0,
CUST-04266,2025-06-15,Sul,52,Padrão,Bienal,Boleto,12,95.71,2,1,3,16.2,22,Sim,1,2026-02-08
CUST-04267,2023-12-28,Sudeste,46,Premium,Anual,Cartão,30,155.52,1,0,9,27.8,12,Não,0,
CUST-04268,2025-04-03,Nordeste,34,Padrão,Anual,Pix,15,120.4,2,2,7,7.9,20,Não,0,
CUST-04269,2024-08-23,Nordeste,28,Padrão,Mensal,Pix,22,81.42,3,0,8,30.1,15,Não,1,2026-03-19
CUST-04270,2025-02-24,Nordeste,40,Padrão,Anual,Cartão,16,94.16,0,1,6,14.6,23,Sim,0,
CUST-04271,2023-07-13,Norte,42,Padrão,Mensal,Pix,36,122.72,0,0,10,57.8,18,Não,1,2026-02-14
CUST-04272,2024-12-29,Sul,40,Básico,Anual,Pix,18,54.63,0,0,5,68.8,10,Não,0,
CUST-04273,2023-06-26,Nordeste,37,Básico,Mensal,Boleto,36,59.93,4,0,10,70.5,12,Sim,0,
CUST-04274,2026-03-08,Centro-Oeste,26,Padrão,Bienal,Cartão,3,96.55,2,1,7,19.7,7,Não,0,
CUST-04275,2022-09-10,Sudeste,44,Padrão,Anual,Pix,46,108.88,2,3,7,15.8,11,Sim,0,
CUST-04276,2025-06-15,Sudeste,45,Padrão,Mensal,Boleto,12,70.23,1,0,5,28.9,12,Sim,0,
CUST-04277,2021-04-28,Sudeste,41,Básico,Mensal,Cartão,62,56.15,1,2,6,28.5,10,Não,0,
CUST-04278,2024-12-04,Centro-Oeste,40,Básico,Mensal,Cartão,19,59.76,2,0,7,10.2,3,Sim,0,
CUST-04279,2021-12-12,Sudeste,59,Padrão,Mensal,Cartão,55,85.03,0,0,7,22.8,6,Sim,0,
CUST-04280,2026-01-31,Nordeste,32,Padrão,Mensal,Cartão,5,103.81,2,1,8,30.2,1,Não,1,2026-03-29
CUST-04281,2022-05-18,Sudeste,54,Padrão,Mensal,Cartão,50,110.01,1,1,7,14.6,1,Sim,0,
CUST-04282,2025-04-12,Sudeste,30,Premium,Mensal,Débito automático,14,165.33,2,1,8,19.7,4,Não,0,
CUST-04283,2022-05-28,Nordeste,52,Padrão,Mensal,Pix,49,123.91,4,1,10,37.3,2,Sim,0,
CUST-04284,2024-05-14,Sudeste,54,Básico,Anual,Pix,25,52.93,4,1,9,36.8,18,Não,1,2026-01-30
CUST-04285,2024-10-20,Centro-Oeste,35,Padrão,Mensal,Cartão,20,105.98,3,0,8,52.6,9,Não,1,2026-04-01
CUST-04286,2021-11-25,Sudeste,59,Básico,Mensal,Cartão,55,65.66,2,0,8,10.5,29,Não,1,2026-01-18
CUST-04287,2025-01-15,Centro-Oeste,45,Básico,Anual,Boleto,17,55.7,2,1,5,34.3,7,Sim,0,
CUST-04288,2021-02-23,Sudeste,28,Padrão,Mensal,Boleto,65,114.87,5,1,8,44.6,9,Não,1,2026-02-03
CUST-04289,2024-09-25,Norte,35,Básico,Anual,Débito automático,21,63.04,1,1,5,67.0,16,Não,0,
CUST-04290,2024-04-30,Sul,53,Básico,Bienal,Cartão,26,42.19,1,1,9,26.8,17,Sim,0,
CUST-04291,2024-03-10,Sudeste,50,Premium,Anual,Cartão,28,169.51,1,1,8,30.4,9,Sim,0,
CUST-04292,2025-08-31,Sudeste,26,Padrão,Mensal,Boleto,10,92.01,2,0,9,26.6,1,Não,0,
CUST-04293,2023-10-16,Sudeste,37,Premium,Mensal,Cartão,32,154.48,3,1,10,32.8,14,Não,1,2026-01-28
CUST-04294,2025-04-08,Sul,41,Premium,Anual,Cartão,14,155.52,3,1,8,54.3,1,Sim,0,
CUST-04295,2025-06-06,Nordeste,33,Básico,Anual,Cartão,12,69.29,3,1,6,50.4,9,Sim,0,
CUST-04296,2025-07-22,Sudeste,67,Padrão,Mensal,Cartão,11,114.11,2,0,2,21.3,2,Não,0,
CUST-04297,2024-11-26,Sul,42,Básico,Anual,Boleto,19,56.77,4,1,8,31.3,5,Não,0,
CUST-04298,2021-09-27,Sul,38,Padrão,Anual,Débito automático,57,95.96,2,2,7,26.4,5,Não,0,
CUST-04299,2025-04-01,Sul,53,Básico,Anual,Boleto,15,39.0,2,0,9,25.8,29,Sim,0,
CUST-04300,2023-11-30,Nordeste,35,Básico,Mensal,Pix,31,49.06,3,0,9,42.6,5,Não,0,
CUST-04301,2021-12-31,Sul,51,Básico,Mensal,Boleto,54,45.75,1,3,8,26.9,1,Sim,0,
CUST-04302,2024-10-06,Nordeste,19,Padrão,Mensal,Boleto,21,103.36,0,0,8,43.3,3,Sim,0,
CUST-04303,2024-03-05,Norte,34,Básico,Mensal,Boleto,28,57.5,0,2,4,27.4,9,Não,0,
CUST-04304,2021-07-16,Sudeste,52,Padrão,Anual,Pix,60,86.28,1,0,10,24.5,2,Sim,0,
CUST-04305,2023-07-17,Sudeste,58,Premium,Mensal,Débito automático,35,161.14,2,0,4,30.7,6,Sim,0,
CUST-04306,2023-10-15,Sudeste,30,Padrão,Mensal,Cartão,32,98.05,2,1,6,86.9,31,Sim,1,2026-05-12
CUST-04307,2024-06-04,Sul,28,Padrão,Mensal,Pix,25,63.43,2,0,6,20.1,14,Não,1,2026-02-03
CUST-04308,2021-04-01,Sudeste,46,Básico,Anual,Boleto,63,74.51,1,1,7,22.7,2,Sim,0,
CUST-04309,2024-11-19,Norte,32,Premium,Anual,Débito automático,19,173.15,1,0,6,12.9,20,Sim,0,
CUST-04310,2025-01-21,Nordeste,36,Padrão,Anual,Débito automático,17,95.67,1,2,6,24.1,6,Não,0,
CUST-04311,2024-11-01,Sul,50,Padrão,Bienal,Pix,20,103.94,0,2,9,11.5,10,Não,0,
CUST-04312,2023-06-07,Nordeste,32,Premium,Bienal,Boleto,37,154.45,4,0,4,11.7,8,Não,0,
CUST-04313,2023-12-27,Sudeste,18,Básico,Mensal,Cartão,30,39.0,3,0,6,38.9,10,Sim,1,2026-02-22
CUST-04314,2025-07-01,Nordeste,23,Padrão,Mensal,Boleto,12,129.29,0,1,3,45.9,6,Não,0,
CUST-04315,2023-03-04,Sudeste,39,Básico,Anual,Cartão,40,69.5,3,1,5,73.5,5,Sim,0,
CUST-04316,2023-08-11,Nordeste,18,Básico,Anual,Pix,35,72.17,2,0,4,20.4,8,Sim,0,
CUST-04317,2025-04-04,Norte,35,Padrão,Mensal,Débito automático,15,95.02,2,0,9,20.0,4,Não,0,
CUST-04318,2023-12-09,Nordeste,22,Padrão,Bienal,Boleto,31,114.76,2,0,7,55.8,14,Sim,1,2026-05-29
CUST-04319,2022-08-28,Centro-Oeste,59,Básico,Mensal,Pix,46,39.82,2,0,5,34.1,6,Não,0,
CUST-04320,2024-10-23,Sudeste,65,Padrão,Bienal,Cartão,20,95.56,3,0,0,20.8,21,Sim,1,2026-04-26
CUST-04321,2025-12-08,Nordeste,26,Padrão,Anual,Pix,6,109.36,1,1,4,46.6,11,Sim,0,
CUST-04322,2024-07-20,Sul,42,Premium,Mensal,Cartão,23,150.22,2,1,5,32.1,5,Não,1,2026-02-04
CUST-04323,2024-11-06,Nordeste,27,Básico,Anual,Cartão,20,71.75,1,2,6,31.6,14,Sim,0,
CUST-04324,2026-02-22,Sudeste,35,Padrão,Anual,Débito automático,4,103.25,2,0,9,64.2,1,Não,1,2026-03-02
CUST-04325,2025-01-26,Sudeste,61,Básico,Anual,Pix,17,61.93,5,1,4,40.2,3,Sim,0,
CUST-04326,2025-08-05,Sul,33,Padrão,Anual,Cartão,10,88.92,0,1,4,40.8,13,Sim,1,2026-05-06
CUST-04327,2021-12-06,Sudeste,36,Básico,Mensal,Boleto,55,64.66,2,2,4,46.4,5,Sim,0,
CUST-04328,2021-12-09,Nordeste,28,Padrão,Mensal,Cartão,55,126.06,0,1,7,31.4,8,Sim,0,
CUST-04329,2023-09-16,Centro-Oeste,53,Básico,Mensal,Pix,33,61.45,2,0,3,46.0,5,Não,0,
CUST-04330,2024-08-22,Centro-Oeste,18,Padrão,Mensal,Cartão,22,106.78,1,0,3,65.8,9,Sim,0,
CUST-04331,2024-11-15,Sudeste,34,Básico,Mensal,Cartão,19,68.85,0,0,8,31.7,8,Não,0,
CUST-04332,2022-11-02,Norte,38,Básico,Mensal,Pix,44,42.98,1,1,10,38.3,2,Não,0,
CUST-04333,2024-09-26,Sudeste,31,Padrão,Mensal,Boleto,21,97.14,2,0,7,21.1,21,Sim,1,2026-05-14
CUST-04334,2024-06-17,Sul,49,Básico,Mensal,Pix,24,56.72,0,0,6,23.1,15,Não,0,
CUST-04335,2024-02-01,Centro-Oeste,53,Padrão,Mensal,Boleto,29,69.25,3,0,10,29.2,0,Sim,0,
CUST-04336,2021-03-30,Sudeste,22,Padrão,Mensal,Débito automático,63,110.05,1,0,6,30.2,1,Não,0,
CUST-04337,2025-12-23,Sudeste,64,Padrão,Bienal,Boleto,6,85.95,0,1,6,13.8,1,Não,1,2026-04-28
CUST-04338,2025-03-12,Sudeste,22,Padrão,Bienal,Débito automático,15,108.51,0,2,6,67.8,3,Não,0,
CUST-04339,2025-10-31,Sul,54,Padrão,Anual,Débito automático,8,88.39,0,0,10,47.4,13,Sim,0,
CUST-04340,2023-09-29,Nordeste,41,Premium,Mensal,Boleto,33,187.59,5,0,8,36.4,6,Não,1,2026-02-08
CUST-04341,2025-11-18,Sudeste,33,Básico,Anual,Cartão,7,55.1,0,1,8,20.5,4,Não,0,
CUST-04342,2025-04-08,Sudeste,34,Padrão,Mensal,Cartão,14,125.9,0,0,8,37.7,1,Sim,0,
CUST-04343,2024-03-31,Sul,39,Padrão,Mensal,Boleto,27,96.58,0,0,6,27.9,8,Não,0,
CUST-04344,2023-03-06,Sudeste,42,Básico,Bienal,Débito automático,40,58.25,0,0,6,42.5,9,Sim,0,
CUST-04345,2024-08-08,Nordeste,28,Básico,Mensal,Boleto,23,80.93,0,0,5,17.4,6,Não,0,
CUST-04346,2025-05-04,Norte,36,Básico,Bienal,Boleto,14,46.15,2,0,6,57.5,15,Não,0,
CUST-04347,2024-11-21,Nordeste,30,Padrão,Anual,Boleto,19,99.7,1,1,8,9.0,16,Não,0,
CUST-04348,2024-12-04,Centro-Oeste,24,Básico,Mensal,Boleto,19,66.55,0,1,7,30.0,3,Não,0,
CUST-04349,2022-12-08,Sul,29,Padrão,Mensal,Boleto,43,104.65,4,2,9,55.5,5,Não,0,
CUST-04350,2025-03-09,Centro-Oeste,25,Padrão,Anual,Cartão,15,99.6,3,1,8,92.2,16,Não,1,2026-02-24
CUST-04351,2023-01-09,Sudeste,34,Padrão,Mensal,Pix,42,97.68,2,1,7,20.4,5,Sim,1,2026-02-18
CUST-04352,2024-07-12,Sudeste,44,Básico,Mensal,Cartão,23,70.85,2,0,5,29.8,4,Não,0,
CUST-04353,2022-07-09,Nordeste,40,Padrão,Mensal,Cartão,48,101.48,2,1,5,17.5,8,Não,1,2026-02-24
CUST-04354,2024-04-14,Sudeste,63,Padrão,Bienal,Pix,26,112.53,1,0,5,23.4,15,Não,0,
CUST-04355,2025-02-25,Centro-Oeste,18,Básico,Mensal,Cartão,16,64.49,1,0,9,35.6,8,Sim,0,
CUST-04356,2022-06-29,Nordeste,45,Básico,Bienal,Débito automático,48,68.1,2,0,3,15.7,3,Não,0,
CUST-04357,2020-07-27,Norte,39,Básico,Anual,Pix,72,74.87,0,2,7,63.1,4,Não,0,
CUST-04358,2024-03-22,Sudeste,49,Premium,Mensal,Boleto,27,154.66,0,0,7,25.8,10,Sim,0,
CUST-04359,2022-11-08,Sul,48,Básico,Mensal,Cartão,44,74.49,3,0,6,41.9,5,Sim,1,2026-06-08
CUST-04360,2024-04-16,Nordeste,37,Básico,Anual,Débito automático,26,56.8,1,1,7,65.8,14,Sim,0,
CUST-04361,2025-04-23,Sudeste,41,Básico,Mensal,Pix,14,39.39,2,0,7,16.9,5,Não,0,
CUST-04362,2022-05-09,Sul,30,Básico,Mensal,Pix,50,54.39,3,0,5,44.0,6,Não,1,2026-05-01
CUST-04363,2025-08-15,Nordeste,46,Padrão,Mensal,Boleto,10,88.88,1,0,5,48.5,6,Sim,0,
CUST-04364,2025-09-17,Norte,18,Padrão,Anual,Pix,9,104.25,3,2,7,16.5,6,Sim,0,
CUST-04365,2022-05-06,Nordeste,48,Padrão,Anual,Pix,50,95.0,1,0,7,18.6,2,Não,0,
CUST-04366,2024-10-12,Sudeste,39,Premium,Mensal,Boleto,20,160.79,3,1,4,36.0,11,Não,1,2026-06-01
CUST-04367,2025-07-13,Sul,33,Básico,Mensal,Boleto,11,73.2,1,1,7,62.7,19,Sim,0,
CUST-04368,2021-02-25,Sul,36,Padrão,Mensal,Cartão,65,119.8,3,0,7,51.5,9,Não,0,
CUST-04369,2023-04-19,Sudeste,37,Padrão,Anual,Débito automático,38,103.1,2,1,9,22.1,10,Não,1,2026-02-15
CUST-04370,2024-07-24,Sul,55,Padrão,Mensal,Pix,23,114.2,4,0,7,47.2,4,Não,0,
CUST-04371,2023-12-11,Sudeste,75,Premium,Bienal,Cartão,31,156.52,3,1,6,19.2,9,Sim,0,
CUST-04372,2024-03-01,Sudeste,54,Básico,Anual,Cartão,28,39.0,2,0,9,64.3,18,Sim,0,
CUST-04373,2023-05-17,Sul,32,Padrão,Mensal,Pix,38,82.49,1,1,9,24.0,6,Não,0,
CUST-04374,2024-08-23,Sudeste,47,Padrão,Anual,Cartão,22,96.26,2,0,4,25.5,12,Sim,1,2026-04-14
CUST-04375,2023-02-28,Sul,47,Básico,Anual,Débito automático,40,70.14,1,0,6,14.4,11,Sim,0,
CUST-04376,2024-03-14,Sudeste,28,Padrão,Anual,Pix,27,96.3,2,1,2,20.3,14,Sim,0,
CUST-04377,2026-01-11,Nordeste,24,Básico,Mensal,Débito automático,5,75.6,2,1,5,34.8,9,Não,1,2026-01-31
CUST-04378,2025-01-13,Sudeste,38,Básico,Bienal,Cartão,17,84.64,1,3,10,24.1,9,Sim,0,
CUST-04379,2023-06-22,Centro-Oeste,49,Padrão,Mensal,Pix,36,86.56,2,1,5,13.9,14,Sim,0,
CUST-04380,2025-10-19,Sudeste,20,Padrão,Anual,Cartão,8,128.75,4,1,8,24.0,12,Não,0,
CUST-04381,2024-03-31,Sul,30,Premium,Mensal,Pix,27,136.11,1,0,8,80.7,5,Não,0,
CUST-04382,2024-10-18,Sudeste,46,Premium,Mensal,Pix,20,184.88,2,1,6,63.8,8,Sim,0,
CUST-04383,2021-01-25,Sudeste,40,Básico,Bienal,Boleto,66,58.53,5,1,6,40.2,1,Sim,0,
CUST-04384,2023-01-31,Sul,56,Padrão,Mensal,Boleto,41,95.74,0,1,10,38.7,5,Sim,0,
CUST-04385,2025-09-28,Centro-Oeste,22,Premium,Mensal,Cartão,9,158.89,3,1,9,61.9,6,Sim,0,
CUST-04386,2023-06-11,Centro-Oeste,67,Básico,Anual,Cartão,37,47.8,1,0,10,40.8,5,Sim,0,
CUST-04387,2024-10-12,Sudeste,21,Padrão,Mensal,Pix,20,120.02,1,1,2,34.8,6,Não,1,2026-05-19
CUST-04388,2024-04-28,Sudeste,18,Premium,Anual,Cartão,26,149.31,2,2,8,44.0,8,Não,0,
CUST-04389,2024-10-22,Nordeste,38,Básico,Bienal,Boleto,20,51.1,3,2,2,22.0,11,Sim,0,
CUST-04390,2020-12-25,Sul,25,Premium,Mensal,Pix,67,139.69,0,0,7,35.1,9,Sim,0,
CUST-04391,2021-03-20,Sudeste,39,Padrão,Anual,Boleto,64,88.77,4,2,6,38.0,7,Sim,0,
CUST-04392,2025-03-24,Nordeste,38,Premium,Bienal,Débito automático,15,149.2,1,0,4,30.1,4,Sim,0,
CUST-04393,2022-06-24,Sul,37,Padrão,Bienal,Pix,48,88.26,3,0,6,36.0,4,Sim,0,
CUST-04394,2025-01-23,Nordeste,29,Padrão,Mensal,Débito automático,17,96.54,2,3,6,27.1,6,Não,0,
CUST-04395,2025-04-18,Sudeste,44,Padrão,Anual,Boleto,14,83.39,1,1,8,19.1,1,Sim,0,
CUST-04396,2024-03-22,Sul,35,Básico,Anual,Cartão,27,81.32,0,0,4,24.9,3,Sim,0,
CUST-04397,2024-06-05,Sudeste,52,Padrão,Mensal,Boleto,25,96.86,2,2,5,36.7,22,Sim,1,2026-01-12
CUST-04398,2025-06-27,Nordeste,37,Premium,Anual,Pix,12,164.24,2,2,8,34.6,2,Não,1,2026-06-07
CUST-04399,2025-11-17,Sudeste,27,Premium,Mensal,Boleto,7,171.07,1,0,8,36.8,2,Sim,0,
CUST-04400,2024-05-30,Nordeste,19,Premium,Mensal,Boleto,25,187.35,0,0,10,29.2,10,Sim,0,
CUST-04401,2025-06-11,Nordeste,37,Padrão,Mensal,Débito automático,12,111.74,1,0,7,12.3,12,Sim,1,2026-01-07
CUST-04402,2024-09-26,Nordeste,24,Padrão,Anual,Boleto,21,95.53,2,0,8,42.1,5,Sim,0,
CUST-04403,2022-04-09,Sudeste,23,Padrão,Mensal,Boleto,51,83.98,0,0,6,32.2,5,Sim,0,
CUST-04404,2024-09-03,Sudeste,45,Padrão,Mensal,Cartão,22,103.73,1,1,10,42.3,0,Não,1,2026-06-19
CUST-04405,2025-12-11,Sul,18,Padrão,Mensal,Débito automático,6,113.87,1,2,5,35.5,6,Sim,1,2026-03-11
CUST-04406,2022-06-30,Sul,56,Básico,Mensal,Boleto,48,60.99,2,0,7,25.0,13,Sim,0,
CUST-04407,2023-09-01,Centro-Oeste,41,Básico,Bienal,Boleto,34,59.91,0,0,7,33.3,9,Sim,1,2026-04-22
CUST-04408,2022-11-28,Sudeste,38,Padrão,Mensal,Débito automático,43,101.99,1,0,8,85.7,6,Não,1,2026-03-09
CUST-04409,2024-06-11,Centro-Oeste,27,Básico,Mensal,Cartão,24,39.0,0,1,9,14.2,3,Sim,0,
CUST-04410,2024-06-28,Sudeste,48,Básico,Bienal,Cartão,24,61.05,1,1,6,53.8,19,Não,0,
CUST-04411,2020-07-31,Sudeste,39,Básico,Mensal,Boleto,72,69.25,0,0,9,38.4,2,Sim,0,
CUST-04412,2023-09-10,Sudeste,31,Padrão,Mensal,Débito automático,34,98.36,1,0,4,101.7,2,Sim,0,
CUST-04413,2022-08-01,Nordeste,41,Premium,Anual,Boleto,47,174.73,1,1,7,23.0,9,Sim,0,
CUST-04414,2020-07-08,Sudeste,19,Padrão,Anual,Pix,72,115.2,3,0,3,29.1,1,Sim,0,
CUST-04415,2020-07-15,Sudeste,19,Premium,Mensal,Cartão,72,151.95,2,1,6,34.7,7,Sim,1,2026-04-09
CUST-04416,2025-08-14,Nordeste,26,Premium,Anual,Pix,10,165.19,3,1,10,19.9,3,Sim,0,
CUST-04417,2025-07-05,Sul,43,Básico,Anual,Pix,12,59.6,1,0,7,76.7,6,Sim,0,
CUST-04418,2025-10-14,Sudeste,39,Básico,Anual,Débito automático,8,39.0,2,0,6,80.3,9,Não,0,
CUST-04419,2024-06-21,Sudeste,52,Básico,Mensal,Pix,24,56.38,2,1,8,46.3,2,Sim,0,
CUST-04420,2020-07-03,Sul,28,Básico,Anual,Pix,72,44.57,3,0,7,11.3,7,Sim,0,
CUST-04421,2026-05-20,Sudeste,46,Padrão,Mensal,Pix,1,100.88,4,1,5,14.9,5,Não,1,2026-05-31
CUST-04422,2025-02-11,Sudeste,38,Básico,Anual,Débito automático,16,68.56,5,1,3,39.4,3,Não,1,2026-04-28
CUST-04423,2024-07-03,Nordeste,28,Premium,Bienal,Pix,24,155.95,1,1,7,64.0,8,Sim,0,
CUST-04424,2025-07-09,Sudeste,44,Padrão,Anual,Cartão,11,86.4,2,0,6,27.0,8,Não,0,
CUST-04425,2024-10-22,Sul,38,Básico,Anual,Pix,20,62.28,4,2,6,41.4,9,Não,0,
CUST-04426,2024-09-16,Sudeste,31,Premium,Mensal,Pix,21,193.21,1,0,9,60.3,0,Sim,0,
CUST-04427,2025-10-18,Sudeste,40,Premium,Mensal,Cartão,8,128.59,1,0,10,22.2,5,Sim,0,
CUST-04428,2022-12-26,Sudeste,37,Padrão,Anual,Boleto,42,102.26,2,0,8,57.6,6,Sim,0,
CUST-04429,2024-09-14,Sudeste,37,Padrão,Mensal,Cartão,21,91.39,1,0,6,29.2,8,Sim,1,2026-02-28
CUST-04430,2025-08-12,Sudeste,34,Premium,Anual,Pix,10,153.03,1,1,7,31.0,4,Não,0,
CUST-04431,2024-06-11,Sudeste,23,Padrão,Anual,Pix,24,97.53,2,0,9,38.3,4,Sim,0,
CUST-04432,2023-01-19,Centro-Oeste,40,Premium,Mensal,Pix,41,154.18,0,1,9,19.2,4,Não,0,
CUST-04433,2024-07-17,Centro-Oeste,29,Básico,Mensal,Pix,23,67.43,1,0,8,42.8,3,Sim,0,
CUST-04434,2025-07-20,Sudeste,27,Padrão,Anual,Boleto,11,95.61,3,0,6,24.0,2,Não,0,
CUST-04435,2024-03-10,Sul,36,Padrão,Anual,Cartão,28,68.73,3,1,9,20.7,8,Não,1,2026-06-21
CUST-04436,2020-07-19,Sul,48,Básico,Mensal,Cartão,72,76.92,1,0,10,28.2,12,Sim,0,
CUST-04437,2025-02-17,Nordeste,41,Básico,Mensal,Boleto,16,74.81,3,0,9,18.1,1,Não,0,
CUST-04438,2025-05-08,Sudeste,33,Básico,Mensal,Débito automático,13,50.51,3,2,10,19.6,6,Sim,0,
CUST-04439,2024-12-28,Sudeste,32,Básico,Anual,Cartão,18,59.7,1,0,9,49.2,16,Sim,0,
CUST-04440,2025-05-07,Sudeste,47,Básico,Mensal,Cartão,13,76.05,3,0,10,41.1,31,Sim,1,2026-02-09
CUST-04441,2025-04-19,Sudeste,18,Padrão,Anual,Débito automático,14,113.46,0,3,8,31.1,2,Não,0,
CUST-04442,2025-09-07,Sudeste,49,Padrão,Mensal,Cartão,9,118.0,4,0,7,20.5,2,Não,1,2026-01-23
CUST-04443,2022-07-30,Centro-Oeste,18,Padrão,Mensal,Débito automático,47,104.24,1,0,5,44.9,12,Sim,1,2026-03-19
CUST-04444,2023-03-31,Centro-Oeste,22,Padrão,Mensal,Boleto,39,109.77,1,1,5,56.6,28,Sim,1,2026-06-07
CUST-04445,2024-11-13,Sudeste,33,Básico,Mensal,Cartão,19,78.72,2,0,6,104.0,3,Sim,0,
CUST-04446,2025-03-19,Sul,65,Premium,Bienal,Cartão,15,154.19,1,2,5,59.1,2,Não,0,
CUST-04447,2023-10-20,Sudeste,59,Básico,Anual,Débito automático,32,65.17,0,0,6,27.1,6,Não,0,
CUST-04448,2024-03-29,Sul,47,Básico,Mensal,Cartão,27,39.0,0,1,7,18.8,3,Sim,1,2026-02-11
CUST-04449,2024-04-10,Sul,43,Padrão,Mensal,Pix,27,76.88,2,2,10,32.2,12,Não,1,2026-04-20
CUST-04450,2021-11-17,Sudeste,18,Premium,Anual,Cartão,56,166.0,2,0,5,56.5,7,Não,0,
CUST-04451,2023-08-30,Centro-Oeste,41,Premium,Mensal,Pix,34,168.14,2,2,9,27.0,12,Sim,0,
CUST-04452,2020-07-28,Norte,32,Padrão,Mensal,Débito automático,72,93.58,1,0,8,13.4,15,Sim,0,
CUST-04453,2025-01-23,Nordeste,29,Padrão,Mensal,Boleto,17,90.51,3,1,8,41.6,2,Sim,0,
CUST-04454,2020-07-31,Nordeste,41,Padrão,Anual,Cartão,72,94.02,2,1,7,28.0,9,Sim,0,
CUST-04455,2023-09-29,Sul,33,Padrão,Bienal,Pix,33,101.69,0,0,10,20.3,7,Não,0,
CUST-04456,2025-07-29,Sudeste,49,Básico,Mensal,Boleto,11,39.0,2,0,5,59.9,2,Sim,0,
CUST-04457,2025-04-14,Sudeste,18,Básico,Bienal,Cartão,14,65.52,3,1,6,21.0,0,Sim,0,
CUST-04458,2023-05-31,Sul,40,Premium,Anual,Boleto,37,159.45,3,1,7,26.6,8,Não,0,
CUST-04459,2025-09-06,Sudeste,28,Premium,Bienal,Boleto,9,162.46,3,0,8,24.6,27,Sim,1,2026-01-20
CUST-04460,2024-07-13,Nordeste,34,Básico,Anual,Cartão,23,57.27,0,2,8,13.9,3,Sim,0,
CUST-04461,2020-07-20,Sudeste,43,Básico,Anual,Débito automático,72,39.64,2,2,7,30.7,9,Não,0,
CUST-04462,2026-04-19,Sudeste,26,Básico,Anual,Pix,2,43.63,4,1,8,12.9,8,Sim,0,
CUST-04463,2024-07-25,Sudeste,41,Padrão,Anual,Cartão,23,120.33,1,2,8,18.3,5,Sim,1,2026-01-17
CUST-04464,2025-04-17,Norte,36,Básico,Mensal,Cartão,14,50.0,0,2,7,20.2,9,Sim,1,2026-01-26
CUST-04465,2020-07-12,Sudeste,31,Padrão,Anual,Pix,72,110.31,4,3,10,15.8,3,Não,0,
CUST-04466,2024-08-26,Sudeste,33,Básico,Anual,Cartão,22,43.85,1,0,8,40.1,13,Sim,0,
CUST-04467,2025-05-21,Sudeste,37,Básico,Mensal,Cartão,13,58.79,3,1,7,35.6,34,Sim,1,2026-02-22
CUST-04468,2025-10-03,Nordeste,30,Básico,Mensal,Boleto,9,52.83,2,1,10,42.3,4,Não,0,
CUST-04469,2025-09-01,Norte,39,Padrão,Mensal,Boleto,10,94.98,0,1,3,14.3,14,Sim,0,
CUST-04470,2020-07-19,Sudeste,36,Básico,Mensal,Cartão,72,54.24,0,0,5,51.2,6,Não,0,
CUST-04471,2026-03-04,Centro-Oeste,32,Padrão,Mensal,Boleto,3,119.21,1,1,7,52.3,8,Sim,0,
CUST-04472,2023-09-03,Sudeste,58,Padrão,Mensal,Boleto,34,125.98,1,0,5,55.2,5,Não,0,
CUST-04473,2021-06-27,Nordeste,44,Padrão,Mensal,Pix,60,102.33,1,1,9,33.6,5,Não,0,
CUST-04474,2024-07-31,Sudeste,34,Básico,Anual,Débito automático,23,53.22,2,0,9,32.3,6,Não,0,
CUST-04475,2025-09-02,Sul,41,Padrão,Mensal,Cartão,10,80.39,2,2,10,42.1,3,Não,0,
CUST-04476,2023-09-05,Nordeste,27,Básico,Mensal,Cartão,34,39.43,2,0,6,58.7,4,Sim,1,2026-03-11
CUST-04477,2025-06-24,Sul,34,Padrão,Mensal,Cartão,12,119.29,3,0,8,32.1,22,Sim,0,
CUST-04478,2025-04-02,Sudeste,35,Padrão,Mensal,Cartão,15,78.44,4,2,10,29.0,9,Sim,0,
CUST-04479,2025-05-25,Nordeste,24,Premium,Mensal,Pix,13,152.84,2,2,7,37.0,3,Não,1,2026-03-14
CUST-04480,2025-04-19,Norte,44,Premium,Bienal,Cartão,14,161.17,0,1,9,32.3,4,Sim,0,
CUST-04481,2022-10-14,Sul,33,Padrão,Mensal,Pix,45,62.58,5,0,7,12.4,4,Sim,0,
CUST-04482,2024-09-14,Nordeste,35,Premium,Mensal,Débito automático,21,141.49,2,1,10,29.7,3,Não,0,
CUST-04483,2023-08-10,Nordeste,32,Básico,Mensal,Boleto,35,40.26,1,0,6,34.1,5,Sim,0,
CUST-04484,2023-07-22,Sudeste,75,Padrão,Anual,Boleto,35,89.68,3,2,4,39.8,3,Não,0,
CUST-04485,2024-07-07,Centro-Oeste,31,Básico,Mensal,Boleto,24,62.62,2,1,6,40.4,12,Sim,1,2026-04-22
CUST-04486,2021-05-19,Sudeste,18,Básico,Mensal,Boleto,62,73.39,0,1,7,35.9,45,Sim,0,
CUST-04487,2025-07-25,Nordeste,20,Padrão,Mensal,Pix,11,89.71,1,0,8,47.5,1,Sim,0,
CUST-04488,2024-08-31,Sudeste,48,Padrão,Mensal,Pix,22,92.54,1,1,8,74.5,32,Sim,1,2026-04-12
CUST-04489,2026-01-12,Sudeste,55,Padrão,Mensal,Cartão,5,97.33,4,0,6,31.6,6,Sim,1,2026-02-08
CUST-04490,2024-06-02,Sul,31,Premium,Bienal,Cartão,25,147.72,1,1,5,40.2,5,Sim,0,
CUST-04491,2022-12-15,Sul,54,Padrão,Bienal,Pix,43,104.85,1,0,10,62.2,3,Não,0,
CUST-04492,2025-10-29,Centro-Oeste,48,Premium,Mensal,Pix,8,165.28,1,1,7,31.4,7,Sim,0,
CUST-04493,2025-02-09,Norte,37,Premium,Mensal,Cartão,16,120.9,1,1,6,34.7,5,Sim,0,
CUST-04494,2025-05-18,Sudeste,36,Premium,Mensal,Cartão,13,167.95,1,1,8,12.0,8,Sim,0,
CUST-04495,2026-04-03,Sudeste,41,Básico,Bienal,Boleto,2,60.78,3,0,5,28.9,17,Sim,0,
CUST-04496,2025-08-30,Sudeste,50,Padrão,Bienal,Cartão,10,102.62,1,0,6,37.9,7,Sim,0,
CUST-04497,2023-05-27,Sul,44,Padrão,Mensal,Pix,37,115.51,3,0,9,36.7,1,Sim,0,
CUST-04498,2024-07-29,Sul,31,Premium,Mensal,Cartão,23,133.99,0,1,5,32.6,1,Não,1,2026-05-02
CUST-04499,2023-12-17,Centro-Oeste,37,Básico,Mensal,Cartão,30,41.42,2,0,4,27.1,11,Sim,0,
CUST-04500,2022-11-02,Nordeste,63,Básico,Anual,Boleto,44,58.02,5,0,6,37.5,2,Sim,0,
CUST-04501,2020-07-27,Sudeste,42,Básico,Mensal,Cartão,72,39.0,0,0,8,57.4,1,Sim,0,
CUST-04502,2025-08-14,Sul,49,Básico,Mensal,Cartão,10,56.04,4,0,10,27.7,32,Não,1,2026-01-09
CUST-04503,2023-08-28,Nordeste,45,Padrão,Mensal,Débito automático,34,110.84,1,2,8,12.7,13,Não,0,
CUST-04504,2025-03-08,Sul,42,Básico,Mensal,Pix,15,64.55,3,0,8,19.0,7,Sim,0,
CUST-04505,2025-07-11,Sudeste,40,Básico,Bienal,Pix,11,60.11,1,0,5,55.5,13,Sim,0,
CUST-04506,2024-11-13,Sudeste,50,Padrão,Mensal,Boleto,19,95.74,1,0,7,38.8,1,Sim,0,
CUST-04507,2023-07-05,Sudeste,48,Padrão,Mensal,Cartão,36,93.01,3,0,5,17.8,3,Não,0,
CUST-04508,2024-05-30,Sudeste,42,Básico,Anual,Pix,25,52.2,1,0,9,44.6,15,Não,0,
CUST-04509,2025-01-18,Nordeste,31,Padrão,Anual,Pix,17,102.2,0,0,7,47.8,8,Sim,0,
CUST-04510,2023-04-23,Sudeste,44,Padrão,Anual,Cartão,38,77.29,1,1,7,16.4,3,Não,0,
CUST-04511,2023-07-09,Sul,38,Premium,Anual,Cartão,36,179.48,3,0,8,42.3,7,Não,0,
CUST-04512,2025-01-28,Sul,35,Padrão,Mensal,Pix,17,88.67,1,1,6,52.0,9,Não,1,2026-01-11
CUST-04513,2023-08-16,Centro-Oeste,71,Premium,Mensal,Cartão,34,166.81,2,1,6,21.4,19,Sim,1,2026-06-02
CUST-04514,2024-06-20,Sudeste,21,Básico,Mensal,Cartão,24,60.13,0,0,5,27.1,1,Não,0,
CUST-04515,2025-05-22,Sudeste,51,Padrão,Anual,Pix,13,82.85,0,1,10,5.6,1,Não,0,
CUST-04516,2023-07-10,Sudeste,29,Padrão,Bienal,Pix,36,117.1,1,2,7,55.7,5,Sim,0,
CUST-04517,2023-06-07,Sul,41,Padrão,Mensal,Pix,37,114.14,0,0,6,50.4,11,Não,1,2026-03-25
CUST-04518,2025-09-20,Sudeste,70,Padrão,Anual,Cartão,9,77.01,1,1,9,30.0,3,Não,0,
CUST-04519,2023-08-21,Nordeste,27,Básico,Anual,Boleto,34,57.97,2,1,7,42.8,5,Sim,0,
CUST-04520,2022-08-02,Sudeste,30,Básico,Bienal,Débito automático,47,61.9,2,0,2,27.5,0,Não,0,
CUST-04521,2025-08-24,Sudeste,39,Premium,Mensal,Pix,10,130.0,3,0,10,56.3,1,Não,0,
CUST-04522,2024-03-18,Sudeste,29,Padrão,Mensal,Débito automático,27,69.31,3,0,6,17.0,13,Sim,1,2026-02-11
CUST-04523,2025-08-15,Nordeste,50,Básico,Anual,Pix,10,47.33,2,0,5,16.4,1,Sim,0,
CUST-04524,2025-07-08,Centro-Oeste,33,Padrão,Anual,Cartão,11,80.61,1,0,7,37.7,7,Não,0,
CUST-04525,2025-12-17,Nordeste,47,Padrão,Anual,Pix,6,84.39,1,1,6,34.5,2,Não,0,
CUST-04526,2022-03-24,Sul,23,Padrão,Anual,Pix,51,80.62,1,0,6,104.9,3,Não,0,
CUST-04527,2022-06-30,Nordeste,18,Básico,Mensal,Débito automático,48,57.29,2,0,7,41.1,0,Não,0,
CUST-04528,2022-05-27,Nordeste,36,Premium,Anual,Cartão,49,146.51,2,1,3,19.5,8,Não,0,
CUST-04529,2024-12-23,Sudeste,20,Padrão,Mensal,Cartão,18,114.6,4,1,9,26.0,2,Sim,0,
CUST-04530,2022-12-13,Sul,57,Padrão,Mensal,Débito automático,43,101.52,3,2,9,23.1,3,Sim,1,2026-03-01
CUST-04531,2025-07-21,Nordeste,21,Padrão,Mensal,Cartão,11,110.12,1,1,4,21.9,6,Não,1,2026-01-15
CUST-04532,2025-09-08,Sudeste,27,Padrão,Mensal,Boleto,9,75.36,2,0,8,38.1,10,Sim,0,
CUST-04533,2024-12-14,Nordeste,44,Básico,Mensal,Cartão,18,50.2,3,1,5,30.0,9,Sim,0,
CUST-04534,2022-09-02,Sul,32,Premium,Anual,Débito automático,46,160.91,4,0,6,27.0,10,Não,1,2026-05-15
CUST-04535,2024-03-12,Sul,21,Básico,Anual,Cartão,28,65.34,3,0,8,64.8,12,Sim,0,
CUST-04536,2025-01-25,Sudeste,63,Premium,Mensal,Boleto,17,149.93,1,1,9,35.6,8,Sim,0,
CUST-04537,2025-03-04,Nordeste,27,Premium,Mensal,Pix,16,151.98,2,0,8,6.4,5,Sim,1,2026-01-31
CUST-04538,2022-04-13,Centro-Oeste,37,Padrão,Mensal,Débito automático,51,93.52,3,0,4,54.4,2,Sim,1,2026-03-22
CUST-04539,2023-03-19,Sudeste,36,Padrão,Mensal,Débito automático,39,94.83,1,1,7,89.4,4,Não,0,
CUST-04540,2022-01-31,Sudeste,48,Básico,Mensal,Boleto,53,89.3,4,0,8,20.1,1,Não,1,2026-02-25
CUST-04541,2022-04-20,Sudeste,45,Padrão,Anual,Cartão,51,103.39,3,1,5,58.4,2,Sim,0,
CUST-04542,2026-01-19,Sudeste,29,Padrão,Bienal,Pix,5,99.56,0,3,5,17.9,17,Não,1,2026-04-21
CUST-04543,2022-08-03,Norte,35,Básico,Mensal,Débito automático,47,41.37,3,1,7,12.3,2,Sim,0,
CUST-04544,2023-03-23,Sul,36,Básico,Anual,Boleto,39,41.71,3,0,8,19.8,12,Não,0,
CUST-04545,2025-06-25,Sudeste,48,Premium,Anual,Débito automático,12,156.02,1,0,6,31.2,4,Não,0,
CUST-04546,2024-12-09,Sudeste,25,Básico,Mensal,Boleto,18,74.83,0,0,8,45.3,9,Sim,0,
CUST-04547,2024-09-11,Norte,63,Básico,Mensal,Cartão,21,56.21,4,0,4,22.8,0,Sim,0,
CUST-04548,2020-08-04,Sudeste,30,Básico,Mensal,Cartão,71,56.81,2,0,8,23.8,5,Sim,0,
CUST-04549,2024-05-31,Nordeste,39,Padrão,Mensal,Cartão,25,88.58,1,0,3,32.8,8,Não,1,2026-04-18
CUST-04550,2023-05-04,Sudeste,25,Padrão,Bienal,Boleto,38,74.62,1,0,8,29.5,17,Sim,0,
CUST-04551,2022-09-08,Sudeste,23,Padrão,Mensal,Pix,46,105.12,2,1,9,68.7,5,Sim,0,
CUST-04552,2025-01-10,Nordeste,29,Padrão,Mensal,Cartão,17,95.44,0,1,7,39.8,10,Sim,1,2026-05-27
CUST-04553,2022-04-20,Sudeste,27,Básico,Mensal,Boleto,51,65.24,3,1,8,30.6,6,Sim,0,
CUST-04554,2024-07-23,Nordeste,34,Padrão,Mensal,Cartão,23,101.16,1,1,8,59.6,3,Não,0,
CUST-04555,2020-07-31,Sudeste,27,Básico,Bienal,Pix,72,45.5,0,0,4,57.8,6,Sim,0,
CUST-04556,2025-07-30,Nordeste,47,Premium,Mensal,Pix,11,162.16,2,0,5,30.4,2,Não,0,
CUST-04557,2024-10-08,Nordeste,30,Básico,Anual,Pix,21,40.93,2,1,6,59.1,5,Sim,0,
CUST-04558,2022-07-19,Nordeste,28,Básico,Mensal,Cartão,48,62.05,0,0,7,51.1,8,Não,0,
CUST-04559,2025-04-07,Sudeste,34,Padrão,Mensal,Boleto,14,98.12,1,1,5,47.8,10,Não,0,
CUST-04560,2023-02-15,Nordeste,51,Básico,Mensal,Débito automático,41,80.57,4,1,5,20.0,6,Não,1,2026-04-30
CUST-04561,2024-11-10,Norte,42,Padrão,Bienal,Boleto,19,86.86,2,1,1,30.9,6,Não,0,
CUST-04562,2025-09-02,Sudeste,38,Padrão,Mensal,Débito automático,10,80.42,0,1,10,35.3,9,Não,0,
CUST-04563,2025-10-17,Sudeste,22,Premium,Anual,Cartão,8,153.22,1,1,10,28.2,8,Sim,0,
CUST-04564,2024-03-18,Nordeste,25,Básico,Mensal,Cartão,27,67.53,1,0,5,33.1,12,Sim,0,
CUST-04565,2023-09-20,Sudeste,24,Padrão,Anual,Cartão,33,59.83,1,0,4,38.8,6,Não,0,
CUST-04566,2025-08-01,Nordeste,55,Padrão,Anual,Boleto,11,111.26,1,1,10,12.4,5,Sim,0,
CUST-04567,2023-07-27,Nordeste,45,Básico,Anual,Cartão,35,56.08,2,2,3,33.2,1,Sim,0,
CUST-04568,2025-10-07,Sudeste,29,Padrão,Mensal,Débito automático,8,83.01,2,2,9,57.4,13,Não,1,2026-05-18
CUST-04569,2025-01-15,Sul,32,Premium,Mensal,Pix,17,153.85,3,3,8,60.7,7,Não,0,
CUST-04570,2024-08-01,Sul,29,Padrão,Bienal,Boleto,23,88.62,2,1,6,12.6,6,Não,0,
CUST-04571,2024-09-24,Sudeste,28,Premium,Mensal,Pix,21,141.85,1,0,10,61.4,18,Não,0,
CUST-04572,2024-04-12,Centro-Oeste,45,Padrão,Mensal,Boleto,26,71.86,6,0,6,19.0,16,Não,0,
CUST-04573,2024-09-06,Sudeste,36,Padrão,Mensal,Pix,22,109.23,0,0,9,46.2,8,Sim,0,
CUST-04574,2024-10-25,Sudeste,64,Premium,Mensal,Pix,20,151.17,2,0,7,38.1,2,Não,0,
CUST-04575,2024-10-29,Centro-Oeste,54,Básico,Mensal,Boleto,20,53.52,2,1,5,78.9,8,Não,0,
CUST-04576,2025-04-02,Sudeste,55,Padrão,Mensal,Cartão,15,110.83,4,1,10,15.7,2,Não,0,
CUST-04577,2023-08-02,Nordeste,47,Padrão,Mensal,Débito automático,35,99.78,2,0,6,108.4,9,Não,1,2026-02-20
CUST-04578,2024-11-01,Sudeste,34,Premium,Mensal,Boleto,20,137.17,4,1,6,48.5,16,Não,0,
CUST-04579,2025-04-18,Sul,46,Premium,Anual,Boleto,14,168.42,1,2,9,40.0,5,Sim,0,
CUST-04580,2023-09-08,Sudeste,35,Básico,Bienal,Cartão,34,79.77,0,0,10,22.7,1,Sim,0,
CUST-04581,2024-01-02,Nordeste,59,Padrão,Anual,Cartão,30,106.04,0,1,4,22.6,16,Sim,0,
CUST-04582,2025-07-31,Nordeste,44,Básico,Mensal,Cartão,11,46.89,3,0,10,59.0,2,Sim,0,
CUST-04583,2021-10-10,Centro-Oeste,42,Padrão,Anual,Boleto,57,78.38,2,0,7,39.7,6,Sim,0,
CUST-04584,2024-12-14,Norte,41,Padrão,Mensal,Cartão,18,86.38,4,1,7,12.8,5,Não,1,2026-04-21
CUST-04585,2024-12-17,Nordeste,60,Básico,Anual,Débito automático,18,60.44,1,0,7,31.8,8,Sim,0,
CUST-04586,2024-08-05,Nordeste,22,Premium,Mensal,Débito automático,23,178.97,0,1,7,62.2,25,Sim,0,
CUST-04587,2023-12-28,Sul,61,Padrão,Mensal,Cartão,30,88.37,2,1,4,14.9,6,Sim,0,
CUST-04588,2024-06-26,Centro-Oeste,37,Padrão,Anual,Boleto,24,89.92,2,0,8,45.6,13,Não,0,
CUST-04589,2025-05-26,Nordeste,22,Premium,Mensal,Cartão,13,173.3,4,1,8,43.2,3,Não,1,2026-04-20
CUST-04590,2026-01-07,Centro-Oeste,30,Padrão,Anual,Pix,5,92.92,3,2,6,55.6,9,Sim,0,
CUST-04591,2021-11-05,Sudeste,19,Padrão,Anual,Cartão,56,123.0,3,0,8,35.0,1,Sim,0,
CUST-04592,2025-07-17,Sul,47,Básico,Mensal,Boleto,11,56.93,1,0,7,23.3,10,Sim,0,
CUST-04593,2023-11-03,Nordeste,27,Básico,Mensal,Débito automático,32,75.35,3,1,7,54.1,6,Não,1,2026-05-07
CUST-04594,2024-06-18,Sudeste,41,Básico,Anual,Cartão,24,64.36,1,2,8,34.1,15,Sim,0,
CUST-04595,2026-02-07,Sudeste,53,Básico,Anual,Cartão,4,68.9,4,2,7,22.1,4,Não,0,
CUST-04596,2025-04-03,Norte,31,Básico,Anual,Pix,15,56.52,0,2,5,37.2,1,Sim,0,
CUST-04597,2021-03-07,Sul,36,Padrão,Mensal,Pix,64,97.44,2,0,9,64.1,4,Sim,0,
CUST-04598,2025-12-08,Sudeste,23,Padrão,Anual,Cartão,6,104.86,3,0,5,9.9,4,Não,0,
CUST-04599,2024-11-25,Sudeste,34,Básico,Mensal,Boleto,19,70.17,1,2,9,29.5,12,Sim,1,2026-02-05
CUST-04600,2023-12-26,Sudeste,70,Padrão,Mensal,Débito automático,30,106.36,0,0,6,35.8,8,Não,1,2026-05-20
CUST-04601,2025-06-08,Nordeste,48,Premium,Anual,Pix,12,134.26,1,1,9,49.9,4,Não,0,
CUST-04602,2024-05-11,Centro-Oeste,36,Básico,Mensal,Débito automático,26,62.61,0,1,10,26.5,5,Não,0,
CUST-04603,2023-08-27,Norte,32,Padrão,Mensal,Boleto,34,89.81,0,1,7,55.1,9,Sim,0,
CUST-04604,2023-11-19,Nordeste,38,Básico,Mensal,Pix,31,51.36,1,1,9,25.3,4,Sim,0,
CUST-04605,2024-05-04,Nordeste,41,Padrão,Anual,Boleto,26,105.41,2,1,8,24.9,9,Sim,0,
CUST-04606,2024-09-19,Sudeste,34,Padrão,Bienal,Pix,21,122.77,0,3,7,27.9,2,Não,1,2026-01-19
CUST-04607,2025-06-19,Centro-Oeste,45,Básico,Bienal,Pix,12,55.75,1,2,8,46.7,9,Sim,0,
CUST-04608,2023-10-14,Sudeste,28,Básico,Mensal,Cartão,33,86.62,0,1,7,26.6,6,Não,0,
CUST-04609,2024-07-09,Sudeste,27,Premium,Mensal,Boleto,24,143.64,2,1,10,26.8,2,Não,0,
CUST-04610,2020-09-06,Norte,43,Básico,Anual,Cartão,70,76.24,3,0,7,17.8,4,Sim,0,
CUST-04611,2023-04-04,Centro-Oeste,25,Padrão,Mensal,Cartão,39,105.03,2,1,6,21.9,3,Sim,0,
CUST-04612,2025-01-07,Sudeste,48,Padrão,Mensal,Pix,17,101.92,2,1,6,39.8,13,Sim,0,
CUST-04613,2024-02-17,Nordeste,39,Básico,Mensal,Pix,28,78.36,0,0,9,40.5,12,Sim,0,
CUST-04614,2025-09-14,Sul,18,Padrão,Anual,Cartão,9,90.09,4,0,5,32.5,3,Sim,0,
CUST-04615,2026-01-19,Sudeste,40,Padrão,Anual,Cartão,5,116.89,1,0,10,32.8,4,Sim,0,
CUST-04616,2025-02-10,Sudeste,19,Básico,Mensal,Débito automático,16,56.08,3,1,10,20.5,12,Sim,0,
CUST-04617,2025-10-27,Sudeste,47,Premium,Mensal,Pix,8,150.01,2,1,5,45.7,5,Sim,0,
CUST-04618,2023-06-21,Sul,36,Padrão,Anual,Pix,36,80.43,0,0,9,29.3,7,Não,1,2026-03-30
CUST-04619,2021-01-14,Sul,61,Padrão,Anual,Débito automático,66,121.19,0,0,5,39.2,5,Sim,0,
CUST-04620,2022-07-22,Sul,52,Básico,Mensal,Boleto,47,74.98,3,0,5,58.9,4,Não,1,2026-05-20
CUST-04621,2024-12-18,Sudeste,26,Básico,Mensal,Cartão,18,52.31,2,0,6,44.8,16,Sim,0,
CUST-04622,2023-05-10,Norte,18,Padrão,Bienal,Pix,38,106.64,0,1,6,37.6,0,Sim,0,
CUST-04623,2025-02-19,Nordeste,30,Padrão,Anual,Cartão,16,100.77,2,0,9,33.6,31,Sim,0,
CUST-04624,2022-04-08,Centro-Oeste,24,Básico,Anual,Pix,51,54.06,4,1,8,26.2,5,Sim,0,
CUST-04625,2023-09-04,Sudeste,61,Padrão,Anual,Boleto,34,112.51,2,0,8,26.1,6,Não,0,
CUST-04626,2024-07-29,Nordeste,39,Padrão,Bienal,Cartão,23,90.24,1,0,7,23.6,5,Não,0,
CUST-04627,2024-08-22,Centro-Oeste,50,Básico,Mensal,Pix,22,39.0,2,1,6,55.2,3,Sim,0,
CUST-04628,2023-08-25,Sudeste,36,Padrão,Mensal,Cartão,34,102.64,2,0,6,21.0,6,Sim,0,
CUST-04629,2024-09-03,Sudeste,37,Padrão,Mensal,Pix,22,99.93,1,0,9,27.6,14,Não,0,
CUST-04630,2022-09-30,Sudeste,39,Padrão,Anual,Cartão,45,90.69,2,1,6,34.4,5,Não,0,
CUST-04631,2024-12-28,Sudeste,52,Padrão,Mensal,Boleto,18,86.51,2,0,10,75.0,6,Sim,0,
CUST-04632,2024-09-25,Sul,43,Padrão,Mensal,Pix,21,77.17,2,1,6,17.2,7,Não,1,2026-05-20
CUST-04633,2024-09-05,Sudeste,26,Premium,Mensal,Cartão,22,153.92,1,1,7,18.0,17,Não,1,2026-01-26
CUST-04634,2024-10-11,Sudeste,58,Padrão,Anual,Boleto,20,86.75,5,1,8,54.0,5,Não,0,
CUST-04635,2025-05-10,Nordeste,35,Básico,Anual,Cartão,13,72.5,0,0,10,42.4,19,Sim,0,
CUST-04636,2025-01-09,Sudeste,34,Padrão,Mensal,Pix,17,106.23,2,0,9,37.4,5,Sim,0,
CUST-04637,2024-07-27,Sudeste,18,Premium,Mensal,Pix,23,152.22,0,0,8,48.4,9,Sim,0,
CUST-04638,2024-09-05,Nordeste,47,Premium,Anual,Cartão,22,166.32,1,0,7,21.2,16,Sim,0,
CUST-04639,2021-07-17,Sudeste,40,Básico,Mensal,Cartão,60,57.5,2,1,5,48.7,11,Sim,0,
CUST-04640,2023-12-30,Sudeste,40,Básico,Anual,Cartão,30,55.23,0,0,7,42.2,1,Sim,0,
CUST-04641,2022-03-20,Sudeste,34,Básico,Mensal,Boleto,52,58.23,2,1,10,27.9,14,Não,1,2026-04-26
CUST-04642,2025-12-02,Sudeste,32,Premium,Bienal,Boleto,7,183.8,3,0,5,33.8,7,Sim,1,2026-02-03
CUST-04643,2022-12-24,Sul,35,Premium,Mensal,Cartão,42,168.02,0,3,6,20.7,9,Sim,0,
CUST-04644,2023-12-26,Sudeste,45,Padrão,Anual,Cartão,30,94.82,1,0,4,47.0,19,Sim,0,
CUST-04645,2024-08-30,Sudeste,47,Básico,Mensal,Débito automático,22,71.51,0,0,6,17.8,4,Não,0,
CUST-04646,2025-06-10,Norte,36,Premium,Mensal,Cartão,12,171.01,1,0,5,18.6,18,Não,1,2026-04-09
CUST-04647,2023-07-05,Centro-Oeste,50,Básico,Anual,Cartão,36,62.64,1,1,5,26.8,4,Sim,0,
CUST-04648,2023-09-26,Sudeste,38,Padrão,Mensal,Boleto,33,94.4,1,0,8,9.6,2,Não,1,2026-03-05
CUST-04649,2023-05-18,Sudeste,33,Básico,Anual,Cartão,37,53.48,2,0,9,34.7,6,Sim,0,
CUST-04650,2025-01-27,Sul,41,Padrão,Mensal,Débito automático,17,83.95,1,0,8,38.7,2,Não,1,2026-03-31
CUST-04651,2022-10-03,Centro-Oeste,23,Padrão,Mensal,Cartão,45,101.53,3,0,5,58.7,3,Sim,0,
CUST-04652,2023-08-18,Nordeste,42,Básico,Anual,Débito automático,34,50.46,2,0,4,29.5,5,Sim,1,2026-05-02
CUST-04653,2025-01-05,Sudeste,20,Básico,Mensal,Pix,18,52.89,1,0,3,36.3,16,Não,0,
CUST-04654,2021-09-29,Sudeste,27,Padrão,Bienal,Cartão,57,107.74,0,0,5,33.6,10,Sim,0,
CUST-04655,2024-04-03,Sudeste,18,Básico,Mensal,Pix,27,82.62,1,1,5,51.6,2,Sim,0,
CUST-04656,2025-12-06,Centro-Oeste,37,Padrão,Mensal,Débito automático,6,104.24,0,1,6,71.9,25,Sim,0,
CUST-04657,2024-12-19,Centro-Oeste,58,Básico,Anual,Pix,18,57.53,1,0,8,37.0,18,Sim,0,
CUST-04658,2022-09-27,Sudeste,38,Básico,Mensal,Cartão,45,58.74,1,1,6,29.3,1,Sim,1,2026-04-18
CUST-04659,2025-01-01,Sul,47,Básico,Mensal,Débito automático,18,74.93,3,1,10,37.8,0,Sim,1,2026-05-01
CUST-04660,2024-07-08,Sudeste,67,Padrão,Mensal,Cartão,24,104.43,2,1,10,33.3,11,Sim,0,
CUST-04661,2022-09-04,Nordeste,44,Padrão,Mensal,Cartão,46,101.71,1,0,7,18.2,20,Sim,0,
CUST-04662,2024-12-20,Centro-Oeste,30,Básico,Anual,Cartão,18,62.7,2,0,3,26.5,9,Não,1,2026-01-10
CUST-04663,2023-04-11,Sul,31,Premium,Mensal,Boleto,39,139.0,3,2,6,41.5,8,Sim,0,
CUST-04664,2025-09-17,Sudeste,39,Básico,Mensal,Cartão,9,64.47,1,1,7,49.7,3,Não,1,2026-05-25
CUST-04665,2024-02-01,Sul,31,Padrão,Mensal,Cartão,29,86.75,3,3,9,78.8,11,Sim,1,2026-03-13
CUST-04666,2024-02-14,Sudeste,32,Básico,Mensal,Débito automático,28,64.52,1,1,4,15.2,6,Sim,1,2026-03-24
CUST-04667,2023-12-01,Nordeste,51,Premium,Mensal,Pix,31,148.71,0,1,4,41.5,2,Sim,1,2026-03-22
CUST-04668,2023-09-20,Sudeste,51,Básico,Mensal,Cartão,33,67.28,1,0,8,16.3,3,Sim,0,
CUST-04669,2024-06-06,Centro-Oeste,19,Padrão,Anual,Pix,25,96.86,2,0,6,67.2,15,Sim,1,2026-05-08
CUST-04670,2024-08-02,Sudeste,29,Padrão,Anual,Cartão,23,82.96,1,0,6,10.5,1,Não,0,
CUST-04671,2024-06-18,Sudeste,33,Padrão,Mensal,Pix,24,94.93,1,0,5,31.7,2,Não,0,
CUST-04672,2021-12-01,Sudeste,46,Padrão,Mensal,Cartão,55,129.88,2,0,6,45.9,29,Sim,0,
CUST-04673,2024-04-21,Sudeste,53,Básico,Mensal,Boleto,26,39.0,2,0,8,13.1,1,Sim,0,
CUST-04674,2020-07-20,Sudeste,71,Padrão,Mensal,Boleto,72,101.33,1,0,2,39.7,21,Sim,0,
CUST-04675,2023-09-15,Nordeste,33,Premium,Mensal,Pix,33,144.85,1,0,7,59.7,1,Não,0,
CUST-04676,2024-04-30,Sudeste,34,Premium,Bienal,Cartão,26,178.28,3,1,9,53.3,5,Não,0,
CUST-04677,2025-08-31,Sudeste,46,Padrão,Anual,Pix,10,110.43,1,0,8,36.5,1,Não,0,
CUST-04678,2023-02-19,Sudeste,31,Padrão,Mensal,Boleto,40,101.6,2,1,10,22.0,2,Sim,1,2026-04-30
CUST-04679,2024-10-22,Sudeste,37,Padrão,Mensal,Boleto,20,111.84,0,0,6,43.6,4,Não,1,2026-06-22
CUST-04680,2022-11-16,Centro-Oeste,34,Padrão,Anual,Boleto,44,102.42,2,0,7,39.1,3,Não,0,
CUST-04681,2025-05-04,Norte,18,Premium,Bienal,Débito automático,14,159.09,0,1,10,58.0,9,Não,0,
CUST-04682,2024-07-05,Sudeste,40,Premium,Mensal,Boleto,24,150.62,1,0,7,21.9,4,Não,0,
CUST-04683,2024-10-16,Nordeste,37,Padrão,Anual,Débito automático,20,93.95,0,2,10,40.8,1,Sim,0,
CUST-04684,2023-05-05,Nordeste,54,Padrão,Mensal,Boleto,38,92.5,3,0,9,46.1,7,Sim,0,
CUST-04685,2021-09-18,Norte,39,Padrão,Anual,Cartão,58,99.14,1,0,7,13.0,1,Sim,0,
CUST-04686,2024-06-27,Sudeste,24,Básico,Mensal,Pix,24,39.0,1,0,7,26.8,5,Não,1,2026-01-05
CUST-04687,2024-11-19,Sudeste,36,Premium,Anual,Cartão,19,173.42,3,0,7,45.0,12,Sim,0,
CUST-04688,2025-07-08,Sul,18,Padrão,Mensal,Cartão,11,126.26,1,1,7,24.0,2,Sim,1,2026-01-26
CUST-04689,2025-01-12,Centro-Oeste,24,Básico,Mensal,Cartão,17,52.95,5,0,5,59.1,6,Sim,0,
CUST-04690,2021-08-07,Nordeste,47,Padrão,Anual,Pix,59,115.45,1,0,9,61.4,8,Não,0,
CUST-04691,2024-07-07,Sul,36,Básico,Anual,Boleto,24,57.12,0,1,10,30.9,3,Sim,0,
CUST-04692,2023-10-27,Sudeste,50,Básico,Anual,Pix,32,50.57,0,0,3,10.5,10,Sim,0,
CUST-04693,2025-10-08,Nordeste,18,Padrão,Mensal,Cartão,8,93.66,0,0,10,31.4,9,Não,1,2026-02-27
CUST-04694,2025-10-12,Centro-Oeste,36,Padrão,Anual,Débito automático,8,100.2,0,2,8,27.8,1,Sim,0,
CUST-04695,2025-11-21,Sudeste,33,Padrão,Mensal,Pix,7,88.9,1,2,9,73.0,2,Não,1,2026-06-20
CUST-04696,2022-05-21,Nordeste,50,Básico,Anual,Cartão,50,67.49,3,1,6,24.3,1,Não,1,2026-06-07
CUST-04697,2024-06-11,Sudeste,47,Padrão,Mensal,Cartão,24,91.73,0,2,7,29.0,11,Não,1,2026-06-11
CUST-04698,2025-04-21,Sul,47,Básico,Mensal,Cartão,14,43.97,3,0,10,30.0,3,Sim,0,
CUST-04699,2023-02-11,Sul,57,Premium,Mensal,Débito automático,41,158.72,4,0,7,30.3,14,Sim,0,
CUST-04700,2024-10-18,Nordeste,35,Básico,Bienal,Cartão,20,49.28,2,1,9,19.6,6,Não,0,
CUST-04701,2022-10-30,Norte,55,Premium,Anual,Débito automático,44,154.42,2,1,6,13.1,3,Não,1,2026-03-21
CUST-04702,2024-06-15,Sul,26,Básico,Mensal,Cartão,24,58.24,0,1,7,24.9,2,Sim,0,
CUST-04703,2022-11-14,Sudeste,26,Básico,Anual,Boleto,44,40.24,3,2,8,38.0,7,Não,1,2026-01-12
CUST-04704,2025-06-05,Sudeste,48,Padrão,Mensal,Cartão,13,119.42,3,0,8,53.1,8,Sim,0,
CUST-04705,2023-10-22,Sudeste,21,Padrão,Mensal,Pix,32,110.38,2,0,9,28.9,3,Não,0,
CUST-04706,2023-06-09,Sudeste,46,Premium,Mensal,Pix,37,150.18,1,0,6,31.9,14,Sim,0,
CUST-04707,2025-11-16,Sudeste,40,Padrão,Anual,Cartão,7,98.73,2,0,7,23.2,28,Sim,0,
CUST-04708,2024-07-04,Sudeste,52,Básico,Bienal,Débito automático,24,67.9,2,3,9,40.9,2,Sim,0,
CUST-04709,2025-08-25,Sudeste,38,Básico,Bienal,Boleto,10,61.92,4,1,10,38.4,5,Não,0,
CUST-04710,2025-10-08,Sudeste,40,Padrão,Mensal,Cartão,8,125.32,2,0,5,58.9,2,Não,1,2026-02-27
CUST-04711,2024-10-08,Nordeste,45,Padrão,Mensal,Boleto,21,95.66,2,0,10,11.9,11,Não,1,2026-04-28
CUST-04712,2023-11-02,Sudeste,31,Premium,Anual,Cartão,32,175.65,4,0,5,37.3,7,Não,0,
CUST-04713,2025-04-26,Nordeste,31,Padrão,Mensal,Débito automático,14,80.32,1,0,8,49.1,2,Sim,0,
CUST-04714,2024-09-10,Centro-Oeste,45,Padrão,Anual,Pix,21,82.47,0,0,8,30.2,5,Não,0,
CUST-04715,2025-02-10,Sul,39,Premium,Bienal,Cartão,16,182.58,3,1,6,16.2,8,Sim,0,
CUST-04716,2022-12-26,Sudeste,34,Básico,Mensal,Cartão,42,52.95,1,0,7,27.1,9,Não,0,
CUST-04717,2022-03-12,Sudeste,38,Padrão,Mensal,Cartão,52,82.66,4,0,3,80.1,8,Sim,1,2026-06-22
CUST-04718,2020-07-06,Sul,58,Premium,Anual,Débito automático,72,158.33,2,1,9,52.3,3,Não,0,
CUST-04719,2022-07-15,Sul,34,Padrão,Anual,Cartão,48,116.7,2,1,7,36.5,0,Não,0,
CUST-04720,2023-08-20,Sudeste,33,Padrão,Bienal,Cartão,34,88.31,0,1,7,32.5,9,Não,0,
CUST-04721,2022-12-30,Sul,19,Premium,Anual,Boleto,42,158.42,3,2,6,22.4,1,Não,1,2026-03-28
CUST-04722,2025-03-03,Sul,38,Básico,Mensal,Cartão,16,39.0,6,0,9,36.7,4,Não,0,
CUST-04723,2024-11-02,Sudeste,47,Premium,Anual,Cartão,20,152.44,2,0,7,60.1,5,Sim,0,
CUST-04724,2024-03-11,Nordeste,49,Padrão,Anual,Boleto,28,112.96,0,0,5,33.9,12,Sim,0,
CUST-04725,2025-11-04,Sudeste,40,Padrão,Bienal,Cartão,7,88.02,2,1,7,60.2,8,Sim,0,
CUST-04726,2025-03-20,Sudeste,50,Básico,Mensal,Boleto,15,41.19,1,0,5,90.2,11,Não,0,
CUST-04727,2020-07-28,Nordeste,48,Padrão,Mensal,Pix,72,88.13,3,0,7,25.2,12,Não,0,
CUST-04728,2024-11-05,Sudeste,52,Básico,Mensal,Cartão,20,50.46,0,1,9,25.6,4,Sim,0,
CUST-04729,2025-12-28,Sul,51,Básico,Mensal,Pix,6,69.71,3,0,8,20.4,23,Não,1,2026-05-21
CUST-04730,2025-01-19,Sudeste,58,Padrão,Bienal,Cartão,17,104.32,2,0,8,26.3,1,Não,0,
CUST-04731,2024-04-11,Sudeste,37,Básico,Bienal,Pix,27,67.02,2,0,9,25.1,11,Não,0,
CUST-04732,2023-10-07,Centro-Oeste,23,Padrão,Mensal,Pix,33,99.4,0,0,5,26.6,6,Não,0,
CUST-04733,2024-06-12,Sudeste,47,Básico,Bienal,Boleto,24,50.32,3,2,6,13.6,6,Não,0,
CUST-04734,2023-11-15,Sudeste,48,Básico,Mensal,Pix,31,48.13,3,0,3,28.8,6,Não,1,2026-05-10
CUST-04735,2025-03-13,Centro-Oeste,58,Básico,Anual,Boleto,15,65.05,1,0,6,60.1,5,Não,0,
CUST-04736,2022-02-08,Nordeste,54,Padrão,Anual,Cartão,53,121.25,1,0,6,41.2,6,Sim,0,
CUST-04737,2022-09-08,Nordeste,62,Básico,Anual,Débito automático,46,45.83,3,1,8,28.2,5,Sim,0,
CUST-04738,2026-01-13,Sudeste,46,Básico,Anual,Cartão,5,44.75,2,0,8,42.5,2,Não,1,2026-04-07
CUST-04739,2025-08-01,Sudeste,42,Padrão,Anual,Boleto,11,83.1,2,0,10,46.2,7,Não,0,
CUST-04740,2023-01-30,Nordeste,22,Padrão,Anual,Pix,41,110.64,2,0,6,28.0,4,Sim,1,2026-01-11
CUST-04741,2024-01-09,Sudeste,43,Padrão,Mensal,Cartão,30,98.41,0,0,8,44.7,13,Sim,0,
CUST-04742,2024-01-15,Sudeste,32,Básico,Anual,Pix,29,66.78,1,1,9,6.9,16,Não,0,
CUST-04743,2024-05-05,Nordeste,42,Premium,Mensal,Débito automático,26,151.89,2,0,10,68.1,10,Sim,0,
CUST-04744,2022-06-27,Sudeste,40,Padrão,Mensal,Boleto,48,107.66,1,0,8,37.7,14,Sim,0,
CUST-04745,2024-02-09,Sudeste,45,Padrão,Anual,Boleto,29,94.97,0,1,7,48.7,14,Não,0,
CUST-04746,2023-09-21,Sudeste,38,Básico,Anual,Pix,33,39.0,3,0,7,50.4,6,Não,0,
CUST-04747,2024-03-14,Sul,50,Básico,Bienal,Pix,27,71.92,3,2,8,106.4,7,Sim,0,
CUST-04748,2025-06-26,Nordeste,18,Padrão,Mensal,Cartão,12,98.49,0,2,10,91.6,2,Não,0,
CUST-04749,2022-12-13,Centro-Oeste,41,Básico,Mensal,Boleto,43,54.66,2,1,6,28.6,6,Sim,1,2026-03-05
CUST-04750,2024-11-27,Sudeste,53,Padrão,Mensal,Cartão,19,102.94,2,0,6,42.0,18,Não,1,2026-04-27
CUST-04751,2024-11-22,Sudeste,61,Básico,Anual,Boleto,19,39.0,2,1,10,54.3,14,Sim,0,
CUST-04752,2024-08-28,Sul,48,Básico,Bienal,Boleto,22,65.03,2,0,5,45.2,11,Sim,0,
CUST-04753,2025-09-29,Sudeste,59,Básico,Anual,Pix,9,50.66,3,1,9,16.8,7,Sim,0,
CUST-04754,2020-07-20,Sul,41,Básico,Mensal,Boleto,72,56.81,2,0,8,34.9,9,Sim,1,2026-01-26
CUST-04755,2023-01-24,Centro-Oeste,39,Padrão,Anual,Cartão,41,114.95,0,1,8,66.5,22,Não,0,
CUST-04756,2025-06-09,Sul,45,Básico,Mensal,Cartão,12,67.99,1,0,5,28.5,13,Não,0,
CUST-04757,2021-05-30,Sudeste,39,Padrão,Bienal,Cartão,61,96.53,4,1,10,33.7,3,Sim,0,
CUST-04758,2025-01-22,Norte,30,Básico,Mensal,Cartão,17,57.58,2,0,7,27.5,3,Não,0,
CUST-04759,2024-11-24,Sudeste,33,Padrão,Mensal,Cartão,19,63.15,0,0,6,41.3,3,Sim,0,
CUST-04760,2025-01-17,Norte,26,Premium,Anual,Boleto,17,147.49,0,1,4,46.0,7,Sim,0,
CUST-04761,2022-01-06,Sul,45,Premium,Anual,Boleto,54,161.34,2,1,3,17.8,8,Sim,0,
CUST-04762,2022-06-15,Sul,39,Padrão,Mensal,Pix,49,88.3,2,2,9,40.8,1,Sim,0,
CUST-04763,2024-08-11,Centro-Oeste,35,Padrão,Mensal,Débito automático,22,80.43,2,1,5,20.6,1,Não,0,
CUST-04764,2024-06-11,Sul,32,Padrão,Anual,Débito automático,24,105.72,2,1,7,15.7,6,Sim,0,
CUST-04765,2023-03-01,Sul,45,Premium,Bienal,Cartão,40,177.29,0,4,6,57.3,6,Sim,0,
CUST-04766,2023-03-20,Sudeste,48,Padrão,Anual,Pix,39,88.9,3,2,8,48.9,10,Sim,0,
CUST-04767,2024-07-02,Nordeste,25,Básico,Mensal,Débito automático,24,71.25,0,0,8,25.5,14,Não,0,
CUST-04768,2024-05-23,Sul,24,Padrão,Anual,Cartão,25,109.15,0,0,9,55.6,2,Não,0,
CUST-04769,2023-01-23,Sudeste,50,Básico,Mensal,Pix,41,45.32,2,1,9,12.9,6,Sim,0,
CUST-04770,2025-11-05,Nordeste,22,Padrão,Mensal,Débito automático,7,88.81,0,2,6,21.1,3,Sim,0,
CUST-04771,2023-10-27,Nordeste,46,Básico,Mensal,Boleto,32,84.24,2,0,4,23.6,12,Não,1,2026-06-05
CUST-04772,2023-11-18,Sudeste,58,Básico,Mensal,Boleto,31,43.36,1,0,7,37.2,3,Não,0,
CUST-04773,2021-12-07,Sudeste,58,Padrão,Mensal,Débito automático,55,90.47,1,0,8,85.8,6,Sim,0,
CUST-04774,2023-09-12,Sul,48,Padrão,Mensal,Cartão,34,126.52,1,0,7,16.9,2,Sim,0,
CUST-04775,2023-06-25,Sudeste,48,Padrão,Mensal,Boleto,36,91.04,1,1,3,20.4,6,Sim,0,
CUST-04776,2025-03-08,Sudeste,66,Premium,Anual,Boleto,15,177.94,3,2,7,50.0,4,Sim,0,
CUST-04777,2025-02-20,Sul,18,Premium,Mensal,Cartão,16,144.69,0,0,5,32.9,20,Não,1,2026-04-14
CUST-04778,2023-12-04,Sudeste,33,Padrão,Mensal,Cartão,31,100.94,1,1,7,45.4,1,Sim,0,
CUST-04779,2026-03-02,Sudeste,49,Premium,Mensal,Cartão,4,174.2,1,2,9,38.7,4,Sim,1,2026-06-14
CUST-04780,2024-11-01,Nordeste,35,Básico,Anual,Boleto,20,52.46,1,2,2,42.7,4,Sim,1,2026-05-01
CUST-04781,2025-08-22,Sudeste,54,Básico,Anual,Boleto,10,60.4,1,0,10,11.1,4,Sim,0,
CUST-04782,2025-01-07,Norte,39,Premium,Mensal,Débito automático,17,169.42,1,0,5,31.9,3,Sim,1,2026-03-22
CUST-04783,2026-01-20,Centro-Oeste,41,Padrão,Anual,Cartão,5,86.37,1,0,9,62.4,6,Não,0,
CUST-04784,2025-08-01,Sul,36,Premium,Anual,Boleto,11,190.36,3,0,9,85.2,6,Não,0,
CUST-04785,2022-03-27,Norte,33,Básico,Anual,Cartão,51,73.53,4,1,6,42.9,2,Não,0,
CUST-04786,2025-08-15,Centro-Oeste,32,Básico,Mensal,Débito automático,10,54.0,1,0,8,83.4,12,Sim,0,
CUST-04787,2025-05-14,Sudeste,42,Básico,Mensal,Pix,13,55.71,2,0,6,41.0,10,Sim,1,2026-03-23
CUST-04788,2024-12-10,Nordeste,30,Padrão,Mensal,Boleto,18,125.76,0,0,3,40.8,14,Sim,0,
CUST-04789,2023-06-18,Sudeste,50,Premium,Mensal,Cartão,36,154.03,0,0,9,42.7,5,Sim,0,
CUST-04790,2024-08-10,Nordeste,47,Padrão,Mensal,Cartão,22,92.39,0,0,6,23.3,0,Sim,1,2026-02-17
CUST-04791,2025-11-10,Sul,52,Básico,Bienal,Cartão,7,75.05,4,0,10,24.5,11,Sim,0,
CUST-04792,2026-01-05,Sudeste,25,Básico,Mensal,Boleto,5,39.39,3,1,9,21.3,7,Não,0,
CUST-04793,2024-10-23,Sudeste,19,Básico,Mensal,Cartão,20,57.9,2,0,5,22.5,7,Não,0,
CUST-04794,2024-08-12,Norte,39,Padrão,Bienal,Boleto,22,100.18,1,1,8,16.7,19,Sim,0,
CUST-04795,2022-11-19,Sudeste,74,Padrão,Anual,Cartão,43,89.15,1,1,8,60.3,8,Não,0,
CUST-04796,2025-07-21,Sudeste,54,Básico,Mensal,Pix,11,39.0,2,1,10,39.3,2,Sim,0,
CUST-04797,2021-08-17,Sudeste,32,Padrão,Bienal,Cartão,59,99.97,0,0,6,23.0,7,Sim,1,2026-06-09
CUST-04798,2025-11-04,Sul,44,Padrão,Mensal,Cartão,7,108.63,1,1,7,30.5,6,Não,0,
CUST-04799,2025-11-08,Centro-Oeste,48,Básico,Mensal,Pix,7,49.49,1,0,8,37.7,25,Não,0,
CUST-04800,2024-12-02,Nordeste,23,Padrão,Mensal,Pix,19,82.48,2,0,7,62.3,10,Sim,0,
CUST-04801,2023-01-11,Sul,55,Padrão,Mensal,Pix,42,116.59,3,0,4,17.2,5,Sim,0,
CUST-04802,2024-02-04,Sudeste,37,Padrão,Anual,Pix,29,106.39,1,1,9,45.5,19,Sim,0,
CUST-04803,2025-07-12,Sudeste,38,Básico,Mensal,Cartão,11,53.93,1,1,10,31.7,28,Sim,0,
CUST-04804,2020-07-25,Sul,39,Básico,Anual,Pix,72,71.89,0,0,7,20.5,4,Não,0,
CUST-04805,2024-03-02,Nordeste,53,Padrão,Mensal,Boleto,28,102.38,2,0,4,31.8,1,Sim,0,
CUST-04806,2024-01-22,Nordeste,30,Básico,Bienal,Cartão,29,84.05,1,0,7,49.6,4,Não,0,
CUST-04807,2023-03-10,Sudeste,19,Padrão,Mensal,Pix,40,108.3,1,2,5,49.6,2,Não,0,
CUST-04808,2024-01-11,Sul,43,Padrão,Bienal,Cartão,30,79.54,4,0,7,20.9,6,Não,1,2026-02-11
CUST-04809,2025-01-11,Sul,18,Padrão,Mensal,Cartão,17,89.78,1,1,7,33.7,7,Sim,0,
CUST-04810,2021-03-22,Sul,35,Padrão,Anual,Cartão,64,90.45,1,0,8,33.7,3,Não,0,
CUST-04811,2021-11-26,Sul,53,Padrão,Anual,Pix,55,103.33,2,1,10,16.3,12,Sim,0,
CUST-04812,2020-08-17,Nordeste,46,Básico,Anual,Cartão,71,54.75,2,0,8,27.6,17,Não,1,2026-05-11
CUST-04813,2024-11-25,Sul,52,Básico,Mensal,Débito automático,19,43.22,0,0,5,30.4,21,Sim,0,
CUST-04814,2021-05-17,Norte,46,Padrão,Anual,Boleto,62,107.25,1,1,9,76.5,16,Sim,1,2026-01-03
CUST-04815,2025-09-03,Sudeste,68,Padrão,Anual,Cartão,10,113.0,0,0,6,44.0,10,Sim,0,
CUST-04816,2024-06-10,Sudeste,32,Padrão,Mensal,Pix,25,97.56,3,1,7,34.7,5,Sim,0,
CUST-04817,2023-03-31,Sudeste,44,Padrão,Anual,Cartão,39,101.93,1,0,7,45.3,5,Não,0,
CUST-04818,2025-09-27,Sul,34,Padrão,Bienal,Cartão,9,85.45,1,0,7,27.6,3,Não,0,
CUST-04819,2020-11-19,Sul,50,Básico,Bienal,Débito automático,68,51.68,2,0,9,42.2,1,Sim,0,
CUST-04820,2025-02-04,Sul,38,Básico,Mensal,Pix,17,52.26,1,2,8,18.6,26,Não,1,2026-03-26
CUST-04821,2021-10-04,Nordeste,60,Premium,Mensal,Cartão,57,166.82,0,0,5,24.2,19,Não,0,
CUST-04822,2025-09-27,Sudeste,33,Básico,Mensal,Débito automático,9,62.58,2,0,4,26.2,8,Não,1,2026-05-04
CUST-04823,2024-07-10,Nordeste,56,Premium,Anual,Débito automático,24,154.38,0,0,8,11.3,4,Sim,0,
CUST-04824,2025-03-22,Nordeste,46,Básico,Bienal,Pix,15,53.83,4,1,8,52.2,2,Não,0,
CUST-04825,2025-03-29,Sudeste,39,Padrão,Mensal,Boleto,15,71.45,3,0,10,51.8,10,Sim,0,
CUST-04826,2025-08-24,Sudeste,46,Básico,Mensal,Boleto,10,81.48,6,2,7,20.9,14,Sim,0,
CUST-04827,2025-08-13,Sudeste,42,Padrão,Mensal,Boleto,10,69.8,4,0,8,14.7,13,Não,0,
CUST-04828,2025-07-11,Sudeste,43,Básico,Mensal,Pix,11,64.91,1,0,8,42.9,33,Não,0,
CUST-04829,2025-07-12,Nordeste,37,Padrão,Bienal,Boleto,11,99.53,0,1,4,22.0,1,Sim,0,
CUST-04830,2022-06-10,Centro-Oeste,31,Premium,Anual,Pix,49,155.28,2,1,4,46.6,5,Não,0,
CUST-04831,2022-01-19,Sul,35,Padrão,Mensal,Cartão,54,98.89,2,0,9,42.9,0,Sim,0,
CUST-04832,2025-10-22,Sudeste,19,Básico,Mensal,Cartão,8,49.72,2,0,8,56.7,3,Sim,1,2026-05-18
CUST-04833,2024-10-03,Nordeste,49,Padrão,Mensal,Pix,21,108.14,3,1,10,24.1,10,Sim,0,
CUST-04834,2022-06-12,Nordeste,24,Padrão,Anual,Cartão,49,80.61,1,0,10,26.9,6,Sim,0,
CUST-04835,2023-06-17,Sudeste,36,Básico,Anual,Cartão,36,63.59,1,1,6,22.1,5,Não,0,
CUST-04836,2024-11-03,Nordeste,47,Padrão,Mensal,Pix,20,89.51,1,1,6,12.0,20,Não,0,
CUST-04837,2025-04-03,Sudeste,49,Padrão,Mensal,Débito automático,15,93.02,1,0,4,32.6,1,Não,0,
CUST-04838,2025-10-27,Sudeste,18,Padrão,Bienal,Cartão,8,93.4,0,0,8,62.6,4,Não,0,
CUST-04839,2021-02-15,Sudeste,38,Padrão,Anual,Cartão,65,96.69,2,0,3,31.9,6,Sim,0,
CUST-04840,2023-12-16,Sudeste,45,Padrão,Anual,Boleto,30,106.03,1,0,5,22.2,1,Sim,0,
CUST-04841,2024-04-27,Centro-Oeste,40,Padrão,Mensal,Pix,26,98.5,1,1,8,6.4,8,Não,1,2026-03-18
CUST-04842,2025-05-21,Sudeste,55,Básico,Bienal,Boleto,13,72.06,0,0,6,23.6,3,Sim,0,
CUST-04843,2024-08-05,Sudeste,29,Padrão,Anual,Pix,23,113.63,1,3,7,27.0,6,Sim,0,
CUST-04844,2022-05-25,Sudeste,18,Básico,Bienal,Pix,49,63.32,2,0,7,42.6,4,Sim,0,
CUST-04845,2025-10-09,Sudeste,49,Básico,Mensal,Cartão,8,68.56,0,2,5,50.2,9,Sim,1,2026-05-24
CUST-04846,2025-06-18,Sudeste,33,Básico,Mensal,Pix,12,87.35,2,2,3,13.6,4,Não,1,2026-05-06
CUST-04847,2025-09-27,Sudeste,18,Premium,Mensal,Boleto,9,139.21,0,1,9,25.7,1,Não,0,
CUST-04848,2021-10-14,Nordeste,37,Básico,Anual,Cartão,57,74.07,0,0,7,37.4,3,Sim,0,
CUST-04849,2025-11-15,Sudeste,54,Básico,Anual,Cartão,7,80.63,1,0,8,51.6,13,Não,0,
CUST-04850,2024-01-13,Nordeste,24,Básico,Mensal,Pix,29,65.07,1,0,7,25.1,4,Sim,0,
CUST-04851,2025-09-16,Sudeste,67,Básico,Bienal,Boleto,9,85.66,4,0,7,54.3,10,Não,0,
CUST-04852,2024-04-09,Nordeste,29,Premium,Bienal,Pix,27,183.83,1,2,7,38.7,12,Sim,1,2026-06-06
CUST-04853,2025-10-01,Nordeste,40,Padrão,Mensal,Boleto,9,94.28,3,0,7,33.8,25,Não,1,2026-05-22
CUST-04854,2025-02-08,Sudeste,24,Padrão,Anual,Boleto,16,95.35,4,1,6,24.7,4,Não,0,
CUST-04855,2021-04-06,Sudeste,39,Padrão,Anual,Cartão,63,106.43,0,0,5,40.0,6,Sim,0,
CUST-04856,2023-10-02,Norte,37,Básico,Mensal,Débito automático,33,50.26,1,0,10,8.6,3,Sim,0,
CUST-04857,2024-04-13,Sul,21,Padrão,Anual,Boleto,26,136.96,2,1,9,11.5,17,Não,1,2026-01-22
CUST-04858,2023-11-20,Nordeste,73,Premium,Mensal,Cartão,31,170.04,1,0,10,31.7,3,Não,0,
CUST-04859,2021-01-14,Sudeste,33,Padrão,Bienal,Pix,66,99.65,4,1,10,47.2,25,Sim,0,
CUST-04860,2024-03-18,Sudeste,33,Padrão,Anual,Cartão,27,79.26,0,2,7,36.3,11,Sim,0,
CUST-04861,2022-08-20,Sul,51,Padrão,Bienal,Débito automático,47,102.53,1,0,7,34.6,11,Sim,0,
CUST-04862,2022-07-12,Centro-Oeste,61,Premium,Anual,Pix,48,142.4,1,0,7,24.4,6,Não,0,
CUST-04863,2022-10-27,Sudeste,53,Básico,Mensal,Pix,44,69.64,1,0,6,37.4,4,Não,0,
CUST-04864,2020-07-29,Nordeste,25,Padrão,Mensal,Débito automático,72,63.97,3,1,9,49.0,1,Não,0,
CUST-04865,2023-06-14,Nordeste,42,Básico,Anual,Pix,37,78.37,2,1,5,34.7,15,Não,1,2026-02-13
CUST-04866,2022-09-26,Sudeste,18,Padrão,Mensal,Cartão,45,93.06,2,1,5,46.9,4,Sim,0,
CUST-04867,2025-01-16,Sudeste,50,Premium,Anual,Boleto,17,135.32,3,1,4,6.4,8,Sim,0,
CUST-04868,2024-05-19,Sudeste,19,Padrão,Mensal,Boleto,25,98.77,3,1,6,10.4,3,Sim,0,
CUST-04869,2024-06-12,Sul,29,Básico,Mensal,Cartão,24,59.24,1,2,6,35.1,4,Sim,0,
CUST-04870,2025-06-28,Nordeste,39,Padrão,Mensal,Pix,12,98.1,1,0,6,42.3,6,Sim,0,
CUST-04871,2025-06-05,Sul,44,Premium,Anual,Boleto,13,178.32,0,0,7,55.6,12,Sim,0,
CUST-04872,2024-07-15,Sudeste,36,Padrão,Mensal,Pix,23,104.33,2,1,5,51.8,8,Sim,0,
CUST-04873,2024-02-26,Nordeste,57,Premium,Anual,Débito automático,28,170.15,1,2,9,81.4,26,Sim,0,
CUST-04874,2021-03-12,Sul,48,Premium,Mensal,Pix,64,155.52,2,0,5,65.8,7,Não,1,2026-04-24
CUST-04875,2025-06-11,Sul,47,Premium,Anual,Boleto,12,164.98,3,0,5,24.8,7,Sim,1,2026-05-03
CUST-04876,2025-06-13,Sul,24,Básico,Anual,Boleto,12,40.68,3,0,6,34.6,7,Sim,0,
CUST-04877,2025-10-13,Sudeste,59,Padrão,Anual,Cartão,8,102.61,0,0,7,16.6,6,Sim,0,
CUST-04878,2023-03-04,Nordeste,29,Premium,Mensal,Cartão,40,148.39,2,0,9,16.9,24,Sim,0,
CUST-04879,2020-07-19,Sudeste,60,Premium,Mensal,Débito automático,72,177.47,3,0,7,20.4,0,Não,0,
CUST-04880,2024-08-07,Sudeste,63,Básico,Mensal,Boleto,23,60.06,2,0,4,23.7,16,Sim,1,2026-03-08
CUST-04881,2024-01-15,Sudeste,45,Básico,Anual,Pix,29,68.28,1,0,8,15.4,4,Não,0,
CUST-04882,2024-08-07,Sul,51,Básico,Mensal,Cartão,23,62.67,4,0,8,38.6,1,Não,0,
CUST-04883,2023-04-22,Sul,18,Padrão,Anual,Cartão,38,124.29,1,0,6,23.4,14,Não,0,
CUST-04884,2025-08-14,Sudeste,37,Premium,Anual,Cartão,10,137.15,5,1,7,43.2,6,Sim,0,
CUST-04885,2023-10-04,Centro-Oeste,52,Padrão,Mensal,Pix,33,97.41,2,0,10,28.7,4,Sim,0,
CUST-04886,2024-07-11,Centro-Oeste,50,Básico,Anual,Pix,23,45.56,3,1,5,20.2,8,Sim,1,2026-05-06
CUST-04887,2023-02-03,Sudeste,24,Básico,Anual,Cartão,41,39.0,3,1,9,39.3,5,Sim,0,
CUST-04888,2023-02-23,Nordeste,35,Premium,Mensal,Boleto,40,144.65,2,0,10,100.6,10,Sim,0,
CUST-04889,2023-12-31,Sudeste,18,Básico,Anual,Débito automático,30,75.41,2,0,7,26.3,6,Não,0,
CUST-04890,2024-10-25,Norte,44,Básico,Bienal,Débito automático,20,58.58,2,1,5,51.2,5,Sim,0,
CUST-04891,2025-05-09,Sudeste,18,Básico,Mensal,Boleto,13,55.92,4,0,10,12.2,8,Sim,0,
CUST-04892,2023-02-20,Sudeste,53,Padrão,Mensal,Pix,40,109.83,2,1,9,30.2,2,Não,1,2026-03-22
CUST-04893,2024-05-28,Sul,53,Padrão,Anual,Pix,25,100.62,2,1,8,32.9,11,Sim,0,
CUST-04894,2024-05-27,Sudeste,33,Básico,Mensal,Pix,25,67.59,0,0,7,56.9,7,Sim,0,
CUST-04895,2025-01-05,Nordeste,45,Básico,Anual,Cartão,18,63.52,1,1,10,54.3,20,Sim,0,
CUST-04896,2021-09-07,Sul,36,Premium,Anual,Débito automático,58,166.6,0,2,5,25.8,11,Não,0,
CUST-04897,2021-06-27,Sudeste,42,Padrão,Anual,Boleto,60,92.7,1,0,9,55.8,11,Sim,0,
CUST-04898,2024-11-27,Sul,25,Padrão,Mensal,Boleto,19,113.66,0,0,6,20.9,12,Não,0,
CUST-04899,2025-04-26,Centro-Oeste,46,Básico,Mensal,Cartão,14,42.03,1,1,4,33.3,19,Não,0,
CUST-04900,2024-10-18,Nordeste,19,Básico,Anual,Cartão,20,57.8,3,1,5,76.4,7,Sim,0,
CUST-04901,2025-03-23,Sul,18,Padrão,Mensal,Débito automático,15,114.36,5,1,8,22.9,1,Sim,1,2026-06-15
CUST-04902,2023-10-27,Sudeste,38,Padrão,Mensal,Cartão,32,96.84,2,1,8,49.8,10,Não,1,2026-06-23
CUST-04903,2024-06-01,Sudeste,36,Padrão,Mensal,Cartão,25,92.97,3,0,8,22.7,7,Sim,0,
CUST-04904,2023-04-19,Centro-Oeste,42,Premium,Mensal,Boleto,38,191.04,2,0,6,47.7,4,Não,0,
CUST-04905,2024-11-26,Nordeste,31,Padrão,Mensal,Boleto,19,118.86,1,1,8,36.9,2,Não,0,
CUST-04906,2020-07-20,Sul,62,Premium,Mensal,Cartão,72,160.98,1,2,8,29.2,2,Não,0,
CUST-04907,2025-10-04,Centro-Oeste,41,Básico,Anual,Cartão,8,45.41,3,0,10,15.6,9,Sim,0,
CUST-04908,2024-06-26,Sudeste,42,Básico,Anual,Boleto,24,39.0,3,0,6,26.6,5,Não,0,
CUST-04909,2020-07-09,Nordeste,41,Premium,Bienal,Débito automático,72,168.92,3,0,9,43.5,7,Sim,0,
CUST-04910,2023-04-12,Sudeste,51,Premium,Anual,Pix,39,176.72,0,0,8,98.1,2,Não,0,
CUST-04911,2024-08-31,Sudeste,46,Padrão,Mensal,Boleto,22,104.54,2,0,7,42.9,18,Não,1,2026-03-12
CUST-04912,2023-11-20,Sul,44,Padrão,Mensal,Cartão,31,75.05,2,1,4,57.6,2,Não,1,2026-01-07
CUST-04913,2025-08-26,Sudeste,48,Padrão,Anual,Boleto,10,101.24,2,1,10,29.0,9,Não,0,
CUST-04914,2024-05-12,Norte,18,Padrão,Mensal,Pix,25,92.18,1,1,8,30.2,9,Não,1,2026-02-28
CUST-04915,2025-10-01,Sudeste,18,Básico,Mensal,Débito automático,9,61.26,1,0,6,31.1,9,Sim,0,
CUST-04916,2025-12-03,Nordeste,38,Padrão,Mensal,Boleto,6,126.21,2,0,5,83.7,1,Sim,0,
CUST-04917,2021-11-03,Nordeste,37,Padrão,Anual,Cartão,56,110.05,1,2,8,28.0,17,Sim,0,
CUST-04918,2025-02-21,Nordeste,46,Padrão,Mensal,Cartão,16,107.07,3,0,5,19.2,6,Sim,1,2026-01-22
CUST-04919,2025-09-29,Centro-Oeste,39,Premium,Mensal,Boleto,9,158.37,2,1,6,14.4,3,Sim,0,
CUST-04920,2024-10-23,Sudeste,46,Padrão,Mensal,Cartão,20,104.8,2,0,6,23.0,14,Sim,1,2026-02-12
CUST-04921,2023-06-05,Sudeste,24,Básico,Anual,Boleto,37,48.88,1,1,7,13.9,8,Sim,0,
CUST-04922,2025-09-25,Sudeste,39,Básico,Mensal,Pix,9,66.77,3,0,8,41.1,7,Não,0,
CUST-04923,2025-01-19,Sudeste,23,Premium,Anual,Cartão,17,156.29,1,1,6,33.6,13,Sim,0,
CUST-04924,2023-02-17,Centro-Oeste,44,Básico,Mensal,Boleto,40,47.49,0,0,7,44.6,0,Não,0,
CUST-04925,2024-04-21,Sul,18,Premium,Mensal,Pix,26,170.41,1,0,7,55.4,2,Não,0,
CUST-04926,2021-10-21,Sudeste,43,Básico,Mensal,Débito automático,57,39.0,2,1,6,21.8,17,Não,1,2026-06-13
CUST-04927,2023-01-18,Sudeste,21,Padrão,Mensal,Cartão,41,91.38,2,2,6,37.1,3,Não,0,
CUST-04928,2023-07-23,Sul,34,Padrão,Mensal,Cartão,35,107.59,2,0,6,33.3,9,Sim,0,
CUST-04929,2023-02-23,Nordeste,50,Padrão,Anual,Cartão,40,116.14,0,2,8,23.3,10,Não,0,
CUST-04930,2025-10-17,Sudeste,42,Premium,Mensal,Cartão,8,165.6,0,0,10,22.9,8,Sim,0,
CUST-04931,2024-07-09,Nordeste,19,Básico,Bienal,Boleto,24,49.59,3,0,4,54.9,10,Não,0,
CUST-04932,2020-07-12,Nordeste,31,Padrão,Mensal,Pix,72,98.29,2,0,8,35.5,4,Não,0,
CUST-04933,2024-12-19,Nordeste,21,Padrão,Mensal,Cartão,18,103.08,1,0,7,16.5,7,Não,0,
CUST-04934,2024-06-22,Sudeste,19,Premium,Anual,Débito automático,24,180.85,1,0,7,46.5,5,Não,0,
CUST-04935,2025-02-24,Nordeste,40,Básico,Anual,Cartão,16,71.89,1,0,6,24.8,5,Sim,0,
CUST-04936,2025-02-22,Sudeste,46,Básico,Mensal,Pix,16,71.99,1,1,9,35.9,3,Sim,1,2026-04-08
CUST-04937,2022-12-02,Sudeste,44,Padrão,Mensal,Débito automático,43,99.92,2,0,2,9.1,8,Sim,1,2026-04-08
CUST-04938,2020-07-16,Nordeste,46,Premium,Anual,Boleto,72,144.01,1,0,5,24.8,14,Não,0,
CUST-04939,2021-05-03,Nordeste,39,Premium,Mensal,Cartão,62,139.32,1,1,9,40.9,2,Sim,0,
CUST-04940,2026-01-11,Sudeste,36,Premium,Anual,Débito automático,5,154.78,1,1,10,19.4,8,Não,0,
CUST-04941,2024-07-25,Centro-Oeste,26,Padrão,Anual,Pix,23,108.79,5,0,10,14.4,5,Não,0,
CUST-04942,2024-11-09,Sudeste,34,Padrão,Mensal,Cartão,19,91.97,3,2,8,24.6,10,Sim,0,
CUST-04943,2025-08-29,Sul,23,Premium,Anual,Cartão,10,167.01,1,2,8,39.7,2,Sim,0,
CUST-04944,2022-10-07,Norte,29,Premium,Mensal,Débito automático,45,147.87,1,1,3,52.8,0,Sim,1,2026-05-05
CUST-04945,2024-10-30,Sul,40,Padrão,Bienal,Cartão,20,90.03,0,0,7,50.2,10,Não,0,
CUST-04946,2025-07-22,Nordeste,38,Padrão,Bienal,Boleto,11,118.71,0,0,8,47.2,4,Não,0,
CUST-04947,2023-12-08,Sul,75,Premium,Anual,Cartão,31,169.74,2,0,6,63.9,2,Sim,0,
CUST-04948,2025-09-28,Nordeste,23,Básico,Bienal,Cartão,9,54.71,2,1,7,54.1,2,Não,0,
CUST-04949,2022-04-04,Nordeste,37,Básico,Anual,Débito automático,51,47.37,2,3,10,41.9,7,Sim,0,
CUST-04950,2022-01-02,Nordeste,22,Premium,Mensal,Débito automático,54,172.28,3,3,10,36.4,6,Sim,0,
CUST-04951,2023-04-03,Sudeste,34,Padrão,Mensal,Cartão,39,111.27,1,0,8,33.7,3,Não,0,
CUST-04952,2023-08-18,Nordeste,35,Básico,Mensal,Cartão,34,67.95,3,0,7,27.0,5,Não,0,
CUST-04953,2024-07-26,Sudeste,49,Padrão,Mensal,Boleto,23,96.51,2,0,9,31.3,11,Sim,0,
CUST-04954,2023-12-28,Norte,34,Padrão,Anual,Pix,30,83.68,1,0,6,22.5,10,Sim,0,
CUST-04955,2024-09-02,Sudeste,37,Premium,Mensal,Pix,22,158.79,2,1,9,46.3,1,Sim,1,2026-01-16
CUST-04956,2025-10-26,Sudeste,34,Padrão,Anual,Cartão,8,118.71,2,2,6,17.6,10,Sim,0,
CUST-04957,2023-05-02,Centro-Oeste,22,Básico,Mensal,Débito automático,38,46.27,0,3,9,47.7,2,Sim,0,
CUST-04958,2021-08-12,Sudeste,31,Padrão,Mensal,Cartão,59,99.66,0,1,7,94.5,17,Não,0,
CUST-04959,2025-02-27,Sudeste,34,Básico,Mensal,Cartão,16,81.9,0,0,6,15.0,7,Sim,0,
CUST-04960,2023-01-03,Nordeste,40,Premium,Bienal,Cartão,42,154.74,0,0,8,46.1,4,Sim,0,
CUST-04961,2024-07-03,Sudeste,46,Básico,Mensal,Cartão,24,57.22,1,0,6,26.0,16,Sim,0,
CUST-04962,2025-01-29,Sudeste,36,Padrão,Mensal,Pix,17,80.09,1,1,9,54.7,17,Não,0,
CUST-04963,2026-02-20,Sul,36,Padrão,Mensal,Pix,4,107.72,1,0,5,38.3,12,Não,1,2026-04-10
CUST-04964,2023-04-01,Sudeste,18,Padrão,Bienal,Pix,39,88.63,3,2,8,16.7,4,Sim,0,
CUST-04965,2023-08-27,Sudeste,45,Padrão,Mensal,Pix,34,77.24,3,1,6,34.0,3,Sim,0,
CUST-04966,2025-07-17,Sudeste,31,Padrão,Anual,Cartão,11,85.65,1,1,10,38.4,30,Não,1,2026-03-19
CUST-04967,2024-10-22,Sudeste,48,Padrão,Mensal,Débito automático,20,101.92,0,2,9,28.5,8,Sim,0,
CUST-04968,2024-07-03,Sudeste,55,Básico,Mensal,Pix,24,39.0,0,1,7,35.7,3,Não,0,
CUST-04969,2023-11-28,Sudeste,37,Básico,Anual,Cartão,31,39.6,1,0,7,27.7,6,Não,0,
CUST-04970,2022-07-08,Nordeste,27,Padrão,Anual,Cartão,48,106.83,0,1,10,28.3,5,Não,0,
CUST-04971,2024-08-13,Nordeste,39,Básico,Anual,Pix,22,57.99,0,1,9,9.9,5,Não,1,2026-02-16
CUST-04972,2025-11-13,Sudeste,43,Padrão,Mensal,Boleto,7,86.2,5,3,6,13.5,1,Sim,0,
CUST-04973,2024-05-28,Sudeste,35,Básico,Bienal,Boleto,25,54.5,2,0,9,14.3,4,Sim,0,
CUST-04974,2024-12-10,Centro-Oeste,32,Premium,Mensal,Boleto,18,183.33,1,0,6,22.0,9,Sim,0,
CUST-04975,2025-04-15,Sul,46,Básico,Bienal,Cartão,14,76.94,2,1,7,13.7,1,Não,1,2026-06-05
CUST-04976,2022-12-16,Sudeste,45,Padrão,Mensal,Débito automático,43,97.5,4,0,3,17.1,4,Sim,1,2026-02-07
CUST-04977,2025-06-05,Sul,35,Básico,Mensal,Cartão,13,70.43,0,0,9,36.2,19,Sim,1,2026-05-02
CUST-04978,2025-09-07,Sudeste,19,Padrão,Mensal,Cartão,9,100.69,2,1,6,44.4,9,Sim,0,
CUST-04979,2025-01-21,Nordeste,44,Básico,Anual,Pix,17,39.0,2,1,7,28.7,6,Não,0,
CUST-04980,2024-07-06,Centro-Oeste,30,Padrão,Anual,Cartão,24,71.66,0,2,4,35.6,3,Sim,0,
CUST-04981,2024-05-08,Centro-Oeste,42,Básico,Mensal,Pix,26,46.27,3,1,7,36.9,4,Sim,0,
CUST-04982,2022-03-09,Sudeste,41,Padrão,Mensal,Cartão,52,76.94,3,0,7,76.9,8,Sim,0,
CUST-04983,2025-03-26,Sudeste,18,Padrão,Mensal,Boleto,15,102.8,1,0,4,13.4,2,Sim,1,2026-03-31
CUST-04984,2023-03-22,Sudeste,40,Premium,Mensal,Boleto,39,151.3,8,0,7,30.2,17,Sim,0,
CUST-04985,2025-01-20,Sudeste,45,Padrão,Anual,Pix,17,104.95,1,2,7,14.0,11,Sim,0,
CUST-04986,2026-01-04,Sudeste,47,Padrão,Mensal,Pix,5,105.17,2,1,10,36.0,7,Sim,0,
CUST-04987,2022-06-16,Nordeste,40,Premium,Mensal,Cartão,49,168.66,0,0,6,17.5,12,Sim,0,
CUST-04988,2025-11-09,Sudeste,18,Básico,Mensal,Boleto,7,45.97,2,0,8,25.1,23,Sim,0,
CUST-04989,2024-02-09,Centro-Oeste,54,Padrão,Mensal,Pix,29,106.22,0,0,4,13.3,1,Não,0,
CUST-04990,2025-10-31,Sudeste,44,Padrão,Bienal,Pix,8,85.62,5,0,7,27.9,4,Não,0,
CUST-04991,2023-10-10,Sudeste,25,Padrão,Mensal,Cartão,33,108.96,2,0,8,28.9,3,Não,0,
CUST-04992,2025-08-25,Centro-Oeste,30,Básico,Bienal,Cartão,10,76.12,2,0,8,28.5,1,Não,0,
CUST-04993,2025-12-21,Nordeste,42,Padrão,Anual,Pix,6,109.12,1,0,7,46.6,1,Sim,0,
CUST-04994,2024-10-03,Sudeste,47,Padrão,Mensal,Boleto,21,96.52,0,0,10,34.2,11,Não,1,2026-01-10
CUST-04995,2026-03-31,Sul,33,Padrão,Mensal,Débito automático,3,106.93,0,0,6,22.1,7,Não,1,2026-04-01
CUST-04996,2024-08-24,Sudeste,49,Básico,Anual,Débito automático,22,39.0,3,0,8,31.6,22,Sim,0,
CUST-04997,2023-04-15,Sudeste,18,Padrão,Anual,Pix,39,74.38,2,0,6,23.3,7,Sim,0,
CUST-04998,2020-07-20,Sul,26,Premium,Mensal,Pix,72,165.54,3,0,5,17.1,10,Não,0,
CUST-04999,2024-04-02,Sudeste,18,Básico,Bienal,Boleto,27,77.31,6,1,5,22.6,27,Não,1,2026-03-27
CUST-05000,2024-07-13,Nordeste,28,Básico,Mensal,Cartão,23,41.76,4,0,5,19.4,13,Sim,0,
